product_id,unit_price,count,ttc,date
4,59.99,1,59.99,2025-01-01
2,899.0,1,899.0,2025-01-01
4,59.99,1,59.99,2025-01-01
4,59.99,1,59.99,2025-01-01
6,18.75,1,18.75,2025-01-01
4,59.99,1,59.99,2025-01-01
1,19.99,4,79.96,2025-01-01
13,74.99,1,74.99,2025-01-01
7,49.99,1,49.99,2025-01-01
13,74.99,4,299.96,2025-01-01
12,22.5,1,22.5,2025-01-01
4,59.99,4,239.96,2025-01-01
15,29.99,1,29.99,2025-01-01
4,59.99,1,59.99,2025-01-01
11,39.99,7,279.93,2025-01-01
15,29.99,4,119.96,2025-01-01
3,12.5,4,50.0,2025-01-01
12,22.5,1,22.5,2025-01-01
13,74.99,1,74.99,2025-01-01
9,24.99,1,24.99,2025-01-01
3,12.5,3,37.5,2025-01-01
4,59.99,4,239.96,2025-01-01
10,89.99,3,269.97,2025-01-01
9,24.99,1,24.99,2025-01-01
12,22.5,4,90.0,2025-01-01
9,24.99,1,24.99,2025-01-02
8,129.99,3,389.97,2025-01-02
15,29.99,1,29.99,2025-01-02
12,22.5,3,67.5,2025-01-02
3,12.5,1,12.5,2025-01-02
9,24.99,1,24.99,2025-01-02
14,79.99,1,79.99,2025-01-02
3,12.5,1,12.5,2025-01-02
1,19.99,3,59.97,2025-01-02
3,12.5,3,37.5,2025-01-02
5,69.99,1,69.99,2025-01-02
5,69.99,3,209.97,2025-01-02
4,59.99,4,239.96,2025-01-02
11,39.99,3,119.97,2025-01-02
3,12.5,1,12.5,2025-01-03
15,29.99,1,29.99,2025-01-03
14,79.99,1,79.99,2025-01-03
14,79.99,1,79.99,2025-01-03
11,39.99,1,39.99,2025-01-03
6,18.75,1,18.75,2025-01-03
6,18.75,3,56.25,2025-01-03
12,22.5,4,90.0,2025-01-03
8,129.99,6,779.94,2025-01-03
11,39.99,1,39.99,2025-01-03
10,89.99,3,269.97,2025-01-03
5,69.99,1,69.99,2025-01-03
14,79.99,1,79.99,2025-01-03
4,59.99,1,59.99,2025-01-03
1,19.99,1,19.99,2025-01-03
12,22.5,3,67.5,2025-01-03
9,24.99,1,24.99,2025-01-03
4,59.99,1,59.99,2025-01-03
6,18.75,1,18.75,2025-01-03
15,29.99,1,29.99,2025-01-03
10,89.99,1,89.99,2025-01-03
1,19.99,1,19.99,2025-01-03
3,12.5,1,12.5,2025-01-03
5,69.99,1,69.99,2025-01-03
14,79.99,1,79.99,2025-01-03
5,69.99,1,69.99,2025-01-03
4,59.99,1,59.99,2025-01-03
5,69.99,1,69.99,2025-01-03
12,22.5,1,22.5,2025-01-03
1,19.99,3,59.97,2025-01-03
6,18.75,3,56.25,2025-01-03
2,899.0,1,899.0,2025-01-03
5,69.99,4,279.96,2025-01-03
15,29.99,1,29.99,2025-01-04
12,22.5,1,22.5,2025-01-04
8,129.99,1,129.99,2025-01-04
10,89.99,3,269.97,2025-01-04
4,59.99,1,59.99,2025-01-04
1,19.99,1,19.99,2025-01-04
2,899.0,1,899.0,2025-01-04
6,18.75,3,56.25,2025-01-04
6,18.75,1,18.75,2025-01-04
8,129.99,1,129.99,2025-01-04
9,24.99,1,24.99,2025-01-04
2,899.0,1,899.0,2025-01-04
10,89.99,3,269.97,2025-01-04
8,129.99,3,389.97,2025-01-04
4,59.99,1,59.99,2025-01-04
9,24.99,1,24.99,2025-01-04
4,59.99,1,59.99,2025-01-04
9,24.99,1,24.99,2025-01-04
14,79.99,1,79.99,2025-01-04
4,59.99,1,59.99,2025-01-04
15,29.99,1,29.99,2025-01-04
2,899.0,6,5394.0,2025-01-04
8,129.99,1,129.99,2025-01-04
10,89.99,3,269.97,2025-01-04
1,19.99,3,59.97,2025-01-04
7,49.99,1,49.99,2025-01-04
5,69.99,1,69.99,2025-01-04
8,129.99,1,129.99,2025-01-04
6,18.75,1,18.75,2025-01-04
5,69.99,1,69.99,2025-01-04
5,69.99,1,69.99,2025-01-04
14,79.99,3,239.97,2025-01-04
13,74.99,1,74.99,2025-01-04
2,899.0,1,899.0,2025-01-04
9,24.99,3,74.97,2025-01-04
9,24.99,3,74.97,2025-01-04
5,69.99,1,69.99,2025-01-04
14,79.99,1,79.99,2025-01-04
11,39.99,1,39.99,2025-01-04
5,69.99,3,209.97,2025-01-04
3,12.5,1,12.5,2025-01-04
14,79.99,1,79.99,2025-01-04
9,24.99,1,24.99,2025-01-04
5,69.99,1,69.99,2025-01-04
11,39.99,1,39.99,2025-01-04
13,74.99,1,74.99,2025-01-04
4,59.99,1,59.99,2025-01-04
10,89.99,3,269.97,2025-01-04
11,39.99,1,39.99,2025-01-04
15,29.99,1,29.99,2025-01-04
12,22.5,1,22.5,2025-01-04
3,12.5,1,12.5,2025-01-04
1,19.99,1,19.99,2025-01-04
9,24.99,3,74.97,2025-01-04
6,18.75,1,18.75,2025-01-04
4,59.99,1,59.99,2025-01-05
14,79.99,1,79.99,2025-01-05
2,899.0,4,3596.0,2025-01-05
1,19.99,1,19.99,2025-01-05
9,24.99,1,24.99,2025-01-05
14,79.99,1,79.99,2025-01-05
9,24.99,1,24.99,2025-01-05
7,49.99,7,349.93,2025-01-05
7,49.99,3,149.97,2025-01-05
9,24.99,1,24.99,2025-01-05
3,12.5,4,50.0,2025-01-05
8,129.99,1,129.99,2025-01-05
5,69.99,1,69.99,2025-01-05
13,74.99,3,224.97,2025-01-05
3,12.5,1,12.5,2025-01-05
8,129.99,1,129.99,2025-01-05
5,69.99,6,419.94,2025-01-05
8,129.99,1,129.99,2025-01-05
2,899.0,1,899.0,2025-01-05
13,74.99,1,74.99,2025-01-05
3,12.5,3,37.5,2025-01-05
6,18.75,1,18.75,2025-01-05
9,24.99,1,24.99,2025-01-05
12,22.5,1,22.5,2025-01-05
1,19.99,3,59.97,2025-01-05
15,29.99,3,89.97,2025-01-05
12,22.5,3,67.5,2025-01-05
3,12.5,1,12.5,2025-01-05
5,69.99,1,69.99,2025-01-05
6,18.75,4,75.0,2025-01-05
12,22.5,1,22.5,2025-01-05
4,59.99,1,59.99,2025-01-05
13,74.99,1,74.99,2025-01-05
12,22.5,1,22.5,2025-01-05
12,22.5,1,22.5,2025-01-05
12,22.5,1,22.5,2025-01-05
14,79.99,3,239.97,2025-01-05
9,24.99,1,24.99,2025-01-05
5,69.99,1,69.99,2025-01-05
14,79.99,7,559.93,2025-01-05
1,19.99,3,59.97,2025-01-05
10,89.99,1,89.99,2025-01-05
4,59.99,1,59.99,2025-01-06
3,12.5,1,12.5,2025-01-06
13,74.99,3,224.97,2025-01-06
11,39.99,1,39.99,2025-01-06
13,74.99,1,74.99,2025-01-06
14,79.99,1,79.99,2025-01-06
4,59.99,1,59.99,2025-01-06
11,39.99,1,39.99,2025-01-06
8,129.99,3,389.97,2025-01-06
11,39.99,1,39.99,2025-01-06
7,49.99,1,49.99,2025-01-06
4,59.99,1,59.99,2025-01-06
6,18.75,1,18.75,2025-01-07
8,129.99,3,389.97,2025-01-07
7,49.99,1,49.99,2025-01-07
10,89.99,3,269.97,2025-01-07
4,59.99,1,59.99,2025-01-07
9,24.99,3,74.97,2025-01-07
3,12.5,1,12.5,2025-01-07
10,89.99,1,89.99,2025-01-07
5,69.99,7,489.93,2025-01-07
10,89.99,4,359.96,2025-01-07
10,89.99,1,89.99,2025-01-07
6,18.75,1,18.75,2025-01-07
11,39.99,6,239.94,2025-01-07
14,79.99,1,79.99,2025-01-07
9,24.99,3,74.97,2025-01-07
5,69.99,1,69.99,2025-01-07
1,19.99,3,59.97,2025-01-07
8,129.99,1,129.99,2025-01-08
13,74.99,1,74.99,2025-01-08
1,19.99,1,19.99,2025-01-08
12,22.5,1,22.5,2025-01-08
12,22.5,4,90.0,2025-01-08
5,69.99,1,69.99,2025-01-08
4,59.99,3,179.97,2025-01-08
10,89.99,1,89.99,2025-01-08
15,29.99,1,29.99,2025-01-08
3,12.5,1,12.5,2025-01-08
5,69.99,1,69.99,2025-01-08
7,49.99,1,49.99,2025-01-08
13,74.99,1,74.99,2025-01-08
1,19.99,1,19.99,2025-01-08
11,39.99,3,119.97,2025-01-08
8,129.99,1,129.99,2025-01-08
3,12.5,1,12.5,2025-01-08
5,69.99,3,209.97,2025-01-08
6,18.75,4,75.0,2025-01-08
12,22.5,3,67.5,2025-01-08
2,899.0,1,899.0,2025-01-08
2,899.0,1,899.0,2025-01-08
12,22.5,1,22.5,2025-01-08
15,29.99,1,29.99,2025-01-08
13,74.99,1,74.99,2025-01-08
2,899.0,4,3596.0,2025-01-08
5,69.99,1,69.99,2025-01-08
11,39.99,1,39.99,2025-01-08
2,899.0,1,899.0,2025-01-08
4,59.99,3,179.97,2025-01-08
7,49.99,3,149.97,2025-01-09
10,89.99,4,359.96,2025-01-09
6,18.75,1,18.75,2025-01-09
1,19.99,1,19.99,2025-01-09
3,12.5,1,12.5,2025-01-09
7,49.99,1,49.99,2025-01-09
8,129.99,3,389.97,2025-01-09
1,19.99,2,39.98,2025-01-09
12,22.5,4,90.0,2025-01-09
3,12.5,2,25.0,2025-01-09
14,79.99,1,79.99,2025-01-09
6,18.75,1,18.75,2025-01-09
1,19.99,1,19.99,2025-01-09
12,22.5,1,22.5,2025-01-09
4,59.99,1,59.99,2025-01-09
5,69.99,1,69.99,2025-01-10
15,29.99,4,119.96,2025-01-10
15,29.99,3,89.97,2025-01-10
15,29.99,1,29.99,2025-01-10
14,79.99,1,79.99,2025-01-10
10,89.99,1,89.99,2025-01-10
5,69.99,1,69.99,2025-01-10
6,18.75,1,18.75,2025-01-10
4,59.99,1,59.99,2025-01-10
3,12.5,3,37.5,2025-01-10
2,899.0,1,899.0,2025-01-10
7,49.99,4,199.96,2025-01-10
7,49.99,1,49.99,2025-01-10
7,49.99,1,49.99,2025-01-10
1,19.99,3,59.97,2025-01-10
12,22.5,1,22.5,2025-01-10
5,69.99,3,209.97,2025-01-10
7,49.99,1,49.99,2025-01-10
2,899.0,1,899.0,2025-01-10
9,24.99,1,24.99,2025-01-11
9,24.99,1,24.99,2025-01-11
7,49.99,1,49.99,2025-01-11
7,49.99,7,349.93,2025-01-11
14,79.99,6,479.94,2025-01-11
12,22.5,1,22.5,2025-01-11
4,59.99,1,59.99,2025-01-11
2,899.0,1,899.0,2025-01-11
7,49.99,1,49.99,2025-01-11
8,129.99,3,389.97,2025-01-11
1,19.99,3,59.97,2025-01-11
15,29.99,7,209.93,2025-01-11
3,12.5,1,12.5,2025-01-11
2,899.0,1,899.0,2025-01-11
9,24.99,1,24.99,2025-01-11
4,59.99,1,59.99,2025-01-11
14,79.99,4,319.96,2025-01-11
11,39.99,1,39.99,2025-01-11
8,129.99,1,129.99,2025-01-11
2,899.0,1,899.0,2025-01-11
2,899.0,3,2697.0,2025-01-11
15,29.99,1,29.99,2025-01-11
3,12.5,2,25.0,2025-01-11
4,59.99,3,179.97,2025-01-11
8,129.99,1,129.99,2025-01-11
10,89.99,1,89.99,2025-01-11
1,19.99,4,79.96,2025-01-11
15,29.99,1,29.99,2025-01-11
1,19.99,1,19.99,2025-01-11
11,39.99,3,119.97,2025-01-11
14,79.99,2,159.98,2025-01-11
5,69.99,1,69.99,2025-01-11
6,18.75,1,18.75,2025-01-11
3,12.5,1,12.5,2025-01-11
1,19.99,3,59.97,2025-01-11
10,89.99,1,89.99,2025-01-11
11,39.99,1,39.99,2025-01-11
5,69.99,7,489.93,2025-01-11
6,18.75,3,56.25,2025-01-11
2,899.0,3,2697.0,2025-01-11
5,69.99,1,69.99,2025-01-11
9,24.99,1,24.99,2025-01-11
7,49.99,2,99.98,2025-01-11
5,69.99,1,69.99,2025-01-11
11,39.99,1,39.99,2025-01-12
14,79.99,1,79.99,2025-01-12
14,79.99,1,79.99,2025-01-12
1,19.99,3,59.97,2025-01-12
3,12.5,1,12.5,2025-01-12
5,69.99,1,69.99,2025-01-12
13,74.99,1,74.99,2025-01-12
9,24.99,1,24.99,2025-01-12
4,59.99,1,59.99,2025-01-12
8,129.99,1,129.99,2025-01-12
10,89.99,1,89.99,2025-01-12
2,899.0,1,899.0,2025-01-12
8,129.99,4,519.96,2025-01-12
8,129.99,1,129.99,2025-01-12
12,22.5,1,22.5,2025-01-12
2,899.0,1,899.0,2025-01-12
15,29.99,2,59.98,2025-01-12
11,39.99,3,119.97,2025-01-12
5,69.99,1,69.99,2025-01-12
2,899.0,3,2697.0,2025-01-12
7,49.99,1,49.99,2025-01-12
1,19.99,3,59.97,2025-01-12
15,29.99,1,29.99,2025-01-12
14,79.99,1,79.99,2025-01-12
11,39.99,3,119.97,2025-01-12
11,39.99,3,119.97,2025-01-12
15,29.99,4,119.96,2025-01-12
14,79.99,1,79.99,2025-01-12
2,899.0,1,899.0,2025-01-12
6,18.75,1,18.75,2025-01-12
13,74.99,1,74.99,2025-01-12
5,69.99,1,69.99,2025-01-12
15,29.99,2,59.98,2025-01-12
1,19.99,1,19.99,2025-01-12
7,49.99,1,49.99,2025-01-12
13,74.99,1,74.99,2025-01-12
2,899.0,1,899.0,2025-01-12
15,29.99,3,89.97,2025-01-12
7,49.99,1,49.99,2025-01-12
14,79.99,1,79.99,2025-01-12
13,74.99,1,74.99,2025-01-12
3,12.5,1,12.5,2025-01-12
4,59.99,1,59.99,2025-01-12
9,24.99,1,24.99,2025-01-12
12,22.5,1,22.5,2025-01-12
8,129.99,3,389.97,2025-01-12
11,39.99,1,39.99,2025-01-12
4,59.99,1,59.99,2025-01-12
7,49.99,2,99.98,2025-01-13
8,129.99,1,129.99,2025-01-13
1,19.99,1,19.99,2025-01-13
6,18.75,1,18.75,2025-01-13
1,19.99,1,19.99,2025-01-13
14,79.99,1,79.99,2025-01-13
5,69.99,3,209.97,2025-01-13
3,12.5,1,12.5,2025-01-13
12,22.5,1,22.5,2025-01-13
7,49.99,1,49.99,2025-01-13
9,24.99,3,74.97,2025-01-13
3,12.5,4,50.0,2025-01-13
13,74.99,1,74.99,2025-01-13
2,899.0,3,2697.0,2025-01-14
6,18.75,3,56.25,2025-01-14
5,69.99,1,69.99,2025-01-14
13,74.99,1,74.99,2025-01-14
13,74.99,1,74.99,2025-01-14
8,129.99,7,909.93,2025-01-14
11,39.99,4,159.96,2025-01-14
10,89.99,3,269.97,2025-01-14
1,19.99,1,19.99,2025-01-14
6,18.75,1,18.75,2025-01-14
4,59.99,1,59.99,2025-01-14
2,899.0,1,899.0,2025-01-14
7,49.99,1,49.99,2025-01-14
11,39.99,1,39.99,2025-01-14
13,74.99,1,74.99,2025-01-14
3,12.5,1,12.5,2025-01-14
13,74.99,1,74.99,2025-01-14
11,39.99,1,39.99,2025-01-14
6,18.75,1,18.75,2025-01-14
7,49.99,1,49.99,2025-01-14
7,49.99,1,49.99,2025-01-14
7,49.99,4,199.96,2025-01-14
14,79.99,1,79.99,2025-01-14
3,12.5,1,12.5,2025-01-14
14,79.99,1,79.99,2025-01-14
11,39.99,4,159.96,2025-01-14
6,18.75,4,75.0,2025-01-14
3,12.5,1,12.5,2025-01-15
4,59.99,1,59.99,2025-01-15
2,899.0,1,899.0,2025-01-15
9,24.99,4,99.96,2025-01-15
5,69.99,1,69.99,2025-01-15
11,39.99,1,39.99,2025-01-15
7,49.99,1,49.99,2025-01-15
4,59.99,1,59.99,2025-01-15
6,18.75,1,18.75,2025-01-15
9,24.99,4,99.96,2025-01-15
13,74.99,4,299.96,2025-01-15
1,19.99,1,19.99,2025-01-15
1,19.99,3,59.97,2025-01-15
3,12.5,1,12.5,2025-01-15
8,129.99,1,129.99,2025-01-15
1,19.99,1,19.99,2025-01-15
7,49.99,3,149.97,2025-01-15
2,899.0,1,899.0,2025-01-15
13,74.99,1,74.99,2025-01-15
2,899.0,3,2697.0,2025-01-15
14,79.99,1,79.99,2025-01-15
6,18.75,1,18.75,2025-01-15
8,129.99,1,129.99,2025-01-15
13,74.99,1,74.99,2025-01-15
12,22.5,1,22.5,2025-01-16
4,59.99,1,59.99,2025-01-16
11,39.99,1,39.99,2025-01-16
9,24.99,1,24.99,2025-01-16
8,129.99,1,129.99,2025-01-16
8,129.99,1,129.99,2025-01-16
14,79.99,1,79.99,2025-01-16
15,29.99,1,29.99,2025-01-16
14,79.99,1,79.99,2025-01-16
3,12.5,2,25.0,2025-01-16
11,39.99,3,119.97,2025-01-16
1,19.99,1,19.99,2025-01-16
10,89.99,3,269.97,2025-01-16
13,74.99,1,74.99,2025-01-16
2,899.0,3,2697.0,2025-01-16
1,19.99,1,19.99,2025-01-16
5,69.99,3,209.97,2025-01-17
4,59.99,1,59.99,2025-01-17
8,129.99,1,129.99,2025-01-17
6,18.75,1,18.75,2025-01-17
2,899.0,1,899.0,2025-01-17
3,12.5,1,12.5,2025-01-17
15,29.99,4,119.96,2025-01-17
4,59.99,3,179.97,2025-01-17
2,899.0,3,2697.0,2025-01-17
12,22.5,1,22.5,2025-01-17
15,29.99,1,29.99,2025-01-17
14,79.99,1,79.99,2025-01-17
13,74.99,3,224.97,2025-01-17
15,29.99,3,89.97,2025-01-17
10,89.99,1,89.99,2025-01-17
11,39.99,1,39.99,2025-01-17
6,18.75,1,18.75,2025-01-18
2,899.0,2,1798.0,2025-01-18
2,899.0,1,899.0,2025-01-18
8,129.99,4,519.96,2025-01-18
5,69.99,1,69.99,2025-01-18
9,24.99,1,24.99,2025-01-18
10,89.99,7,629.93,2025-01-18
7,49.99,1,49.99,2025-01-18
3,12.5,1,12.5,2025-01-18
3,12.5,1,12.5,2025-01-18
1,19.99,1,19.99,2025-01-18
1,19.99,1,19.99,2025-01-18
6,18.75,1,18.75,2025-01-18
8,129.99,1,129.99,2025-01-18
7,49.99,1,49.99,2025-01-18
9,24.99,6,149.94,2025-01-18
7,49.99,1,49.99,2025-01-18
3,12.5,4,50.0,2025-01-18
10,89.99,4,359.96,2025-01-18
3,12.5,1,12.5,2025-01-18
7,49.99,2,99.98,2025-01-18
5,69.99,1,69.99,2025-01-18
9,24.99,1,24.99,2025-01-18
4,59.99,1,59.99,2025-01-18
12,22.5,3,67.5,2025-01-18
12,22.5,3,67.5,2025-01-18
1,19.99,1,19.99,2025-01-18
1,19.99,1,19.99,2025-01-18
8,129.99,1,129.99,2025-01-18
2,899.0,3,2697.0,2025-01-18
13,74.99,2,149.98,2025-01-18
10,89.99,4,359.96,2025-01-18
4,59.99,1,59.99,2025-01-18
9,24.99,1,24.99,2025-01-19
9,24.99,1,24.99,2025-01-19
9,24.99,1,24.99,2025-01-19
5,69.99,1,69.99,2025-01-19
14,79.99,1,79.99,2025-01-19
15,29.99,3,89.97,2025-01-19
14,79.99,6,479.94,2025-01-19
5,69.99,1,69.99,2025-01-19
4,59.99,1,59.99,2025-01-19
9,24.99,1,24.99,2025-01-19
5,69.99,1,69.99,2025-01-19
7,49.99,1,49.99,2025-01-19
11,39.99,1,39.99,2025-01-19
4,59.99,1,59.99,2025-01-19
5,69.99,1,69.99,2025-01-19
6,18.75,1,18.75,2025-01-19
5,69.99,3,209.97,2025-01-19
14,79.99,4,319.96,2025-01-19
1,19.99,1,19.99,2025-01-19
7,49.99,1,49.99,2025-01-19
12,22.5,1,22.5,2025-01-19
5,69.99,1,69.99,2025-01-19
12,22.5,1,22.5,2025-01-19
7,49.99,2,99.98,2025-01-19
10,89.99,1,89.99,2025-01-20
15,29.99,1,29.99,2025-01-20
4,59.99,1,59.99,2025-01-20
1,19.99,1,19.99,2025-01-20
2,899.0,1,899.0,2025-01-20
4,59.99,2,119.98,2025-01-20
3,12.5,1,12.5,2025-01-20
5,69.99,7,489.93,2025-01-20
4,59.99,3,179.97,2025-01-20
5,69.99,1,69.99,2025-01-20
11,39.99,4,159.96,2025-01-20
8,129.99,1,129.99,2025-01-20
7,49.99,1,49.99,2025-01-20
12,22.5,1,22.5,2025-01-20
8,129.99,1,129.99,2025-01-20
15,29.99,1,29.99,2025-01-20
13,74.99,1,74.99,2025-01-20
1,19.99,3,59.97,2025-01-20
2,899.0,1,899.0,2025-01-21
5,69.99,1,69.99,2025-01-21
7,49.99,1,49.99,2025-01-21
4,59.99,1,59.99,2025-01-21
12,22.5,1,22.5,2025-01-21
10,89.99,1,89.99,2025-01-21
12,22.5,1,22.5,2025-01-21
14,79.99,1,79.99,2025-01-21
2,899.0,3,2697.0,2025-01-21
9,24.99,7,174.93,2025-01-21
4,59.99,1,59.99,2025-01-21
4,59.99,1,59.99,2025-01-22
7,49.99,2,99.98,2025-01-22
6,18.75,1,18.75,2025-01-22
4,59.99,2,119.98,2025-01-22
9,24.99,4,99.96,2025-01-22
13,74.99,1,74.99,2025-01-22
7,49.99,1,49.99,2025-01-22
1,19.99,3,59.97,2025-01-22
5,69.99,3,209.97,2025-01-22
5,69.99,1,69.99,2025-01-22
9,24.99,1,24.99,2025-01-22
12,22.5,1,22.5,2025-01-22
2,899.0,4,3596.0,2025-01-22
15,29.99,1,29.99,2025-01-22
2,899.0,3,2697.0,2025-01-22
15,29.99,1,29.99,2025-01-22
2,899.0,1,899.0,2025-01-22
4,59.99,3,179.97,2025-01-22
10,89.99,3,269.97,2025-01-22
7,49.99,2,99.98,2025-01-22
6,18.75,1,18.75,2025-01-22
1,19.99,1,19.99,2025-01-23
10,89.99,1,89.99,2025-01-23
8,129.99,1,129.99,2025-01-23
8,129.99,1,129.99,2025-01-23
9,24.99,3,74.97,2025-01-23
5,69.99,2,139.98,2025-01-23
1,19.99,1,19.99,2025-01-23
11,39.99,3,119.97,2025-01-23
4,59.99,1,59.99,2025-01-23
1,19.99,1,19.99,2025-01-23
8,129.99,1,129.99,2025-01-23
11,39.99,1,39.99,2025-01-23
5,69.99,3,209.97,2025-01-23
5,69.99,1,69.99,2025-01-23
3,12.5,2,25.0,2025-01-23
4,59.99,1,59.99,2025-01-23
9,24.99,3,74.97,2025-01-23
12,22.5,1,22.5,2025-01-23
8,129.99,2,259.98,2025-01-23
8,129.99,1,129.99,2025-01-23
13,74.99,1,74.99,2025-01-23
13,74.99,1,74.99,2025-01-23
8,129.99,1,129.99,2025-01-23
3,12.5,1,12.5,2025-01-23
10,89.99,1,89.99,2025-01-23
15,29.99,2,59.98,2025-01-23
4,59.99,1,59.99,2025-01-23
7,49.99,1,49.99,2025-01-24
2,899.0,1,899.0,2025-01-24
10,89.99,1,89.99,2025-01-24
11,39.99,1,39.99,2025-01-24
8,129.99,1,129.99,2025-01-24
4,59.99,1,59.99,2025-01-24
6,18.75,4,75.0,2025-01-24
4,59.99,1,59.99,2025-01-24
4,59.99,1,59.99,2025-01-24
6,18.75,3,56.25,2025-01-24
13,74.99,2,149.98,2025-01-24
8,129.99,3,389.97,2025-01-24
3,12.5,1,12.5,2025-01-24
11,39.99,1,39.99,2025-01-24
6,18.75,1,18.75,2025-01-24
3,12.5,3,37.5,2025-01-24
1,19.99,1,19.99,2025-01-24
1,19.99,4,79.96,2025-01-24
5,69.99,1,69.99,2025-01-24
5,69.99,1,69.99,2025-01-24
2,899.0,1,899.0,2025-01-24
10,89.99,1,89.99,2025-01-24
12,22.5,1,22.5,2025-01-24
9,24.99,2,49.98,2025-01-24
2,899.0,1,899.0,2025-01-24
7,49.99,2,99.98,2025-01-24
5,69.99,4,279.96,2025-01-24
12,22.5,2,45.0,2025-01-24
9,24.99,1,24.99,2025-01-24
11,39.99,1,39.99,2025-01-24
14,79.99,1,79.99,2025-01-25
4,59.99,1,59.99,2025-01-25
5,69.99,1,69.99,2025-01-25
2,899.0,1,899.0,2025-01-25
12,22.5,1,22.5,2025-01-25
2,899.0,1,899.0,2025-01-25
4,59.99,2,119.98,2025-01-25
7,49.99,1,49.99,2025-01-25
6,18.75,2,37.5,2025-01-25
5,69.99,6,419.94,2025-01-25
9,24.99,3,74.97,2025-01-25
2,899.0,1,899.0,2025-01-25
7,49.99,3,149.97,2025-01-25
12,22.5,2,45.0,2025-01-25
9,24.99,3,74.97,2025-01-25
9,24.99,1,24.99,2025-01-25
14,79.99,1,79.99,2025-01-25
13,74.99,1,74.99,2025-01-25
9,24.99,1,24.99,2025-01-25
3,12.5,1,12.5,2025-01-25
13,74.99,1,74.99,2025-01-25
3,12.5,1,12.5,2025-01-25
9,24.99,2,49.98,2025-01-25
5,69.99,1,69.99,2025-01-25
14,79.99,1,79.99,2025-01-25
1,19.99,1,19.99,2025-01-25
15,29.99,1,29.99,2025-01-25
5,69.99,1,69.99,2025-01-25
9,24.99,1,24.99,2025-01-25
15,29.99,3,89.97,2025-01-25
4,59.99,1,59.99,2025-01-25
12,22.5,2,45.0,2025-01-25
9,24.99,1,24.99,2025-01-25
11,39.99,1,39.99,2025-01-25
8,129.99,3,389.97,2025-01-25
6,18.75,5,93.75,2025-01-25
7,49.99,1,49.99,2025-01-25
5,69.99,1,69.99,2025-01-25
7,49.99,2,99.98,2025-01-25
5,69.99,1,69.99,2025-01-25
15,29.99,1,29.99,2025-01-25
10,89.99,1,89.99,2025-01-25
10,89.99,1,89.99,2025-01-25
2,899.0,1,899.0,2025-01-25
9,24.99,4,99.96,2025-01-25
2,899.0,1,899.0,2025-01-25
15,29.99,1,29.99,2025-01-25
14,79.99,2,159.98,2025-01-25
14,79.99,1,79.99,2025-01-26
13,74.99,1,74.99,2025-01-26
11,39.99,1,39.99,2025-01-26
9,24.99,3,74.97,2025-01-26
2,899.0,1,899.0,2025-01-26
9,24.99,1,24.99,2025-01-26
6,18.75,1,18.75,2025-01-26
3,12.5,1,12.5,2025-01-26
4,59.99,1,59.99,2025-01-26
3,12.5,1,12.5,2025-01-26
12,22.5,1,22.5,2025-01-26
3,12.5,4,50.0,2025-01-26
14,79.99,1,79.99,2025-01-26
12,22.5,1,22.5,2025-01-26
10,89.99,1,89.99,2025-01-26
11,39.99,3,119.97,2025-01-26
15,29.99,1,29.99,2025-01-26
8,129.99,1,129.99,2025-01-26
9,24.99,1,24.99,2025-01-26
14,79.99,3,239.97,2025-01-26
9,24.99,2,49.98,2025-01-26
9,24.99,1,24.99,2025-01-26
1,19.99,1,19.99,2025-01-26
2,899.0,1,899.0,2025-01-26
14,79.99,1,79.99,2025-01-26
9,24.99,1,24.99,2025-01-26
15,29.99,1,29.99,2025-01-26
3,12.5,2,25.0,2025-01-26
9,24.99,3,74.97,2025-01-26
11,39.99,1,39.99,2025-01-26
12,22.5,2,45.0,2025-01-26
2,899.0,1,899.0,2025-01-26
10,89.99,1,89.99,2025-01-27
13,74.99,1,74.99,2025-01-27
15,29.99,1,29.99,2025-01-27
8,129.99,3,389.97,2025-01-27
11,39.99,2,79.98,2025-01-27
3,12.5,4,50.0,2025-01-27
7,49.99,2,99.98,2025-01-27
4,59.99,1,59.99,2025-01-27
5,69.99,6,419.94,2025-01-28
2,899.0,1,899.0,2025-01-28
8,129.99,3,389.97,2025-01-28
15,29.99,2,59.98,2025-01-28
1,19.99,3,59.97,2025-01-28
3,12.5,1,12.5,2025-01-28
13,74.99,1,74.99,2025-01-28
1,19.99,2,39.98,2025-01-28
9,24.99,1,24.99,2025-01-28
1,19.99,1,19.99,2025-01-29
12,22.5,2,45.0,2025-01-29
12,22.5,3,67.5,2025-01-29
2,899.0,3,2697.0,2025-01-29
8,129.99,1,129.99,2025-01-29
7,49.99,1,49.99,2025-01-29
15,29.99,3,89.97,2025-01-29
5,69.99,2,139.98,2025-01-29
15,29.99,1,29.99,2025-01-29
14,79.99,3,239.97,2025-01-29
1,19.99,1,19.99,2025-01-29
6,18.75,1,18.75,2025-01-29
14,79.99,1,79.99,2025-01-29
10,89.99,1,89.99,2025-01-29
7,49.99,1,49.99,2025-01-29
2,899.0,1,899.0,2025-01-29
15,29.99,2,59.98,2025-01-29
1,19.99,1,19.99,2025-01-29
9,24.99,1,24.99,2025-01-29
15,29.99,1,29.99,2025-01-29
8,129.99,4,519.96,2025-01-29
4,59.99,1,59.99,2025-01-29
12,22.5,1,22.5,2025-01-30
4,59.99,2,119.98,2025-01-30
15,29.99,2,59.98,2025-01-30
2,899.0,3,2697.0,2025-01-30
13,74.99,2,149.98,2025-01-30
9,24.99,1,24.99,2025-01-30
14,79.99,2,159.98,2025-01-30
6,18.75,1,18.75,2025-01-30
11,39.99,1,39.99,2025-01-30
14,79.99,4,319.96,2025-01-30
10,89.99,3,269.97,2025-01-30
5,69.99,1,69.99,2025-01-30
8,129.99,1,129.99,2025-01-30
5,69.99,1,69.99,2025-01-30
6,18.75,1,18.75,2025-01-30
12,22.5,1,22.5,2025-01-30
8,129.99,1,129.99,2025-01-30
4,59.99,1,59.99,2025-01-30
9,24.99,1,24.99,2025-01-30
9,24.99,1,24.99,2025-01-30
2,899.0,1,899.0,2025-01-30
2,899.0,1,899.0,2025-01-30
2,899.0,2,1798.0,2025-01-31
8,129.99,1,129.99,2025-01-31
11,39.99,1,39.99,2025-01-31
2,899.0,1,899.0,2025-01-31
11,39.99,1,39.99,2025-01-31
4,59.99,1,59.99,2025-01-31
8,129.99,1,129.99,2025-01-31
4,59.99,1,59.99,2025-01-31
3,12.5,2,25.0,2025-01-31
5,69.99,1,69.99,2025-01-31
11,39.99,2,79.98,2025-01-31
4,59.99,1,59.99,2025-01-31
15,29.99,1,29.99,2025-02-01
9,24.99,2,49.98,2025-02-01
3,12.5,1,12.5,2025-02-01
8,129.99,1,129.99,2025-02-01
13,74.99,1,74.99,2025-02-01
1,19.99,1,19.99,2025-02-01
3,12.5,1,12.5,2025-02-01
10,89.99,1,89.99,2025-02-01
7,49.99,1,49.99,2025-02-01
11,39.99,1,39.99,2025-02-01
14,79.99,1,79.99,2025-02-01
5,69.99,4,279.96,2025-02-01
7,49.99,2,99.98,2025-02-01
3,12.5,1,12.5,2025-02-01
13,74.99,2,149.98,2025-02-01
7,49.99,1,49.99,2025-02-01
12,22.5,1,22.5,2025-02-01
14,79.99,2,159.98,2025-02-01
12,22.5,3,67.5,2025-02-01
15,29.99,1,29.99,2025-02-01
4,59.99,1,59.99,2025-02-01
13,74.99,3,224.97,2025-02-01
3,12.5,2,25.0,2025-02-01
14,79.99,1,79.99,2025-02-01
9,24.99,1,24.99,2025-02-01
2,899.0,2,1798.0,2025-02-01
12,22.5,4,90.0,2025-02-01
6,18.75,1,18.75,2025-02-01
3,12.5,4,50.0,2025-02-01
13,74.99,1,74.99,2025-02-01
10,89.99,1,89.99,2025-02-01
10,89.99,1,89.99,2025-02-01
1,19.99,1,19.99,2025-02-01
2,899.0,2,1798.0,2025-02-01
8,129.99,2,259.98,2025-02-01
13,74.99,1,74.99,2025-02-01
13,74.99,1,74.99,2025-02-01
2,899.0,1,899.0,2025-02-01
3,12.5,3,37.5,2025-02-01
5,69.99,1,69.99,2025-02-01
14,79.99,2,159.98,2025-02-01
1,19.99,1,19.99,2025-02-01
5,69.99,1,69.99,2025-02-01
13,74.99,1,74.99,2025-02-01
7,49.99,1,49.99,2025-02-01
14,79.99,1,79.99,2025-02-01
5,69.99,1,69.99,2025-02-01
13,74.99,2,149.98,2025-02-01
5,69.99,3,209.97,2025-02-01
6,18.75,1,18.75,2025-02-01
13,74.99,2,149.98,2025-02-01
3,12.5,1,12.5,2025-02-01
3,12.5,1,12.5,2025-02-02
15,29.99,1,29.99,2025-02-02
3,12.5,1,12.5,2025-02-02
1,19.99,2,39.98,2025-02-02
7,49.99,1,49.99,2025-02-02
8,129.99,1,129.99,2025-02-02
5,69.99,1,69.99,2025-02-02
3,12.5,3,37.5,2025-02-02
14,79.99,1,79.99,2025-02-02
9,24.99,1,24.99,2025-02-02
1,19.99,2,39.98,2025-02-02
15,29.99,1,29.99,2025-02-02
2,899.0,1,899.0,2025-02-02
12,22.5,3,67.5,2025-02-02
10,89.99,3,269.97,2025-02-02
8,129.99,2,259.98,2025-02-02
2,899.0,1,899.0,2025-02-02
12,22.5,2,45.0,2025-02-02
3,12.5,1,12.5,2025-02-02
2,899.0,3,2697.0,2025-02-02
5,69.99,1,69.99,2025-02-02
5,69.99,1,69.99,2025-02-02
6,18.75,1,18.75,2025-02-02
7,49.99,1,49.99,2025-02-02
6,18.75,1,18.75,2025-02-02
5,69.99,1,69.99,2025-02-02
15,29.99,1,29.99,2025-02-03
8,129.99,1,129.99,2025-02-03
2,899.0,1,899.0,2025-02-03
7,49.99,1,49.99,2025-02-03
12,22.5,1,22.5,2025-02-03
15,29.99,1,29.99,2025-02-03
3,12.5,1,12.5,2025-02-03
3,12.5,1,12.5,2025-02-03
6,18.75,1,18.75,2025-02-03
13,74.99,1,74.99,2025-02-03
5,69.99,1,69.99,2025-02-03
12,22.5,1,22.5,2025-02-03
12,22.5,2,45.0,2025-02-03
9,24.99,2,49.98,2025-02-03
4,59.99,1,59.99,2025-02-03
5,69.99,1,69.99,2025-02-03
11,39.99,1,39.99,2025-02-03
14,79.99,5,399.95,2025-02-03
4,59.99,1,59.99,2025-02-03
8,129.99,1,129.99,2025-02-03
1,19.99,3,59.97,2025-02-03
15,29.99,1,29.99,2025-02-03
14,79.99,1,79.99,2025-02-03
12,22.5,1,22.5,2025-02-03
8,129.99,1,129.99,2025-02-03
15,29.99,3,89.97,2025-02-04
13,74.99,1,74.99,2025-02-04
8,129.99,1,129.99,2025-02-04
15,29.99,1,29.99,2025-02-04
12,22.5,2,45.0,2025-02-04
7,49.99,6,299.94,2025-02-04
1,19.99,1,19.99,2025-02-04
15,29.99,1,29.99,2025-02-04
14,79.99,1,79.99,2025-02-04
9,24.99,1,24.99,2025-02-04
15,29.99,1,29.99,2025-02-04
2,899.0,1,899.0,2025-02-04
9,24.99,2,49.98,2025-02-04
2,899.0,1,899.0,2025-02-05
9,24.99,1,24.99,2025-02-05
12,22.5,1,22.5,2025-02-05
11,39.99,2,79.98,2025-02-05
1,19.99,1,19.99,2025-02-05
3,12.5,1,12.5,2025-02-05
7,49.99,1,49.99,2025-02-05
1,19.99,2,39.98,2025-02-05
5,69.99,1,69.99,2025-02-05
2,899.0,1,899.0,2025-02-05
13,74.99,4,299.96,2025-02-05
8,129.99,1,129.99,2025-02-05
1,19.99,3,59.97,2025-02-05
5,69.99,2,139.98,2025-02-05
7,49.99,2,99.98,2025-02-05
2,899.0,1,899.0,2025-02-05
4,59.99,3,179.97,2025-02-05
12,22.5,1,22.5,2025-02-05
8,129.99,1,129.99,2025-02-05
10,89.99,1,89.99,2025-02-05
5,69.99,1,69.99,2025-02-05
15,29.99,2,59.98,2025-02-05
14,79.99,2,159.98,2025-02-05
8,129.99,1,129.99,2025-02-05
7,49.99,4,199.96,2025-02-05
6,18.75,1,18.75,2025-02-05
6,18.75,1,18.75,2025-02-05
1,19.99,1,19.99,2025-02-05
12,22.5,1,22.5,2025-02-05
3,12.5,2,25.0,2025-02-05
2,899.0,1,899.0,2025-02-06
11,39.99,1,39.99,2025-02-06
6,18.75,1,18.75,2025-02-06
9,24.99,2,49.98,2025-02-06
11,39.99,2,79.98,2025-02-06
11,39.99,3,119.97,2025-02-06
6,18.75,1,18.75,2025-02-06
1,19.99,3,59.97,2025-02-06
15,29.99,1,29.99,2025-02-06
2,899.0,1,899.0,2025-02-06
4,59.99,3,179.97,2025-02-06
11,39.99,1,39.99,2025-02-06
3,12.5,1,12.5,2025-02-06
5,69.99,4,279.96,2025-02-06
12,22.5,1,22.5,2025-02-07
7,49.99,2,99.98,2025-02-07
4,59.99,2,119.98,2025-02-07
13,74.99,1,74.99,2025-02-07
14,79.99,1,79.99,2025-02-07
14,79.99,3,239.97,2025-02-07
15,29.99,1,29.99,2025-02-07
8,129.99,1,129.99,2025-02-07
12,22.5,1,22.5,2025-02-07
9,24.99,2,49.98,2025-02-07
1,19.99,2,39.98,2025-02-07
4,59.99,1,59.99,2025-02-07
10,89.99,1,89.99,2025-02-07
14,79.99,2,159.98,2025-02-07
3,12.5,1,12.5,2025-02-07
15,29.99,1,29.99,2025-02-07
13,74.99,1,74.99,2025-02-07
4,59.99,1,59.99,2025-02-07
11,39.99,1,39.99,2025-02-07
7,49.99,2,99.98,2025-02-07
11,39.99,2,79.98,2025-02-07
9,24.99,1,24.99,2025-02-07
11,39.99,1,39.99,2025-02-07
1,19.99,3,59.97,2025-02-07
6,18.75,1,18.75,2025-02-07
4,59.99,1,59.99,2025-02-07
11,39.99,2,79.98,2025-02-07
3,12.5,1,12.5,2025-02-07
8,129.99,1,129.99,2025-02-07
7,49.99,1,49.99,2025-02-07
1,19.99,2,39.98,2025-02-07
7,49.99,5,249.95,2025-02-07
7,49.99,1,49.99,2025-02-07
4,59.99,1,59.99,2025-02-07
6,18.75,1,18.75,2025-02-07
1,19.99,1,19.99,2025-02-07
5,69.99,2,139.98,2025-02-07
3,12.5,1,12.5,2025-02-07
11,39.99,5,199.95,2025-02-07
9,24.99,1,24.99,2025-02-07
12,22.5,1,22.5,2025-02-08
15,29.99,1,29.99,2025-02-08
7,49.99,3,149.97,2025-02-08
6,18.75,1,18.75,2025-02-08
6,18.75,1,18.75,2025-02-08
1,19.99,1,19.99,2025-02-08
10,89.99,4,359.96,2025-02-08
9,24.99,2,49.98,2025-02-08
7,49.99,1,49.99,2025-02-08
9,24.99,3,74.97,2025-02-08
11,39.99,3,119.97,2025-02-08
6,18.75,3,56.25,2025-02-08
2,899.0,1,899.0,2025-02-08
1,19.99,1,19.99,2025-02-08
1,19.99,1,19.99,2025-02-08
8,129.99,1,129.99,2025-02-08
11,39.99,1,39.99,2025-02-08
15,29.99,5,149.95,2025-02-08
5,69.99,1,69.99,2025-02-08
1,19.99,1,19.99,2025-02-08
12,22.5,1,22.5,2025-02-08
2,899.0,2,1798.0,2025-02-08
7,49.99,1,49.99,2025-02-08
7,49.99,3,149.97,2025-02-08
15,29.99,1,29.99,2025-02-08
1,19.99,1,19.99,2025-02-08
2,899.0,1,899.0,2025-02-08
11,39.99,1,39.99,2025-02-08
14,79.99,2,159.98,2025-02-08
12,22.5,2,45.0,2025-02-08
15,29.99,1,29.99,2025-02-08
2,899.0,1,899.0,2025-02-08
4,59.99,1,59.99,2025-02-08
10,89.99,2,179.98,2025-02-09
11,39.99,1,39.99,2025-02-09
1,19.99,2,39.98,2025-02-09
14,79.99,2,159.98,2025-02-09
9,24.99,1,24.99,2025-02-09
10,89.99,2,179.98,2025-02-09
9,24.99,1,24.99,2025-02-09
1,19.99,1,19.99,2025-02-09
6,18.75,1,18.75,2025-02-09
11,39.99,2,79.98,2025-02-09
5,69.99,3,209.97,2025-02-09
15,29.99,1,29.99,2025-02-09
2,899.0,2,1798.0,2025-02-09
12,22.5,1,22.5,2025-02-09
9,24.99,1,24.99,2025-02-09
4,59.99,1,59.99,2025-02-09
2,899.0,1,899.0,2025-02-09
9,24.99,1,24.99,2025-02-09
11,39.99,1,39.99,2025-02-09
14,79.99,1,79.99,2025-02-09
7,49.99,1,49.99,2025-02-09
8,129.99,1,129.99,2025-02-09
14,79.99,1,79.99,2025-02-09
8,129.99,1,129.99,2025-02-09
2,899.0,2,1798.0,2025-02-09
10,89.99,1,89.99,2025-02-09
13,74.99,2,149.98,2025-02-09
12,22.5,1,22.5,2025-02-09
12,22.5,1,22.5,2025-02-10
6,18.75,2,37.5,2025-02-10
1,19.99,3,59.97,2025-02-10
1,19.99,2,39.98,2025-02-10
15,29.99,1,29.99,2025-02-10
9,24.99,1,24.99,2025-02-10
4,59.99,1,59.99,2025-02-10
1,19.99,1,19.99,2025-02-10
11,39.99,1,39.99,2025-02-10
4,59.99,1,59.99,2025-02-10
10,89.99,1,89.99,2025-02-10
7,49.99,2,99.98,2025-02-10
5,69.99,1,69.99,2025-02-10
5,69.99,1,69.99,2025-02-10
10,89.99,1,89.99,2025-02-10
4,59.99,2,119.98,2025-02-10
14,79.99,1,79.99,2025-02-10
2,899.0,1,899.0,2025-02-11
3,12.5,1,12.5,2025-02-11
3,12.5,1,12.5,2025-02-11
2,899.0,1,899.0,2025-02-11
13,74.99,1,74.99,2025-02-11
6,18.75,2,37.5,2025-02-11
7,49.99,2,99.98,2025-02-11
12,22.5,2,45.0,2025-02-11
8,129.99,1,129.99,2025-02-11
5,69.99,1,69.99,2025-02-11
5,69.99,1,69.99,2025-02-11
2,899.0,1,899.0,2025-02-11
4,59.99,1,59.99,2025-02-11
12,22.5,1,22.5,2025-02-11
5,69.99,1,69.99,2025-02-11
15,29.99,1,29.99,2025-02-11
8,129.99,3,389.97,2025-02-11
4,59.99,1,59.99,2025-02-11
12,22.5,1,22.5,2025-02-11
5,69.99,1,69.99,2025-02-11
2,899.0,1,899.0,2025-02-11
13,74.99,1,74.99,2025-02-11
6,18.75,1,18.75,2025-02-11
12,22.5,2,45.0,2025-02-11
10,89.99,1,89.99,2025-02-11
4,59.99,4,239.96,2025-02-12
12,22.5,1,22.5,2025-02-12
14,79.99,1,79.99,2025-02-12
8,129.99,1,129.99,2025-02-12
14,79.99,1,79.99,2025-02-12
7,49.99,1,49.99,2025-02-12
14,79.99,2,159.98,2025-02-12
3,12.5,1,12.5,2025-02-12
5,69.99,1,69.99,2025-02-12
1,19.99,1,19.99,2025-02-12
5,69.99,2,139.98,2025-02-12
9,24.99,3,74.97,2025-02-12
14,79.99,1,79.99,2025-02-12
13,74.99,1,74.99,2025-02-12
10,89.99,1,89.99,2025-02-12
5,69.99,1,69.99,2025-02-12
6,18.75,1,18.75,2025-02-12
8,129.99,3,389.97,2025-02-12
7,49.99,1,49.99,2025-02-12
14,79.99,1,79.99,2025-02-12
6,18.75,1,18.75,2025-02-12
2,899.0,4,3596.0,2025-02-12
6,18.75,1,18.75,2025-02-13
3,12.5,1,12.5,2025-02-13
14,79.99,1,79.99,2025-02-13
6,18.75,1,18.75,2025-02-13
13,74.99,1,74.99,2025-02-13
10,89.99,2,179.98,2025-02-13
11,39.99,1,39.99,2025-02-13
4,59.99,1,59.99,2025-02-13
8,129.99,1,129.99,2025-02-13
6,18.75,3,56.25,2025-02-13
12,22.5,2,45.0,2025-02-13
3,12.5,1,12.5,2025-02-13
13,74.99,3,224.97,2025-02-13
8,129.99,1,129.99,2025-02-13
4,59.99,1,59.99,2025-02-13
12,22.5,1,22.5,2025-02-13
2,899.0,1,899.0,2025-02-13
9,24.99,1,24.99,2025-02-13
4,59.99,1,59.99,2025-02-13
6,18.75,1,18.75,2025-02-14
9,24.99,2,49.98,2025-02-14
11,39.99,1,39.99,2025-02-14
5,69.99,1,69.99,2025-02-14
14,79.99,1,79.99,2025-02-14
2,899.0,3,2697.0,2025-02-14
10,89.99,1,89.99,2025-02-14
14,79.99,3,239.97,2025-02-14
11,39.99,1,39.99,2025-02-14
12,22.5,1,22.5,2025-02-14
12,22.5,1,22.5,2025-02-14
1,19.99,2,39.98,2025-02-14
9,24.99,2,49.98,2025-02-14
8,129.99,1,129.99,2025-02-14
3,12.5,2,25.0,2025-02-14
1,19.99,3,59.97,2025-02-14
12,22.5,2,45.0,2025-02-14
9,24.99,1,24.99,2025-02-14
11,39.99,3,119.97,2025-02-14
8,129.99,1,129.99,2025-02-14
11,39.99,1,39.99,2025-02-15
11,39.99,1,39.99,2025-02-15
11,39.99,3,119.97,2025-02-15
4,59.99,1,59.99,2025-02-15
13,74.99,1,74.99,2025-02-15
7,49.99,3,149.97,2025-02-15
3,12.5,1,12.5,2025-02-15
8,129.99,3,389.97,2025-02-15
13,74.99,1,74.99,2025-02-15
14,79.99,2,159.98,2025-02-15
5,69.99,1,69.99,2025-02-15
5,69.99,2,139.98,2025-02-15
12,22.5,2,45.0,2025-02-15
14,79.99,2,159.98,2025-02-15
12,22.5,1,22.5,2025-02-15
13,74.99,2,149.98,2025-02-15
7,49.99,1,49.99,2025-02-15
3,12.5,1,12.5,2025-02-15
4,59.99,1,59.99,2025-02-15
12,22.5,2,45.0,2025-02-15
10,89.99,2,179.98,2025-02-15
5,69.99,1,69.99,2025-02-15
14,79.99,2,159.98,2025-02-15
14,79.99,1,79.99,2025-02-15
10,89.99,3,269.97,2025-02-15
14,79.99,1,79.99,2025-02-15
13,74.99,3,224.97,2025-02-15
6,18.75,3,56.25,2025-02-15
2,899.0,1,899.0,2025-02-15
3,12.5,1,12.5,2025-02-15
15,29.99,1,29.99,2025-02-15
4,59.99,1,59.99,2025-02-15
4,59.99,1,59.99,2025-02-15
4,59.99,1,59.99,2025-02-15
2,899.0,1,899.0,2025-02-15
15,29.99,1,29.99,2025-02-15
4,59.99,2,119.98,2025-02-15
9,24.99,2,49.98,2025-02-16
1,19.99,1,19.99,2025-02-16
12,22.5,2,45.0,2025-02-16
2,899.0,2,1798.0,2025-02-16
14,79.99,1,79.99,2025-02-16
13,74.99,2,149.98,2025-02-16
7,49.99,2,99.98,2025-02-16
2,899.0,1,899.0,2025-02-16
1,19.99,1,19.99,2025-02-16
14,79.99,2,159.98,2025-02-16
3,12.5,1,12.5,2025-02-16
11,39.99,1,39.99,2025-02-16
3,12.5,1,12.5,2025-02-16
15,29.99,1,29.99,2025-02-16
13,74.99,1,74.99,2025-02-16
6,18.75,1,18.75,2025-02-16
5,69.99,1,69.99,2025-02-16
12,22.5,1,22.5,2025-02-16
6,18.75,2,37.5,2025-02-16
1,19.99,2,39.98,2025-02-16
10,89.99,1,89.99,2025-02-16
2,899.0,2,1798.0,2025-02-16
5,69.99,1,69.99,2025-02-16
4,59.99,2,119.98,2025-02-16
7,49.99,1,49.99,2025-02-16
6,18.75,1,18.75,2025-02-16
4,59.99,4,239.96,2025-02-16
6,18.75,1,18.75,2025-02-16
12,22.5,1,22.5,2025-02-16
5,69.99,2,139.98,2025-02-16
4,59.99,1,59.99,2025-02-17
3,12.5,1,12.5,2025-02-17
2,899.0,1,899.0,2025-02-17
4,59.99,5,299.95,2025-02-17
7,49.99,2,99.98,2025-02-17
3,12.5,1,12.5,2025-02-17
15,29.99,1,29.99,2025-02-17
1,19.99,1,19.99,2025-02-17
7,49.99,1,49.99,2025-02-17
6,18.75,1,18.75,2025-02-17
7,49.99,1,49.99,2025-02-17
14,79.99,1,79.99,2025-02-17
14,79.99,1,79.99,2025-02-17
4,59.99,1,59.99,2025-02-17
10,89.99,2,179.98,2025-02-17
15,29.99,1,29.99,2025-02-18
13,74.99,1,74.99,2025-02-18
10,89.99,1,89.99,2025-02-18
10,89.99,1,89.99,2025-02-18
4,59.99,1,59.99,2025-02-18
14,79.99,1,79.99,2025-02-18
9,24.99,1,24.99,2025-02-18
3,12.5,3,37.5,2025-02-18
11,39.99,1,39.99,2025-02-18
7,49.99,1,49.99,2025-02-18
8,129.99,1,129.99,2025-02-18
10,89.99,1,89.99,2025-02-19
5,69.99,1,69.99,2025-02-19
11,39.99,1,39.99,2025-02-19
9,24.99,2,49.98,2025-02-19
9,24.99,1,24.99,2025-02-19
6,18.75,1,18.75,2025-02-19
9,24.99,1,24.99,2025-02-19
14,79.99,2,159.98,2025-02-19
15,29.99,3,89.97,2025-02-19
8,129.99,2,259.98,2025-02-19
8,129.99,1,129.99,2025-02-19
12,22.5,1,22.5,2025-02-19
7,49.99,5,249.95,2025-02-19
13,74.99,2,149.98,2025-02-19
13,74.99,1,74.99,2025-02-19
2,899.0,3,2697.0,2025-02-19
4,59.99,2,119.98,2025-02-19
10,89.99,1,89.99,2025-02-19
4,59.99,2,119.98,2025-02-19
7,49.99,1,49.99,2025-02-19
10,89.99,1,89.99,2025-02-20
4,59.99,1,59.99,2025-02-20
2,899.0,1,899.0,2025-02-20
1,19.99,1,19.99,2025-02-20
2,899.0,1,899.0,2025-02-20
1,19.99,1,19.99,2025-02-20
13,74.99,1,74.99,2025-02-20
5,69.99,4,279.96,2025-02-20
1,19.99,1,19.99,2025-02-20
14,79.99,2,159.98,2025-02-20
14,79.99,4,319.96,2025-02-20
11,39.99,2,79.98,2025-02-20
13,74.99,1,74.99,2025-02-20
12,22.5,1,22.5,2025-02-20
8,129.99,2,259.98,2025-02-20
1,19.99,1,19.99,2025-02-20
1,19.99,1,19.99,2025-02-20
10,89.99,1,89.99,2025-02-20
12,22.5,3,67.5,2025-02-20
7,49.99,1,49.99,2025-02-20
4,59.99,2,119.98,2025-02-20
15,29.99,3,89.97,2025-02-20
9,24.99,1,24.99,2025-02-20
5,69.99,2,139.98,2025-02-20
14,79.99,1,79.99,2025-02-20
14,79.99,1,79.99,2025-02-20
15,29.99,1,29.99,2025-02-20
6,18.75,1,18.75,2025-02-20
6,18.75,3,56.25,2025-02-20
6,18.75,5,93.75,2025-02-20
1,19.99,1,19.99,2025-02-20
11,39.99,1,39.99,2025-02-21
7,49.99,2,99.98,2025-02-21
11,39.99,1,39.99,2025-02-21
4,59.99,1,59.99,2025-02-21
12,22.5,3,67.5,2025-02-21
15,29.99,2,59.98,2025-02-21
13,74.99,1,74.99,2025-02-21
1,19.99,1,19.99,2025-02-21
10,89.99,2,179.98,2025-02-21
6,18.75,1,18.75,2025-02-21
10,89.99,3,269.97,2025-02-21
14,79.99,2,159.98,2025-02-21
11,39.99,1,39.99,2025-02-21
3,12.5,1,12.5,2025-02-21
8,129.99,2,259.98,2025-02-21
11,39.99,1,39.99,2025-02-21
10,89.99,1,89.99,2025-02-21
1,19.99,1,19.99,2025-02-21
3,12.5,1,12.5,2025-02-21
8,129.99,1,129.99,2025-02-21
3,12.5,1,12.5,2025-02-21
4,59.99,1,59.99,2025-02-21
4,59.99,2,119.98,2025-02-21
14,79.99,4,319.96,2025-02-21
10,89.99,2,179.98,2025-02-21
2,899.0,1,899.0,2025-02-21
3,12.5,1,12.5,2025-02-21
5,69.99,1,69.99,2025-02-21
9,24.99,2,49.98,2025-02-21
6,18.75,1,18.75,2025-02-21
15,29.99,2,59.98,2025-02-21
3,12.5,1,12.5,2025-02-21
6,18.75,1,18.75,2025-02-22
4,59.99,1,59.99,2025-02-22
1,19.99,1,19.99,2025-02-22
9,24.99,1,24.99,2025-02-22
8,129.99,1,129.99,2025-02-22
4,59.99,3,179.97,2025-02-22
14,79.99,2,159.98,2025-02-22
1,19.99,1,19.99,2025-02-22
9,24.99,2,49.98,2025-02-22
12,22.5,1,22.5,2025-02-22
5,69.99,1,69.99,2025-02-22
4,59.99,2,119.98,2025-02-22
4,59.99,1,59.99,2025-02-22
14,79.99,3,239.97,2025-02-22
15,29.99,1,29.99,2025-02-22
5,69.99,1,69.99,2025-02-22
6,18.75,1,18.75,2025-02-22
3,12.5,2,25.0,2025-02-22
14,79.99,1,79.99,2025-02-22
14,79.99,1,79.99,2025-02-22
7,49.99,1,49.99,2025-02-22
9,24.99,1,24.99,2025-02-22
4,59.99,1,59.99,2025-02-22
13,74.99,1,74.99,2025-02-22
10,89.99,1,89.99,2025-02-22
13,74.99,1,74.99,2025-02-22
4,59.99,1,59.99,2025-02-22
12,22.5,1,22.5,2025-02-22
13,74.99,1,74.99,2025-02-22
15,29.99,1,29.99,2025-02-22
1,19.99,3,59.97,2025-02-22
12,22.5,1,22.5,2025-02-22
5,69.99,2,139.98,2025-02-22
11,39.99,1,39.99,2025-02-22
3,12.5,1,12.5,2025-02-22
2,899.0,4,3596.0,2025-02-22
3,12.5,1,12.5,2025-02-22
6,18.75,1,18.75,2025-02-22
15,29.99,1,29.99,2025-02-22
8,129.99,1,129.99,2025-02-22
15,29.99,1,29.99,2025-02-22
8,129.99,1,129.99,2025-02-22
10,89.99,1,89.99,2025-02-22
5,69.99,2,139.98,2025-02-22
10,89.99,1,89.99,2025-02-22
1,19.99,1,19.99,2025-02-22
7,49.99,2,99.98,2025-02-23
11,39.99,1,39.99,2025-02-23
9,24.99,1,24.99,2025-02-23
2,899.0,1,899.0,2025-02-23
9,24.99,1,24.99,2025-02-23
15,29.99,3,89.97,2025-02-23
15,29.99,1,29.99,2025-02-23
1,19.99,2,39.98,2025-02-23
7,49.99,1,49.99,2025-02-23
15,29.99,1,29.99,2025-02-23
4,59.99,1,59.99,2025-02-23
7,49.99,1,49.99,2025-02-23
4,59.99,5,299.95,2025-02-23
12,22.5,1,22.5,2025-02-23
7,49.99,1,49.99,2025-02-23
3,12.5,1,12.5,2025-02-23
2,899.0,1,899.0,2025-02-23
4,59.99,1,59.99,2025-02-23
3,12.5,2,25.0,2025-02-23
9,24.99,1,24.99,2025-02-23
9,24.99,1,24.99,2025-02-23
4,59.99,3,179.97,2025-02-23
11,39.99,1,39.99,2025-02-23
11,39.99,1,39.99,2025-02-23
5,69.99,2,139.98,2025-02-23
2,899.0,1,899.0,2025-02-23
14,79.99,2,159.98,2025-02-23
12,22.5,1,22.5,2025-02-23
15,29.99,3,89.97,2025-02-23
9,24.99,3,74.97,2025-02-23
9,24.99,2,49.98,2025-02-23
5,69.99,2,139.98,2025-02-23
9,24.99,1,24.99,2025-02-23
5,69.99,1,69.99,2025-02-23
14,79.99,1,79.99,2025-02-23
2,899.0,1,899.0,2025-02-23
3,12.5,2,25.0,2025-02-23
1,19.99,1,19.99,2025-02-23
3,12.5,2,25.0,2025-02-23
12,22.5,3,67.5,2025-02-23
2,899.0,2,1798.0,2025-02-23
5,69.99,3,209.97,2025-02-23
5,69.99,1,69.99,2025-02-23
4,59.99,1,59.99,2025-02-23
10,89.99,2,179.98,2025-02-23
10,89.99,2,179.98,2025-02-23
8,129.99,1,129.99,2025-02-23
12,22.5,1,22.5,2025-02-23
2,899.0,2,1798.0,2025-02-24
6,18.75,1,18.75,2025-02-24
11,39.99,2,79.98,2025-02-24
9,24.99,2,49.98,2025-02-24
12,22.5,1,22.5,2025-02-24
15,29.99,3,89.97,2025-02-24
13,74.99,1,74.99,2025-02-24
9,24.99,1,24.99,2025-02-24
1,19.99,2,39.98,2025-02-24
8,129.99,1,129.99,2025-02-24
14,79.99,1,79.99,2025-02-24
5,69.99,1,69.99,2025-02-24
2,899.0,1,899.0,2025-02-24
12,22.5,3,67.5,2025-02-24
8,129.99,1,129.99,2025-02-24
7,49.99,1,49.99,2025-02-24
3,12.5,1,12.5,2025-02-25
5,69.99,2,139.98,2025-02-25
2,899.0,1,899.0,2025-02-25
4,59.99,1,59.99,2025-02-25
1,19.99,1,19.99,2025-02-25
10,89.99,3,269.97,2025-02-25
5,69.99,1,69.99,2025-02-25
14,79.99,5,399.95,2025-02-25
14,79.99,1,79.99,2025-02-25
8,129.99,1,129.99,2025-02-25
8,129.99,3,389.97,2025-02-25
15,29.99,1,29.99,2025-02-25
3,12.5,2,25.0,2025-02-25
13,74.99,1,74.99,2025-02-25
5,69.99,1,69.99,2025-02-25
5,69.99,1,69.99,2025-02-25
15,29.99,1,29.99,2025-02-26
9,24.99,1,24.99,2025-02-26
13,74.99,1,74.99,2025-02-26
9,24.99,4,99.96,2025-02-26
6,18.75,1,18.75,2025-02-26
11,39.99,1,39.99,2025-02-26
8,129.99,1,129.99,2025-02-26
12,22.5,1,22.5,2025-02-26
4,59.99,1,59.99,2025-02-26
12,22.5,1,22.5,2025-02-26
1,19.99,1,19.99,2025-02-26
4,59.99,1,59.99,2025-02-26
4,59.99,1,59.99,2025-02-26
4,59.99,1,59.99,2025-02-26
6,18.75,1,18.75,2025-02-26
8,129.99,1,129.99,2025-02-26
3,12.5,1,12.5,2025-02-26
1,19.99,1,19.99,2025-02-26
15,29.99,1,29.99,2025-02-26
15,29.99,1,29.99,2025-02-26
7,49.99,1,49.99,2025-02-27
6,18.75,1,18.75,2025-02-27
4,59.99,2,119.98,2025-02-27
8,129.99,1,129.99,2025-02-27
15,29.99,2,59.98,2025-02-27
2,899.0,3,2697.0,2025-02-27
12,22.5,1,22.5,2025-02-27
14,79.99,1,79.99,2025-02-27
6,18.75,1,18.75,2025-02-27
14,79.99,1,79.99,2025-02-27
1,19.99,1,19.99,2025-02-27
10,89.99,1,89.99,2025-02-27
11,39.99,2,79.98,2025-02-27
9,24.99,1,24.99,2025-02-27
1,19.99,1,19.99,2025-02-27
15,29.99,2,59.98,2025-02-27
1,19.99,1,19.99,2025-02-27
9,24.99,1,24.99,2025-02-27
10,89.99,1,89.99,2025-02-28
14,79.99,1,79.99,2025-02-28
6,18.75,1,18.75,2025-02-28
8,129.99,1,129.99,2025-02-28
11,39.99,1,39.99,2025-02-28
5,69.99,1,69.99,2025-02-28
7,49.99,1,49.99,2025-02-28
13,74.99,1,74.99,2025-02-28
4,59.99,1,59.99,2025-02-28
11,39.99,1,39.99,2025-02-28
8,129.99,1,129.99,2025-02-28
1,19.99,1,19.99,2025-02-28
13,74.99,3,224.97,2025-02-28
6,18.75,1,18.75,2025-02-28
10,89.99,1,89.99,2025-02-28
11,39.99,3,119.97,2025-02-28
9,24.99,2,49.98,2025-02-28
10,89.99,1,89.99,2025-02-28
3,12.5,1,12.5,2025-02-28
7,49.99,1,49.99,2025-02-28
1,19.99,1,19.99,2025-02-28
5,69.99,1,69.99,2025-02-28
9,24.99,1,24.99,2025-02-28
9,24.99,1,24.99,2025-02-28
8,129.99,2,259.98,2025-02-28
4,59.99,2,119.98,2025-02-28
5,69.99,1,69.99,2025-02-28
15,29.99,2,59.98,2025-02-28
12,22.5,1,22.5,2025-03-01
1,19.99,1,19.99,2025-03-01
6,18.75,1,18.75,2025-03-01
7,49.99,3,149.97,2025-03-01
12,22.5,2,45.0,2025-03-01
3,12.5,1,12.5,2025-03-01
10,89.99,1,89.99,2025-03-01
12,22.5,1,22.5,2025-03-01
5,69.99,1,69.99,2025-03-01
13,74.99,2,149.98,2025-03-01
4,59.99,2,119.98,2025-03-01
2,899.0,1,899.0,2025-03-01
15,29.99,2,59.98,2025-03-01
8,129.99,2,259.98,2025-03-01
10,89.99,1,89.99,2025-03-01
10,89.99,3,269.97,2025-03-01
11,39.99,1,39.99,2025-03-01
5,69.99,1,69.99,2025-03-01
6,18.75,1,18.75,2025-03-01
14,79.99,1,79.99,2025-03-01
10,89.99,1,89.99,2025-03-01
9,24.99,1,24.99,2025-03-01
12,22.5,1,22.5,2025-03-01
2,899.0,4,3596.0,2025-03-01
15,29.99,2,59.98,2025-03-01
15,29.99,1,29.99,2025-03-01
11,39.99,3,119.97,2025-03-01
13,74.99,1,74.99,2025-03-01
11,39.99,1,39.99,2025-03-01
2,899.0,1,899.0,2025-03-01
5,69.99,1,69.99,2025-03-01
12,22.5,1,22.5,2025-03-01
4,59.99,1,59.99,2025-03-01
15,29.99,1,29.99,2025-03-01
7,49.99,2,99.98,2025-03-01
4,59.99,1,59.99,2025-03-01
8,129.99,1,129.99,2025-03-01
15,29.99,1,29.99,2025-03-01
6,18.75,2,37.5,2025-03-01
7,49.99,1,49.99,2025-03-01
15,29.99,1,29.99,2025-03-01
1,19.99,3,59.97,2025-03-01
12,22.5,1,22.5,2025-03-01
5,69.99,1,69.99,2025-03-01
6,18.75,1,18.75,2025-03-02
12,22.5,1,22.5,2025-03-02
5,69.99,1,69.99,2025-03-02
1,19.99,1,19.99,2025-03-02
8,129.99,1,129.99,2025-03-02
1,19.99,2,39.98,2025-03-02
6,18.75,1,18.75,2025-03-02
6,18.75,1,18.75,2025-03-02
10,89.99,1,89.99,2025-03-02
5,69.99,1,69.99,2025-03-02
7,49.99,2,99.98,2025-03-02
15,29.99,1,29.99,2025-03-02
15,29.99,1,29.99,2025-03-02
9,24.99,1,24.99,2025-03-02
2,899.0,1,899.0,2025-03-02
10,89.99,2,179.98,2025-03-02
10,89.99,2,179.98,2025-03-02
11,39.99,4,159.96,2025-03-02
5,69.99,1,69.99,2025-03-02
5,69.99,1,69.99,2025-03-02
5,69.99,3,209.97,2025-03-02
12,22.5,1,22.5,2025-03-02
14,79.99,1,79.99,2025-03-02
1,19.99,1,19.99,2025-03-02
2,899.0,1,899.0,2025-03-02
15,29.99,1,29.99,2025-03-02
13,74.99,1,74.99,2025-03-02
12,22.5,1,22.5,2025-03-02
13,74.99,2,149.98,2025-03-02
6,18.75,1,18.75,2025-03-02
2,899.0,1,899.0,2025-03-02
14,79.99,3,239.97,2025-03-02
12,22.5,1,22.5,2025-03-02
13,74.99,4,299.96,2025-03-02
14,79.99,2,159.98,2025-03-02
7,49.99,1,49.99,2025-03-02
6,18.75,1,18.75,2025-03-02
11,39.99,1,39.99,2025-03-02
14,79.99,1,79.99,2025-03-02
15,29.99,1,29.99,2025-03-02
15,29.99,1,29.99,2025-03-02
6,18.75,1,18.75,2025-03-02
5,69.99,1,69.99,2025-03-02
4,59.99,3,179.97,2025-03-02
1,19.99,5,99.95,2025-03-02
3,12.5,2,25.0,2025-03-02
4,59.99,3,179.97,2025-03-02
2,899.0,1,899.0,2025-03-02
2,899.0,1,899.0,2025-03-02
2,899.0,2,1798.0,2025-03-02
5,69.99,1,69.99,2025-03-03
7,49.99,2,99.98,2025-03-03
11,39.99,1,39.99,2025-03-03
2,899.0,1,899.0,2025-03-03
11,39.99,1,39.99,2025-03-03
1,19.99,2,39.98,2025-03-03
5,69.99,1,69.99,2025-03-03
11,39.99,1,39.99,2025-03-03
3,12.5,2,25.0,2025-03-03
14,79.99,1,79.99,2025-03-03
6,18.75,1,18.75,2025-03-03
7,49.99,1,49.99,2025-03-03
13,74.99,1,74.99,2025-03-04
4,59.99,1,59.99,2025-03-04
12,22.5,1,22.5,2025-03-04
13,74.99,2,149.98,2025-03-04
1,19.99,1,19.99,2025-03-04
15,29.99,1,29.99,2025-03-04
8,129.99,1,129.99,2025-03-04
9,24.99,4,99.96,2025-03-04
2,899.0,1,899.0,2025-03-04
5,69.99,3,209.97,2025-03-04
2,899.0,1,899.0,2025-03-04
12,22.5,1,22.5,2025-03-04
2,899.0,1,899.0,2025-03-04
6,18.75,2,37.5,2025-03-04
11,39.99,4,159.96,2025-03-04
1,19.99,1,19.99,2025-03-05
4,59.99,1,59.99,2025-03-05
3,12.5,1,12.5,2025-03-05
1,19.99,5,99.95,2025-03-05
12,22.5,3,67.5,2025-03-05
9,24.99,2,49.98,2025-03-05
10,89.99,2,179.98,2025-03-05
2,899.0,1,899.0,2025-03-05
8,129.99,2,259.98,2025-03-05
3,12.5,1,12.5,2025-03-05
1,19.99,1,19.99,2025-03-06
13,74.99,2,149.98,2025-03-06
9,24.99,3,74.97,2025-03-06
2,899.0,1,899.0,2025-03-06
12,22.5,1,22.5,2025-03-06
14,79.99,2,159.98,2025-03-06
9,24.99,1,24.99,2025-03-06
13,74.99,2,149.98,2025-03-06
13,74.99,3,224.97,2025-03-06
3,12.5,3,37.5,2025-03-06
6,18.75,1,18.75,2025-03-06
8,129.99,1,129.99,2025-03-06
15,29.99,2,59.98,2025-03-06
8,129.99,1,129.99,2025-03-06
7,49.99,2,99.98,2025-03-06
7,49.99,1,49.99,2025-03-06
11,39.99,1,39.99,2025-03-06
8,129.99,1,129.99,2025-03-06
9,24.99,3,74.97,2025-03-06
11,39.99,1,39.99,2025-03-06
1,19.99,1,19.99,2025-03-07
10,89.99,1,89.99,2025-03-07
10,89.99,1,89.99,2025-03-07
3,12.5,1,12.5,2025-03-07
4,59.99,1,59.99,2025-03-07
6,18.75,2,37.5,2025-03-07
11,39.99,1,39.99,2025-03-07
9,24.99,1,24.99,2025-03-07
1,19.99,2,39.98,2025-03-07
5,69.99,2,139.98,2025-03-07
4,59.99,1,59.99,2025-03-07
8,129.99,1,129.99,2025-03-07
5,69.99,1,69.99,2025-03-08
15,29.99,1,29.99,2025-03-08
3,12.5,2,25.0,2025-03-08
13,74.99,1,74.99,2025-03-08
13,74.99,1,74.99,2025-03-08
8,129.99,1,129.99,2025-03-08
5,69.99,1,69.99,2025-03-08
14,79.99,3,239.97,2025-03-08
7,49.99,1,49.99,2025-03-08
2,899.0,1,899.0,2025-03-08
4,59.99,1,59.99,2025-03-08
6,18.75,1,18.75,2025-03-08
1,19.99,5,99.95,2025-03-08
12,22.5,1,22.5,2025-03-08
1,19.99,1,19.99,2025-03-08
13,74.99,1,74.99,2025-03-08
4,59.99,2,119.98,2025-03-08
6,18.75,1,18.75,2025-03-08
7,49.99,2,99.98,2025-03-08
11,39.99,1,39.99,2025-03-08
5,69.99,2,139.98,2025-03-08
8,129.99,1,129.99,2025-03-08
11,39.99,3,119.97,2025-03-08
13,74.99,1,74.99,2025-03-08
5,69.99,1,69.99,2025-03-08
9,24.99,1,24.99,2025-03-08
8,129.99,1,129.99,2025-03-08
13,74.99,1,74.99,2025-03-08
8,129.99,1,129.99,2025-03-09
2,899.0,1,899.0,2025-03-09
10,89.99,2,179.98,2025-03-09
14,79.99,1,79.99,2025-03-09
3,12.5,2,25.0,2025-03-09
13,74.99,1,74.99,2025-03-09
8,129.99,1,129.99,2025-03-09
15,29.99,1,29.99,2025-03-09
4,59.99,1,59.99,2025-03-09
3,12.5,1,12.5,2025-03-09
13,74.99,1,74.99,2025-03-09
1,19.99,1,19.99,2025-03-09
13,74.99,5,374.95,2025-03-09
7,49.99,3,149.97,2025-03-09
5,69.99,1,69.99,2025-03-09
14,79.99,1,79.99,2025-03-09
12,22.5,1,22.5,2025-03-09
2,899.0,1,899.0,2025-03-09
15,29.99,1,29.99,2025-03-09
3,12.5,1,12.5,2025-03-09
9,24.99,1,24.99,2025-03-09
2,899.0,1,899.0,2025-03-09
7,49.99,1,49.99,2025-03-09
7,49.99,1,49.99,2025-03-09
9,24.99,1,24.99,2025-03-09
15,29.99,1,29.99,2025-03-09
13,74.99,1,74.99,2025-03-09
9,24.99,1,24.99,2025-03-09
15,29.99,1,29.99,2025-03-09
15,29.99,1,29.99,2025-03-09
3,12.5,1,12.5,2025-03-09
15,29.99,1,29.99,2025-03-09
11,39.99,2,79.98,2025-03-09
9,24.99,1,24.99,2025-03-09
10,89.99,1,89.99,2025-03-09
7,49.99,2,99.98,2025-03-09
8,129.99,1,129.99,2025-03-09
4,59.99,1,59.99,2025-03-09
9,24.99,1,24.99,2025-03-09
15,29.99,1,29.99,2025-03-09
13,74.99,1,74.99,2025-03-09
9,24.99,1,24.99,2025-03-09
7,49.99,2,99.98,2025-03-09
4,59.99,1,59.99,2025-03-09
10,89.99,2,179.98,2025-03-09
7,49.99,4,199.96,2025-03-09
9,24.99,2,49.98,2025-03-09
8,129.99,2,259.98,2025-03-09
9,24.99,1,24.99,2025-03-09
3,12.5,1,12.5,2025-03-09
5,69.99,1,69.99,2025-03-10
6,18.75,1,18.75,2025-03-10
11,39.99,3,119.97,2025-03-10
2,899.0,1,899.0,2025-03-10
1,19.99,1,19.99,2025-03-10
14,79.99,1,79.99,2025-03-10
5,69.99,1,69.99,2025-03-10
6,18.75,1,18.75,2025-03-10
5,69.99,1,69.99,2025-03-10
15,29.99,1,29.99,2025-03-10
12,22.5,3,67.5,2025-03-10
11,39.99,1,39.99,2025-03-10
7,49.99,3,149.97,2025-03-11
1,19.99,3,59.97,2025-03-11
10,89.99,3,269.97,2025-03-11
15,29.99,1,29.99,2025-03-11
9,24.99,2,49.98,2025-03-11
14,79.99,3,239.97,2025-03-11
12,22.5,1,22.5,2025-03-11
13,74.99,3,224.97,2025-03-11
10,89.99,1,89.99,2025-03-11
6,18.75,1,18.75,2025-03-11
3,12.5,1,12.5,2025-03-11
10,89.99,2,179.98,2025-03-11
4,59.99,1,59.99,2025-03-11
14,79.99,1,79.99,2025-03-11
7,49.99,1,49.99,2025-03-11
14,79.99,1,79.99,2025-03-11
12,22.5,1,22.5,2025-03-11
1,19.99,1,19.99,2025-03-11
8,129.99,3,389.97,2025-03-11
6,18.75,1,18.75,2025-03-12
7,49.99,1,49.99,2025-03-12
9,24.99,1,24.99,2025-03-12
1,19.99,1,19.99,2025-03-12
12,22.5,2,45.0,2025-03-12
14,79.99,1,79.99,2025-03-12
10,89.99,1,89.99,2025-03-12
13,74.99,1,74.99,2025-03-12
5,69.99,1,69.99,2025-03-12
1,19.99,1,19.99,2025-03-12
8,129.99,1,129.99,2025-03-12
10,89.99,1,89.99,2025-03-12
11,39.99,1,39.99,2025-03-12
9,24.99,3,74.97,2025-03-12
7,49.99,1,49.99,2025-03-12
1,19.99,1,19.99,2025-03-12
14,79.99,1,79.99,2025-03-12
2,899.0,1,899.0,2025-03-12
1,19.99,2,39.98,2025-03-12
12,22.5,2,45.0,2025-03-12
12,22.5,1,22.5,2025-03-13
15,29.99,1,29.99,2025-03-13
6,18.75,1,18.75,2025-03-13
8,129.99,2,259.98,2025-03-13
6,18.75,1,18.75,2025-03-13
14,79.99,2,159.98,2025-03-13
8,129.99,1,129.99,2025-03-13
7,49.99,1,49.99,2025-03-13
5,69.99,1,69.99,2025-03-13
9,24.99,3,74.97,2025-03-13
9,24.99,1,24.99,2025-03-13
2,899.0,2,1798.0,2025-03-13
6,18.75,1,18.75,2025-03-13
13,74.99,3,224.97,2025-03-13
13,74.99,1,74.99,2025-03-13
10,89.99,1,89.99,2025-03-13
10,89.99,1,89.99,2025-03-13
15,29.99,1,29.99,2025-03-13
2,899.0,1,899.0,2025-03-13
5,69.99,1,69.99,2025-03-13
12,22.5,1,22.5,2025-03-13
13,74.99,1,74.99,2025-03-13
2,899.0,2,1798.0,2025-03-14
6,18.75,1,18.75,2025-03-14
6,18.75,1,18.75,2025-03-14
12,22.5,2,45.0,2025-03-14
13,74.99,1,74.99,2025-03-14
15,29.99,2,59.98,2025-03-14
8,129.99,1,129.99,2025-03-14
12,22.5,1,22.5,2025-03-14
5,69.99,2,139.98,2025-03-14
13,74.99,1,74.99,2025-03-14
4,59.99,1,59.99,2025-03-14
12,22.5,1,22.5,2025-03-14
14,79.99,2,159.98,2025-03-14
10,89.99,3,269.97,2025-03-14
15,29.99,1,29.99,2025-03-14
3,12.5,2,25.0,2025-03-14
5,69.99,3,209.97,2025-03-14
10,89.99,2,179.98,2025-03-14
2,899.0,1,899.0,2025-03-14
1,19.99,1,19.99,2025-03-14
3,12.5,1,12.5,2025-03-14
4,59.99,1,59.99,2025-03-14
15,29.99,2,59.98,2025-03-14
11,39.99,1,39.99,2025-03-14
3,12.5,1,12.5,2025-03-15
12,22.5,2,45.0,2025-03-15
11,39.99,1,39.99,2025-03-15
8,129.99,1,129.99,2025-03-15
11,39.99,1,39.99,2025-03-15
9,24.99,1,24.99,2025-03-15
15,29.99,2,59.98,2025-03-15
5,69.99,1,69.99,2025-03-15
7,49.99,2,99.98,2025-03-15
15,29.99,1,29.99,2025-03-15
1,19.99,1,19.99,2025-03-15
12,22.5,5,112.5,2025-03-15
10,89.99,1,89.99,2025-03-15
12,22.5,2,45.0,2025-03-15
10,89.99,1,89.99,2025-03-15
13,74.99,2,149.98,2025-03-15
4,59.99,1,59.99,2025-03-15
13,74.99,1,74.99,2025-03-15
4,59.99,3,179.97,2025-03-15
11,39.99,1,39.99,2025-03-15
10,89.99,3,269.97,2025-03-15
10,89.99,1,89.99,2025-03-15
13,74.99,5,374.95,2025-03-15
15,29.99,1,29.99,2025-03-15
2,899.0,1,899.0,2025-03-15
11,39.99,1,39.99,2025-03-15
1,19.99,2,39.98,2025-03-15
4,59.99,1,59.99,2025-03-15
15,29.99,1,29.99,2025-03-15
6,18.75,1,18.75,2025-03-15
8,129.99,1,129.99,2025-03-15
11,39.99,2,79.98,2025-03-15
2,899.0,1,899.0,2025-03-15
13,74.99,1,74.99,2025-03-15
5,69.99,1,69.99,2025-03-15
3,12.5,1,12.5,2025-03-15
14,79.99,4,319.96,2025-03-15
13,74.99,1,74.99,2025-03-16
4,59.99,1,59.99,2025-03-16
8,129.99,2,259.98,2025-03-16
11,39.99,1,39.99,2025-03-16
6,18.75,1,18.75,2025-03-16
14,79.99,4,319.96,2025-03-16
9,24.99,1,24.99,2025-03-16
9,24.99,1,24.99,2025-03-16
9,24.99,2,49.98,2025-03-16
2,899.0,1,899.0,2025-03-16
15,29.99,1,29.99,2025-03-16
13,74.99,2,149.98,2025-03-16
7,49.99,1,49.99,2025-03-16
7,49.99,2,99.98,2025-03-16
15,29.99,1,29.99,2025-03-16
15,29.99,1,29.99,2025-03-16
1,19.99,2,39.98,2025-03-16
6,18.75,1,18.75,2025-03-16
10,89.99,1,89.99,2025-03-16
10,89.99,1,89.99,2025-03-16
1,19.99,1,19.99,2025-03-16
9,24.99,2,49.98,2025-03-16
6,18.75,1,18.75,2025-03-16
7,49.99,2,99.98,2025-03-16
7,49.99,1,49.99,2025-03-16
10,89.99,1,89.99,2025-03-16
3,12.5,1,12.5,2025-03-16
6,18.75,1,18.75,2025-03-16
5,69.99,1,69.99,2025-03-16
4,59.99,1,59.99,2025-03-16
7,49.99,1,49.99,2025-03-17
7,49.99,1,49.99,2025-03-17
6,18.75,1,18.75,2025-03-17
9,24.99,2,49.98,2025-03-17
9,24.99,2,49.98,2025-03-17
10,89.99,3,269.97,2025-03-17
13,74.99,1,74.99,2025-03-17
1,19.99,1,19.99,2025-03-17
12,22.5,3,67.5,2025-03-17
10,89.99,2,179.98,2025-03-17
2,899.0,1,899.0,2025-03-17
9,24.99,1,24.99,2025-03-17
2,899.0,2,1798.0,2025-03-17
14,79.99,4,319.96,2025-03-17
7,49.99,3,149.97,2025-03-17
10,89.99,1,89.99,2025-03-17
7,49.99,1,49.99,2025-03-17
12,22.5,3,67.5,2025-03-17
14,79.99,1,79.99,2025-03-17
5,69.99,2,139.98,2025-03-17
12,22.5,2,45.0,2025-03-17
14,79.99,2,159.98,2025-03-17
1,19.99,1,19.99,2025-03-17
9,24.99,3,74.97,2025-03-17
3,12.5,2,25.0,2025-03-17
4,59.99,1,59.99,2025-03-18
13,74.99,1,74.99,2025-03-18
7,49.99,1,49.99,2025-03-18
12,22.5,3,67.5,2025-03-18
15,29.99,1,29.99,2025-03-18
5,69.99,1,69.99,2025-03-18
10,89.99,4,359.96,2025-03-18
6,18.75,1,18.75,2025-03-18
5,69.99,4,279.96,2025-03-18
1,19.99,2,39.98,2025-03-18
10,89.99,2,179.98,2025-03-18
7,49.99,4,199.96,2025-03-18
1,19.99,1,19.99,2025-03-18
12,22.5,1,22.5,2025-03-18
5,69.99,1,69.99,2025-03-18
14,79.99,1,79.99,2025-03-18
8,129.99,1,129.99,2025-03-19
12,22.5,1,22.5,2025-03-19
1,19.99,2,39.98,2025-03-19
9,24.99,1,24.99,2025-03-19
10,89.99,2,179.98,2025-03-19
13,74.99,2,149.98,2025-03-19
8,129.99,2,259.98,2025-03-19
12,22.5,1,22.5,2025-03-19
8,129.99,1,129.99,2025-03-19
5,69.99,1,69.99,2025-03-19
2,899.0,1,899.0,2025-03-19
2,899.0,1,899.0,2025-03-19
2,899.0,1,899.0,2025-03-19
13,74.99,2,149.98,2025-03-19
15,29.99,1,29.99,2025-03-19
9,24.99,1,24.99,2025-03-19
14,79.99,4,319.96,2025-03-19
5,69.99,1,69.99,2025-03-19
8,129.99,1,129.99,2025-03-19
13,74.99,1,74.99,2025-03-19
14,79.99,1,79.99,2025-03-19
9,24.99,2,49.98,2025-03-19
15,29.99,2,59.98,2025-03-19
15,29.99,1,29.99,2025-03-19
6,18.75,1,18.75,2025-03-19
8,129.99,1,129.99,2025-03-20
14,79.99,1,79.99,2025-03-20
13,74.99,1,74.99,2025-03-20
9,24.99,2,49.98,2025-03-20
13,74.99,3,224.97,2025-03-20
10,89.99,1,89.99,2025-03-20
6,18.75,1,18.75,2025-03-20
7,49.99,1,49.99,2025-03-20
5,69.99,2,139.98,2025-03-20
4,59.99,1,59.99,2025-03-20
11,39.99,2,79.98,2025-03-20
5,69.99,1,69.99,2025-03-20
10,89.99,1,89.99,2025-03-20
6,18.75,1,18.75,2025-03-20
15,29.99,3,89.97,2025-03-20
3,12.5,2,25.0,2025-03-20
15,29.99,1,29.99,2025-03-20
7,49.99,1,49.99,2025-03-20
7,49.99,2,99.98,2025-03-20
13,74.99,2,149.98,2025-03-20
3,12.5,1,12.5,2025-03-20
3,12.5,2,25.0,2025-03-20
13,74.99,1,74.99,2025-03-20
14,79.99,2,159.98,2025-03-20
11,39.99,1,39.99,2025-03-20
4,59.99,2,119.98,2025-03-20
1,19.99,1,19.99,2025-03-20
14,79.99,1,79.99,2025-03-20
10,89.99,1,89.99,2025-03-20
11,39.99,1,39.99,2025-03-20
11,39.99,1,39.99,2025-03-20
4,59.99,3,179.97,2025-03-21
9,24.99,2,49.98,2025-03-21
12,22.5,2,45.0,2025-03-21
15,29.99,2,59.98,2025-03-21
14,79.99,1,79.99,2025-03-21
14,79.99,1,79.99,2025-03-21
8,129.99,3,389.97,2025-03-21
13,74.99,1,74.99,2025-03-21
15,29.99,1,29.99,2025-03-21
6,18.75,2,37.5,2025-03-21
8,129.99,2,259.98,2025-03-21
15,29.99,2,59.98,2025-03-21
6,18.75,1,18.75,2025-03-21
14,79.99,1,79.99,2025-03-21
6,18.75,3,56.25,2025-03-21
6,18.75,1,18.75,2025-03-21
2,899.0,1,899.0,2025-03-21
6,18.75,1,18.75,2025-03-21
8,129.99,1,129.99,2025-03-21
14,79.99,1,79.99,2025-03-21
4,59.99,1,59.99,2025-03-21
11,39.99,2,79.98,2025-03-21
2,899.0,1,899.0,2025-03-21
2,899.0,1,899.0,2025-03-21
12,22.5,1,22.5,2025-03-21
11,39.99,1,39.99,2025-03-22
10,89.99,1,89.99,2025-03-22
13,74.99,1,74.99,2025-03-22
5,69.99,3,209.97,2025-03-22
13,74.99,4,299.96,2025-03-22
15,29.99,1,29.99,2025-03-22
10,89.99,2,179.98,2025-03-22
2,899.0,1,899.0,2025-03-22
11,39.99,1,39.99,2025-03-22
10,89.99,1,89.99,2025-03-22
9,24.99,1,24.99,2025-03-22
2,899.0,1,899.0,2025-03-22
2,899.0,1,899.0,2025-03-22
13,74.99,1,74.99,2025-03-22
10,89.99,2,179.98,2025-03-22
1,19.99,1,19.99,2025-03-22
5,69.99,1,69.99,2025-03-22
13,74.99,1,74.99,2025-03-22
15,29.99,1,29.99,2025-03-22
14,79.99,4,319.96,2025-03-22
7,49.99,3,149.97,2025-03-22
5,69.99,1,69.99,2025-03-22
1,19.99,1,19.99,2025-03-22
2,899.0,2,1798.0,2025-03-22
2,899.0,1,899.0,2025-03-23
2,899.0,1,899.0,2025-03-23
5,69.99,1,69.99,2025-03-23
8,129.99,1,129.99,2025-03-23
8,129.99,1,129.99,2025-03-23
5,69.99,1,69.99,2025-03-23
15,29.99,1,29.99,2025-03-23
4,59.99,1,59.99,2025-03-23
7,49.99,1,49.99,2025-03-23
10,89.99,1,89.99,2025-03-23
11,39.99,2,79.98,2025-03-23
8,129.99,3,389.97,2025-03-23
14,79.99,1,79.99,2025-03-23
12,22.5,1,22.5,2025-03-23
5,69.99,3,209.97,2025-03-23
6,18.75,2,37.5,2025-03-23
13,74.99,1,74.99,2025-03-23
4,59.99,1,59.99,2025-03-23
7,49.99,1,49.99,2025-03-24
8,129.99,3,389.97,2025-03-24
15,29.99,1,29.99,2025-03-24
6,18.75,1,18.75,2025-03-24
7,49.99,1,49.99,2025-03-24
1,19.99,2,39.98,2025-03-24
1,19.99,3,59.97,2025-03-24
10,89.99,5,449.95,2025-03-24
9,24.99,2,49.98,2025-03-24
2,899.0,2,1798.0,2025-03-24
7,49.99,1,49.99,2025-03-24
3,12.5,3,37.5,2025-03-24
13,74.99,1,74.99,2025-03-24
3,12.5,3,37.5,2025-03-24
6,18.75,2,37.5,2025-03-25
9,24.99,2,49.98,2025-03-25
10,89.99,1,89.99,2025-03-25
14,79.99,1,79.99,2025-03-25
2,899.0,1,899.0,2025-03-25
11,39.99,1,39.99,2025-03-25
8,129.99,2,259.98,2025-03-25
15,29.99,1,29.99,2025-03-25
12,22.5,1,22.5,2025-03-25
15,29.99,1,29.99,2025-03-25
14,79.99,1,79.99,2025-03-25
5,69.99,1,69.99,2025-03-25
14,79.99,1,79.99,2025-03-25
1,19.99,1,19.99,2025-03-25
10,89.99,1,89.99,2025-03-25
12,22.5,1,22.5,2025-03-25
6,18.75,1,18.75,2025-03-26
3,12.5,3,37.5,2025-03-26
10,89.99,1,89.99,2025-03-26
11,39.99,1,39.99,2025-03-26
10,89.99,2,179.98,2025-03-26
4,59.99,1,59.99,2025-03-26
14,79.99,2,159.98,2025-03-26
6,18.75,1,18.75,2025-03-26
3,12.5,1,12.5,2025-03-26
8,129.99,1,129.99,2025-03-26
9,24.99,1,24.99,2025-03-26
7,49.99,4,199.96,2025-03-26
10,89.99,1,89.99,2025-03-26
4,59.99,1,59.99,2025-03-26
3,12.5,3,37.5,2025-03-26
4,59.99,1,59.99,2025-03-26
14,79.99,1,79.99,2025-03-26
7,49.99,1,49.99,2025-03-26
15,29.99,1,29.99,2025-03-26
10,89.99,1,89.99,2025-03-26
14,79.99,1,79.99,2025-03-26
2,899.0,1,899.0,2025-03-26
3,12.5,4,50.0,2025-03-26
12,22.5,1,22.5,2025-03-26
8,129.99,1,129.99,2025-03-26
5,69.99,3,209.97,2025-03-26
8,129.99,1,129.99,2025-03-26
2,899.0,1,899.0,2025-03-26
11,39.99,1,39.99,2025-03-27
13,74.99,1,74.99,2025-03-27
2,899.0,1,899.0,2025-03-27
1,19.99,1,19.99,2025-03-27
8,129.99,1,129.99,2025-03-27
2,899.0,2,1798.0,2025-03-27
10,89.99,1,89.99,2025-03-27
4,59.99,2,119.98,2025-03-27
14,79.99,1,79.99,2025-03-27
3,12.5,1,12.5,2025-03-27
4,59.99,1,59.99,2025-03-27
1,19.99,1,19.99,2025-03-27
13,74.99,1,74.99,2025-03-27
15,29.99,1,29.99,2025-03-27
12,22.5,1,22.5,2025-03-28
12,22.5,2,45.0,2025-03-28
8,129.99,1,129.99,2025-03-28
2,899.0,1,899.0,2025-03-28
2,899.0,3,2697.0,2025-03-28
11,39.99,4,159.96,2025-03-28
6,18.75,1,18.75,2025-03-28
11,39.99,2,79.98,2025-03-28
10,89.99,1,89.99,2025-03-28
7,49.99,1,49.99,2025-03-28
3,12.5,1,12.5,2025-03-28
6,18.75,1,18.75,2025-03-28
15,29.99,1,29.99,2025-03-28
2,899.0,1,899.0,2025-03-28
12,22.5,1,22.5,2025-03-28
15,29.99,1,29.99,2025-03-28
6,18.75,1,18.75,2025-03-28
6,18.75,2,37.5,2025-03-28
7,49.99,2,99.98,2025-03-28
12,22.5,1,22.5,2025-03-28
10,89.99,1,89.99,2025-03-28
9,24.99,1,24.99,2025-03-28
5,69.99,1,69.99,2025-03-28
4,59.99,2,119.98,2025-03-28
4,59.99,3,179.97,2025-03-28
12,22.5,1,22.5,2025-03-28
11,39.99,1,39.99,2025-03-28
5,69.99,1,69.99,2025-03-28
11,39.99,1,39.99,2025-03-28
4,59.99,1,59.99,2025-03-28
5,69.99,2,139.98,2025-03-28
8,129.99,5,649.95,2025-03-28
12,22.5,2,45.0,2025-03-28
4,59.99,1,59.99,2025-03-28
13,74.99,1,74.99,2025-03-28
1,19.99,1,19.99,2025-03-28
4,59.99,1,59.99,2025-03-29
4,59.99,1,59.99,2025-03-29
7,49.99,1,49.99,2025-03-29
12,22.5,1,22.5,2025-03-29
1,19.99,2,39.98,2025-03-29
11,39.99,2,79.98,2025-03-29
2,899.0,1,899.0,2025-03-29
7,49.99,1,49.99,2025-03-29
15,29.99,1,29.99,2025-03-29
10,89.99,2,179.98,2025-03-29
2,899.0,1,899.0,2025-03-29
11,39.99,1,39.99,2025-03-29
1,19.99,1,19.99,2025-03-29
9,24.99,1,24.99,2025-03-29
13,74.99,1,74.99,2025-03-29
9,24.99,1,24.99,2025-03-29
10,89.99,1,89.99,2025-03-29
6,18.75,1,18.75,2025-03-29
14,79.99,1,79.99,2025-03-29
5,69.99,1,69.99,2025-03-29
7,49.99,1,49.99,2025-03-29
10,89.99,1,89.99,2025-03-29
4,59.99,1,59.99,2025-03-29
12,22.5,1,22.5,2025-03-29
15,29.99,1,29.99,2025-03-29
6,18.75,1,18.75,2025-03-29
3,12.5,2,25.0,2025-03-29
14,79.99,1,79.99,2025-03-29
6,18.75,1,18.75,2025-03-29
7,49.99,3,149.97,2025-03-29
3,12.5,2,25.0,2025-03-29
9,24.99,1,24.99,2025-03-29
14,79.99,1,79.99,2025-03-29
6,18.75,1,18.75,2025-03-29
11,39.99,2,79.98,2025-03-29
3,12.5,3,37.5,2025-03-30
14,79.99,2,159.98,2025-03-30
15,29.99,1,29.99,2025-03-30
3,12.5,1,12.5,2025-03-30
11,39.99,2,79.98,2025-03-30
6,18.75,1,18.75,2025-03-30
12,22.5,2,45.0,2025-03-30
12,22.5,2,45.0,2025-03-30
1,19.99,1,19.99,2025-03-30
11,39.99,1,39.99,2025-03-30
7,49.99,2,99.98,2025-03-30
3,12.5,1,12.5,2025-03-30
11,39.99,1,39.99,2025-03-30
12,22.5,1,22.5,2025-03-30
14,79.99,1,79.99,2025-03-30
3,12.5,1,12.5,2025-03-30
2,899.0,1,899.0,2025-03-30
10,89.99,1,89.99,2025-03-30
8,129.99,1,129.99,2025-03-30
2,899.0,3,2697.0,2025-03-30
13,74.99,1,74.99,2025-03-31
1,19.99,1,19.99,2025-03-31
5,69.99,1,69.99,2025-03-31
5,69.99,1,69.99,2025-03-31
1,19.99,2,39.98,2025-03-31
10,89.99,1,89.99,2025-03-31
12,22.5,2,45.0,2025-03-31
5,69.99,1,69.99,2025-03-31
13,74.99,1,74.99,2025-03-31
4,59.99,2,119.98,2025-03-31
3,12.5,3,37.5,2025-03-31
15,29.99,2,59.98,2025-03-31
14,79.99,1,79.99,2025-03-31
2,899.0,3,2697.0,2025-03-31
7,49.99,2,99.98,2025-03-31
5,69.99,1,69.99,2025-03-31
7,49.99,4,199.96,2025-03-31
4,59.99,3,179.97,2025-03-31
13,74.99,1,74.99,2025-03-31
13,74.99,2,149.98,2025-03-31
10,89.99,1,89.99,2025-03-31
10,89.99,1,89.99,2025-03-31
2,899.0,5,4495.0,2025-03-31
1,19.99,1,19.99,2025-04-01
3,12.5,1,12.5,2025-04-01
13,74.99,1,74.99,2025-04-01
10,89.99,1,89.99,2025-04-01
15,29.99,1,29.99,2025-04-01
5,69.99,2,139.98,2025-04-01
12,22.5,1,22.5,2025-04-01
4,59.99,1,59.99,2025-04-01
9,24.99,3,74.97,2025-04-01
15,29.99,1,29.99,2025-04-01
15,29.99,1,29.99,2025-04-01
12,22.5,5,112.5,2025-04-01
15,29.99,1,29.99,2025-04-01
4,59.99,1,59.99,2025-04-01
8,129.99,1,129.99,2025-04-01
12,22.5,2,45.0,2025-04-01
3,12.5,1,12.5,2025-04-01
11,39.99,1,39.99,2025-04-01
1,19.99,1,19.99,2025-04-01
5,69.99,1,69.99,2025-04-01
6,18.75,2,37.5,2025-04-01
10,89.99,1,89.99,2025-04-01
4,59.99,2,119.98,2025-04-01
14,79.99,1,79.99,2025-04-01
15,29.99,2,59.98,2025-04-01
9,24.99,1,24.99,2025-04-01
15,29.99,3,89.97,2025-04-02
8,129.99,1,129.99,2025-04-02
7,49.99,1,49.99,2025-04-02
4,59.99,3,179.97,2025-04-02
12,22.5,1,22.5,2025-04-02
13,74.99,1,74.99,2025-04-02
13,74.99,3,224.97,2025-04-02
13,74.99,1,74.99,2025-04-02
15,29.99,1,29.99,2025-04-02
7,49.99,1,49.99,2025-04-02
7,49.99,1,49.99,2025-04-02
2,899.0,1,899.0,2025-04-02
5,69.99,2,139.98,2025-04-02
3,12.5,3,37.5,2025-04-02
9,24.99,1,24.99,2025-04-02
9,24.99,1,24.99,2025-04-02
9,24.99,2,49.98,2025-04-02
2,899.0,5,4495.0,2025-04-02
10,89.99,1,89.99,2025-04-02
7,49.99,1,49.99,2025-04-02
5,69.99,1,69.99,2025-04-02
8,129.99,3,389.97,2025-04-02
6,18.75,1,18.75,2025-04-02
2,899.0,2,1798.0,2025-04-02
14,79.99,1,79.99,2025-04-02
12,22.5,3,67.5,2025-04-02
11,39.99,2,79.98,2025-04-02
13,74.99,1,74.99,2025-04-03
2,899.0,1,899.0,2025-04-03
4,59.99,2,119.98,2025-04-03
9,24.99,1,24.99,2025-04-03
6,18.75,2,37.5,2025-04-03
5,69.99,1,69.99,2025-04-03
3,12.5,2,25.0,2025-04-03
8,129.99,3,389.97,2025-04-03
15,29.99,2,59.98,2025-04-03
13,74.99,3,224.97,2025-04-03
9,24.99,1,24.99,2025-04-03
4,59.99,2,119.98,2025-04-03
10,89.99,1,89.99,2025-04-03
12,22.5,1,22.5,2025-04-03
15,29.99,3,89.97,2025-04-03
2,899.0,4,3596.0,2025-04-03
12,22.5,1,22.5,2025-04-04
12,22.5,2,45.0,2025-04-04
3,12.5,1,12.5,2025-04-04
10,89.99,1,89.99,2025-04-04
10,89.99,1,89.99,2025-04-04
9,24.99,1,24.99,2025-04-04
7,49.99,2,99.98,2025-04-04
15,29.99,1,29.99,2025-04-04
1,19.99,2,39.98,2025-04-04
4,59.99,1,59.99,2025-04-04
11,39.99,2,79.98,2025-04-04
7,49.99,2,99.98,2025-04-04
9,24.99,1,24.99,2025-04-04
12,22.5,1,22.5,2025-04-04
5,69.99,1,69.99,2025-04-04
8,129.99,1,129.99,2025-04-04
14,79.99,1,79.99,2025-04-04
2,899.0,2,1798.0,2025-04-04
9,24.99,2,49.98,2025-04-04
15,29.99,1,29.99,2025-04-04
11,39.99,1,39.99,2025-04-04
11,39.99,3,119.97,2025-04-04
13,74.99,1,74.99,2025-04-04
10,89.99,2,179.98,2025-04-04
9,24.99,2,49.98,2025-04-04
11,39.99,1,39.99,2025-04-04
9,24.99,1,24.99,2025-04-04
15,29.99,1,29.99,2025-04-04
5,69.99,1,69.99,2025-04-04
10,89.99,1,89.99,2025-04-04
5,69.99,1,69.99,2025-04-04
15,29.99,1,29.99,2025-04-04
3,12.5,1,12.5,2025-04-05
2,899.0,1,899.0,2025-04-05
3,12.5,1,12.5,2025-04-05
6,18.75,1,18.75,2025-04-05
8,129.99,1,129.99,2025-04-05
5,69.99,1,69.99,2025-04-05
1,19.99,2,39.98,2025-04-05
12,22.5,1,22.5,2025-04-05
10,89.99,1,89.99,2025-04-05
11,39.99,2,79.98,2025-04-05
4,59.99,1,59.99,2025-04-05
5,69.99,1,69.99,2025-04-05
6,18.75,4,75.0,2025-04-05
13,74.99,1,74.99,2025-04-05
6,18.75,2,37.5,2025-04-05
2,899.0,2,1798.0,2025-04-05
7,49.99,2,99.98,2025-04-05
13,74.99,2,149.98,2025-04-05
8,129.99,1,129.99,2025-04-05
3,12.5,2,25.0,2025-04-05
8,129.99,1,129.99,2025-04-05
6,18.75,2,37.5,2025-04-05
12,22.5,4,90.0,2025-04-05
3,12.5,1,12.5,2025-04-05
10,89.99,3,269.97,2025-04-05
12,22.5,1,22.5,2025-04-05
6,18.75,1,18.75,2025-04-05
10,89.99,1,89.99,2025-04-05
6,18.75,3,56.25,2025-04-05
14,79.99,1,79.99,2025-04-05
13,74.99,1,74.99,2025-04-05
10,89.99,1,89.99,2025-04-05
4,59.99,1,59.99,2025-04-05
1,19.99,3,59.97,2025-04-05
8,129.99,1,129.99,2025-04-05
2,899.0,3,2697.0,2025-04-05
10,89.99,3,269.97,2025-04-05
2,899.0,2,1798.0,2025-04-05
6,18.75,1,18.75,2025-04-05
2,899.0,2,1798.0,2025-04-05
15,29.99,2,59.98,2025-04-05
3,12.5,1,12.5,2025-04-05
9,24.99,5,124.95,2025-04-05
13,74.99,1,74.99,2025-04-05
8,129.99,1,129.99,2025-04-05
3,12.5,1,12.5,2025-04-05
12,22.5,1,22.5,2025-04-05
11,39.99,2,79.98,2025-04-05
14,79.99,1,79.99,2025-04-05
1,19.99,1,19.99,2025-04-05
12,22.5,3,67.5,2025-04-05
2,899.0,1,899.0,2025-04-05
8,129.99,1,129.99,2025-04-06
9,24.99,1,24.99,2025-04-06
2,899.0,1,899.0,2025-04-06
11,39.99,2,79.98,2025-04-06
9,24.99,1,24.99,2025-04-06
6,18.75,2,37.5,2025-04-06
4,59.99,1,59.99,2025-04-06
15,29.99,1,29.99,2025-04-06
11,39.99,1,39.99,2025-04-06
9,24.99,1,24.99,2025-04-06
15,29.99,1,29.99,2025-04-06
10,89.99,2,179.98,2025-04-06
3,12.5,2,25.0,2025-04-06
7,49.99,1,49.99,2025-04-06
1,19.99,1,19.99,2025-04-06
15,29.99,1,29.99,2025-04-06
9,24.99,1,24.99,2025-04-06
10,89.99,2,179.98,2025-04-06
8,129.99,1,129.99,2025-04-06
8,129.99,1,129.99,2025-04-06
15,29.99,1,29.99,2025-04-06
8,129.99,2,259.98,2025-04-06
1,19.99,1,19.99,2025-04-06
10,89.99,1,89.99,2025-04-06
9,24.99,1,24.99,2025-04-06
5,69.99,1,69.99,2025-04-06
14,79.99,1,79.99,2025-04-06
10,89.99,2,179.98,2025-04-06
5,69.99,4,279.96,2025-04-06
14,79.99,2,159.98,2025-04-06
7,49.99,2,99.98,2025-04-07
1,19.99,1,19.99,2025-04-07
14,79.99,4,319.96,2025-04-07
6,18.75,1,18.75,2025-04-07
11,39.99,1,39.99,2025-04-07
5,69.99,1,69.99,2025-04-07
10,89.99,1,89.99,2025-04-07
1,19.99,1,19.99,2025-04-07
3,12.5,3,37.5,2025-04-07
9,24.99,1,24.99,2025-04-07
4,59.99,1,59.99,2025-04-07
2,899.0,1,899.0,2025-04-08
15,29.99,1,29.99,2025-04-08
12,22.5,1,22.5,2025-04-08
9,24.99,1,24.99,2025-04-08
10,89.99,1,89.99,2025-04-08
9,24.99,1,24.99,2025-04-08
1,19.99,2,39.98,2025-04-08
3,12.5,1,12.5,2025-04-08
14,79.99,1,79.99,2025-04-08
7,49.99,1,49.99,2025-04-08
15,29.99,1,29.99,2025-04-08
8,129.99,1,129.99,2025-04-08
11,39.99,3,119.97,2025-04-08
13,74.99,2,149.98,2025-04-08
12,22.5,3,67.5,2025-04-09
10,89.99,1,89.99,2025-04-09
8,129.99,1,129.99,2025-04-09
12,22.5,3,67.5,2025-04-09
11,39.99,3,119.97,2025-04-09
4,59.99,2,119.98,2025-04-09
9,24.99,3,74.97,2025-04-09
10,89.99,1,89.99,2025-04-09
2,899.0,3,2697.0,2025-04-09
10,89.99,1,89.99,2025-04-09
3,12.5,1,12.5,2025-04-09
9,24.99,1,24.99,2025-04-09
6,18.75,5,93.75,2025-04-09
12,22.5,2,45.0,2025-04-09
6,18.75,1,18.75,2025-04-09
11,39.99,1,39.99,2025-04-09
3,12.5,1,12.5,2025-04-09
13,74.99,2,149.98,2025-04-09
8,129.99,1,129.99,2025-04-09
3,12.5,1,12.5,2025-04-09
11,39.99,1,39.99,2025-04-09
5,69.99,2,139.98,2025-04-09
9,24.99,2,49.98,2025-04-09
5,69.99,1,69.99,2025-04-09
12,22.5,2,45.0,2025-04-09
13,74.99,1,74.99,2025-04-09
1,19.99,1,19.99,2025-04-09
8,129.99,2,259.98,2025-04-10
1,19.99,2,39.98,2025-04-10
9,24.99,2,49.98,2025-04-10
6,18.75,2,37.5,2025-04-10
7,49.99,1,49.99,2025-04-10
5,69.99,1,69.99,2025-04-10
8,129.99,1,129.99,2025-04-10
9,24.99,2,49.98,2025-04-10
15,29.99,1,29.99,2025-04-10
15,29.99,1,29.99,2025-04-10
11,39.99,3,119.97,2025-04-10
3,12.5,4,50.0,2025-04-10
6,18.75,1,18.75,2025-04-10
10,89.99,3,269.97,2025-04-10
5,69.99,1,69.99,2025-04-10
10,89.99,1,89.99,2025-04-10
4,59.99,3,179.97,2025-04-11
3,12.5,3,37.5,2025-04-11
6,18.75,1,18.75,2025-04-11
5,69.99,2,139.98,2025-04-11
14,79.99,3,239.97,2025-04-11
11,39.99,1,39.99,2025-04-11
9,24.99,5,124.95,2025-04-11
8,129.99,1,129.99,2025-04-11
14,79.99,1,79.99,2025-04-11
11,39.99,1,39.99,2025-04-11
13,74.99,1,74.99,2025-04-11
9,24.99,1,24.99,2025-04-11
12,22.5,2,45.0,2025-04-11
7,49.99,1,49.99,2025-04-11
14,79.99,1,79.99,2025-04-11
4,59.99,1,59.99,2025-04-11
3,12.5,1,12.5,2025-04-11
13,74.99,1,74.99,2025-04-11
2,899.0,1,899.0,2025-04-11
15,29.99,3,89.97,2025-04-11
13,74.99,4,299.96,2025-04-11
9,24.99,1,24.99,2025-04-11
15,29.99,2,59.98,2025-04-11
15,29.99,3,89.97,2025-04-11
14,79.99,1,79.99,2025-04-11
10,89.99,1,89.99,2025-04-11
9,24.99,1,24.99,2025-04-11
3,12.5,5,62.5,2025-04-11
4,59.99,1,59.99,2025-04-11
13,74.99,1,74.99,2025-04-11
4,59.99,1,59.99,2025-04-11
15,29.99,3,89.97,2025-04-11
11,39.99,1,39.99,2025-04-11
3,12.5,1,12.5,2025-04-12
7,49.99,1,49.99,2025-04-12
2,899.0,1,899.0,2025-04-12
12,22.5,2,45.0,2025-04-12
11,39.99,1,39.99,2025-04-12
5,69.99,1,69.99,2025-04-12
12,22.5,1,22.5,2025-04-12
15,29.99,1,29.99,2025-04-12
2,899.0,1,899.0,2025-04-12
5,69.99,1,69.99,2025-04-12
15,29.99,1,29.99,2025-04-12
8,129.99,1,129.99,2025-04-12
10,89.99,2,179.98,2025-04-12
3,12.5,2,25.0,2025-04-12
14,79.99,1,79.99,2025-04-12
8,129.99,2,259.98,2025-04-12
9,24.99,5,124.95,2025-04-12
4,59.99,1,59.99,2025-04-12
1,19.99,1,19.99,2025-04-12
4,59.99,1,59.99,2025-04-12
4,59.99,1,59.99,2025-04-12
1,19.99,3,59.97,2025-04-12
4,59.99,1,59.99,2025-04-12
11,39.99,2,79.98,2025-04-12
3,12.5,1,12.5,2025-04-12
5,69.99,1,69.99,2025-04-12
10,89.99,1,89.99,2025-04-12
13,74.99,1,74.99,2025-04-12
4,59.99,1,59.99,2025-04-12
11,39.99,1,39.99,2025-04-12
9,24.99,2,49.98,2025-04-12
5,69.99,1,69.99,2025-04-12
10,89.99,1,89.99,2025-04-12
4,59.99,1,59.99,2025-04-12
15,29.99,1,29.99,2025-04-12
15,29.99,3,89.97,2025-04-12
6,18.75,1,18.75,2025-04-12
2,899.0,1,899.0,2025-04-12
2,899.0,3,2697.0,2025-04-12
13,74.99,1,74.99,2025-04-12
7,49.99,2,99.98,2025-04-12
14,79.99,1,79.99,2025-04-12
12,22.5,2,45.0,2025-04-12
15,29.99,2,59.98,2025-04-12
10,89.99,1,89.99,2025-04-12
3,12.5,1,12.5,2025-04-12
6,18.75,1,18.75,2025-04-13
4,59.99,1,59.99,2025-04-13
12,22.5,1,22.5,2025-04-13
15,29.99,2,59.98,2025-04-13
5,69.99,1,69.99,2025-04-13
5,69.99,1,69.99,2025-04-13
13,74.99,2,149.98,2025-04-13
3,12.5,1,12.5,2025-04-13
4,59.99,1,59.99,2025-04-13
14,79.99,2,159.98,2025-04-13
1,19.99,1,19.99,2025-04-13
5,69.99,3,209.97,2025-04-13
14,79.99,2,159.98,2025-04-13
8,129.99,1,129.99,2025-04-13
8,129.99,5,649.95,2025-04-13
13,74.99,1,74.99,2025-04-13
15,29.99,1,29.99,2025-04-13
4,59.99,1,59.99,2025-04-13
6,18.75,1,18.75,2025-04-13
4,59.99,1,59.99,2025-04-13
15,29.99,4,119.96,2025-04-13
7,49.99,1,49.99,2025-04-13
12,22.5,1,22.5,2025-04-14
2,899.0,1,899.0,2025-04-14
8,129.99,1,129.99,2025-04-14
3,12.5,1,12.5,2025-04-14
15,29.99,2,59.98,2025-04-14
10,89.99,1,89.99,2025-04-14
12,22.5,1,22.5,2025-04-14
15,29.99,1,29.99,2025-04-14
12,22.5,1,22.5,2025-04-14
10,89.99,1,89.99,2025-04-14
12,22.5,2,45.0,2025-04-14
2,899.0,2,1798.0,2025-04-15
4,59.99,2,119.98,2025-04-15
10,89.99,1,89.99,2025-04-15
15,29.99,1,29.99,2025-04-15
7,49.99,1,49.99,2025-04-15
4,59.99,1,59.99,2025-04-15
2,899.0,3,2697.0,2025-04-15
10,89.99,1,89.99,2025-04-15
4,59.99,1,59.99,2025-04-15
5,69.99,1,69.99,2025-04-15
6,18.75,1,18.75,2025-04-15
10,89.99,2,179.98,2025-04-15
13,74.99,2,149.98,2025-04-15
7,49.99,1,49.99,2025-04-15
3,12.5,1,12.5,2025-04-15
4,59.99,1,59.99,2025-04-15
8,129.99,1,129.99,2025-04-15
1,19.99,3,59.97,2025-04-15
4,59.99,1,59.99,2025-04-15
9,24.99,3,74.97,2025-04-16
6,18.75,1,18.75,2025-04-16
7,49.99,1,49.99,2025-04-16
3,12.5,1,12.5,2025-04-16
10,89.99,2,179.98,2025-04-16
3,12.5,1,12.5,2025-04-16
1,19.99,1,19.99,2025-04-16
2,899.0,3,2697.0,2025-04-16
15,29.99,2,59.98,2025-04-16
11,39.99,2,79.98,2025-04-16
11,39.99,1,39.99,2025-04-16
10,89.99,2,179.98,2025-04-16
12,22.5,2,45.0,2025-04-16
10,89.99,1,89.99,2025-04-16
10,89.99,2,179.98,2025-04-16
2,899.0,1,899.0,2025-04-16
10,89.99,1,89.99,2025-04-16
8,129.99,3,389.97,2025-04-16
15,29.99,1,29.99,2025-04-16
13,74.99,2,149.98,2025-04-16
5,69.99,1,69.99,2025-04-16
3,12.5,2,25.0,2025-04-16
8,129.99,1,129.99,2025-04-16
15,29.99,2,59.98,2025-04-16
5,69.99,1,69.99,2025-04-17
7,49.99,1,49.99,2025-04-17
11,39.99,1,39.99,2025-04-17
13,74.99,1,74.99,2025-04-17
7,49.99,1,49.99,2025-04-17
6,18.75,1,18.75,2025-04-17
4,59.99,2,119.98,2025-04-17
9,24.99,2,49.98,2025-04-17
14,79.99,4,319.96,2025-04-17
7,49.99,2,99.98,2025-04-17
15,29.99,1,29.99,2025-04-17
13,74.99,1,74.99,2025-04-17
7,49.99,1,49.99,2025-04-17
5,69.99,1,69.99,2025-04-17
5,69.99,1,69.99,2025-04-17
9,24.99,1,24.99,2025-04-17
2,899.0,1,899.0,2025-04-17
10,89.99,1,89.99,2025-04-17
10,89.99,1,89.99,2025-04-17
15,29.99,1,29.99,2025-04-17
1,19.99,1,19.99,2025-04-17
14,79.99,2,159.98,2025-04-17
7,49.99,1,49.99,2025-04-17
9,24.99,3,74.97,2025-04-17
15,29.99,2,59.98,2025-04-17
5,69.99,1,69.99,2025-04-17
14,79.99,2,159.98,2025-04-18
15,29.99,1,29.99,2025-04-18
15,29.99,1,29.99,2025-04-18
1,19.99,1,19.99,2025-04-18
10,89.99,1,89.99,2025-04-18
4,59.99,2,119.98,2025-04-18
9,24.99,1,24.99,2025-04-18
12,22.5,3,67.5,2025-04-18
12,22.5,1,22.5,2025-04-18
7,49.99,2,99.98,2025-04-18
8,129.99,1,129.99,2025-04-18
8,129.99,1,129.99,2025-04-18
10,89.99,1,89.99,2025-04-18
14,79.99,1,79.99,2025-04-18
6,18.75,1,18.75,2025-04-18
8,129.99,2,259.98,2025-04-18
1,19.99,2,39.98,2025-04-18
5,69.99,2,139.98,2025-04-18
7,49.99,2,99.98,2025-04-18
3,12.5,1,12.5,2025-04-18
12,22.5,1,22.5,2025-04-18
15,29.99,1,29.99,2025-04-18
10,89.99,1,89.99,2025-04-18
7,49.99,1,49.99,2025-04-18
10,89.99,3,269.97,2025-04-18
13,74.99,1,74.99,2025-04-18
11,39.99,1,39.99,2025-04-18
3,12.5,2,25.0,2025-04-18
4,59.99,1,59.99,2025-04-19
8,129.99,1,129.99,2025-04-19
13,74.99,1,74.99,2025-04-19
4,59.99,1,59.99,2025-04-19
5,69.99,1,69.99,2025-04-19
5,69.99,1,69.99,2025-04-19
5,69.99,1,69.99,2025-04-19
1,19.99,5,99.95,2025-04-19
7,49.99,2,99.98,2025-04-19
10,89.99,2,179.98,2025-04-19
4,59.99,1,59.99,2025-04-19
13,74.99,1,74.99,2025-04-19
14,79.99,1,79.99,2025-04-19
10,89.99,1,89.99,2025-04-19
4,59.99,1,59.99,2025-04-19
12,22.5,4,90.0,2025-04-19
13,74.99,3,224.97,2025-04-19
2,899.0,1,899.0,2025-04-19
15,29.99,1,29.99,2025-04-19
3,12.5,1,12.5,2025-04-19
13,74.99,1,74.99,2025-04-19
7,49.99,1,49.99,2025-04-19
15,29.99,1,29.99,2025-04-19
12,22.5,1,22.5,2025-04-19
4,59.99,1,59.99,2025-04-19
14,79.99,1,79.99,2025-04-19
4,59.99,2,119.98,2025-04-19
9,24.99,2,49.98,2025-04-19
8,129.99,1,129.99,2025-04-19
5,69.99,1,69.99,2025-04-19
7,49.99,1,49.99,2025-04-20
5,69.99,1,69.99,2025-04-20
12,22.5,1,22.5,2025-04-20
3,12.5,2,25.0,2025-04-20
2,899.0,1,899.0,2025-04-20
12,22.5,2,45.0,2025-04-20
11,39.99,1,39.99,2025-04-20
7,49.99,2,99.98,2025-04-20
15,29.99,1,29.99,2025-04-20
3,12.5,4,50.0,2025-04-20
7,49.99,2,99.98,2025-04-20
9,24.99,3,74.97,2025-04-20
15,29.99,2,59.98,2025-04-20
9,24.99,1,24.99,2025-04-20
4,59.99,1,59.99,2025-04-20
3,12.5,2,25.0,2025-04-20
15,29.99,1,29.99,2025-04-20
12,22.5,1,22.5,2025-04-20
14,79.99,1,79.99,2025-04-20
7,49.99,1,49.99,2025-04-20
3,12.5,1,12.5,2025-04-20
4,59.99,1,59.99,2025-04-20
11,39.99,1,39.99,2025-04-20
10,89.99,1,89.99,2025-04-20
2,899.0,1,899.0,2025-04-20
13,74.99,1,74.99,2025-04-20
6,18.75,3,56.25,2025-04-20
2,899.0,1,899.0,2025-04-20
1,19.99,1,19.99,2025-04-20
9,24.99,1,24.99,2025-04-20
13,74.99,2,149.98,2025-04-21
14,79.99,1,79.99,2025-04-21
13,74.99,1,74.99,2025-04-21
14,79.99,2,159.98,2025-04-21
4,59.99,1,59.99,2025-04-21
11,39.99,1,39.99,2025-04-21
2,899.0,2,1798.0,2025-04-21
13,74.99,1,74.99,2025-04-21
12,22.5,3,67.5,2025-04-21
1,19.99,1,19.99,2025-04-21
5,69.99,2,139.98,2025-04-22
1,19.99,5,99.95,2025-04-22
12,22.5,1,22.5,2025-04-22
1,19.99,1,19.99,2025-04-22
12,22.5,1,22.5,2025-04-22
3,12.5,1,12.5,2025-04-22
5,69.99,1,69.99,2025-04-22
1,19.99,1,19.99,2025-04-22
15,29.99,1,29.99,2025-04-22
10,89.99,2,179.98,2025-04-22
6,18.75,2,37.5,2025-04-22
5,69.99,1,69.99,2025-04-22
7,49.99,1,49.99,2025-04-22
4,59.99,1,59.99,2025-04-22
10,89.99,1,89.99,2025-04-22
4,59.99,1,59.99,2025-04-23
5,69.99,2,139.98,2025-04-23
12,22.5,3,67.5,2025-04-23
3,12.5,1,12.5,2025-04-23
15,29.99,2,59.98,2025-04-23
7,49.99,1,49.99,2025-04-23
8,129.99,1,129.99,2025-04-23
14,79.99,1,79.99,2025-04-23
10,89.99,1,89.99,2025-04-23
10,89.99,2,179.98,2025-04-23
10,89.99,1,89.99,2025-04-23
3,12.5,1,12.5,2025-04-23
11,39.99,1,39.99,2025-04-23
9,24.99,1,24.99,2025-04-23
7,49.99,1,49.99,2025-04-23
15,29.99,1,29.99,2025-04-23
11,39.99,1,39.99,2025-04-23
5,69.99,1,69.99,2025-04-23
10,89.99,1,89.99,2025-04-23
10,89.99,1,89.99,2025-04-23
12,22.5,1,22.5,2025-04-23
5,69.99,1,69.99,2025-04-23
6,18.75,1,18.75,2025-04-23
15,29.99,1,29.99,2025-04-23
6,18.75,1,18.75,2025-04-23
8,129.99,1,129.99,2025-04-24
12,22.5,1,22.5,2025-04-24
8,129.99,1,129.99,2025-04-24
8,129.99,1,129.99,2025-04-24
10,89.99,3,269.97,2025-04-24
9,24.99,1,24.99,2025-04-24
11,39.99,1,39.99,2025-04-24
9,24.99,1,24.99,2025-04-24
7,49.99,2,99.98,2025-04-24
12,22.5,1,22.5,2025-04-24
4,59.99,2,119.98,2025-04-24
15,29.99,2,59.98,2025-04-24
11,39.99,1,39.99,2025-04-24
2,899.0,1,899.0,2025-04-24
3,12.5,1,12.5,2025-04-25
13,74.99,3,224.97,2025-04-25
13,74.99,1,74.99,2025-04-25
13,74.99,1,74.99,2025-04-25
4,59.99,1,59.99,2025-04-25
5,69.99,1,69.99,2025-04-25
11,39.99,1,39.99,2025-04-25
7,49.99,1,49.99,2025-04-25
1,19.99,1,19.99,2025-04-25
13,74.99,1,74.99,2025-04-25
1,19.99,1,19.99,2025-04-25
10,89.99,1,89.99,2025-04-25
7,49.99,2,99.98,2025-04-25
15,29.99,1,29.99,2025-04-25
6,18.75,1,18.75,2025-04-25
6,18.75,1,18.75,2025-04-25
11,39.99,1,39.99,2025-04-25
15,29.99,1,29.99,2025-04-25
2,899.0,1,899.0,2025-04-25
7,49.99,1,49.99,2025-04-26
7,49.99,1,49.99,2025-04-26
10,89.99,1,89.99,2025-04-26
1,19.99,1,19.99,2025-04-26
1,19.99,2,39.98,2025-04-26
4,59.99,1,59.99,2025-04-26
5,69.99,1,69.99,2025-04-26
10,89.99,1,89.99,2025-04-26
11,39.99,1,39.99,2025-04-26
3,12.5,1,12.5,2025-04-26
5,69.99,1,69.99,2025-04-26
6,18.75,1,18.75,2025-04-26
11,39.99,1,39.99,2025-04-26
2,899.0,1,899.0,2025-04-26
14,79.99,1,79.99,2025-04-26
7,49.99,1,49.99,2025-04-26
7,49.99,3,149.97,2025-04-26
10,89.99,1,89.99,2025-04-26
13,74.99,1,74.99,2025-04-26
4,59.99,2,119.98,2025-04-26
11,39.99,3,119.97,2025-04-26
1,19.99,1,19.99,2025-04-26
12,22.5,1,22.5,2025-04-26
7,49.99,2,99.98,2025-04-26
14,79.99,1,79.99,2025-04-26
5,69.99,2,139.98,2025-04-26
10,89.99,1,89.99,2025-04-26
3,12.5,1,12.5,2025-04-26
8,129.99,1,129.99,2025-04-27
1,19.99,1,19.99,2025-04-27
9,24.99,1,24.99,2025-04-27
15,29.99,1,29.99,2025-04-27
3,12.5,1,12.5,2025-04-27
2,899.0,3,2697.0,2025-04-27
11,39.99,3,119.97,2025-04-27
3,12.5,1,12.5,2025-04-27
11,39.99,1,39.99,2025-04-27
15,29.99,2,59.98,2025-04-27
5,69.99,1,69.99,2025-04-27
15,29.99,1,29.99,2025-04-27
12,22.5,1,22.5,2025-04-27
12,22.5,1,22.5,2025-04-27
5,69.99,1,69.99,2025-04-27
13,74.99,1,74.99,2025-04-27
8,129.99,1,129.99,2025-04-27
12,22.5,2,45.0,2025-04-27
15,29.99,2,59.98,2025-04-27
4,59.99,3,179.97,2025-04-27
2,899.0,1,899.0,2025-04-27
15,29.99,1,29.99,2025-04-27
12,22.5,1,22.5,2025-04-27
13,74.99,1,74.99,2025-04-27
4,59.99,1,59.99,2025-04-27
2,899.0,3,2697.0,2025-04-27
10,89.99,2,179.98,2025-04-27
8,129.99,1,129.99,2025-04-27
15,29.99,3,89.97,2025-04-28
13,74.99,1,74.99,2025-04-28
4,59.99,4,239.96,2025-04-28
2,899.0,1,899.0,2025-04-28
15,29.99,1,29.99,2025-04-28
13,74.99,1,74.99,2025-04-28
8,129.99,3,389.97,2025-04-28
13,74.99,2,149.98,2025-04-28
10,89.99,1,89.99,2025-04-28
1,19.99,1,19.99,2025-04-28
9,24.99,1,24.99,2025-04-28
3,12.5,1,12.5,2025-04-28
9,24.99,1,24.99,2025-04-28
10,89.99,1,89.99,2025-04-28
12,22.5,1,22.5,2025-04-28
3,12.5,1,12.5,2025-04-28
6,18.75,2,37.5,2025-04-28
12,22.5,1,22.5,2025-04-28
14,79.99,1,79.99,2025-04-28
3,12.5,2,25.0,2025-04-28
1,19.99,1,19.99,2025-04-28
15,29.99,1,29.99,2025-04-28
10,89.99,1,89.99,2025-04-29
2,899.0,1,899.0,2025-04-29
14,79.99,3,239.97,2025-04-29
8,129.99,1,129.99,2025-04-29
2,899.0,1,899.0,2025-04-29
2,899.0,2,1798.0,2025-04-29
1,19.99,3,59.97,2025-04-29
2,899.0,1,899.0,2025-04-29
7,49.99,1,49.99,2025-04-29
2,899.0,2,1798.0,2025-04-29
9,24.99,2,49.98,2025-04-29
15,29.99,1,29.99,2025-04-29
1,19.99,1,19.99,2025-04-29
2,899.0,1,899.0,2025-04-29
10,89.99,1,89.99,2025-04-29
5,69.99,2,139.98,2025-04-29
4,59.99,1,59.99,2025-04-29
14,79.99,2,159.98,2025-04-29
12,22.5,2,45.0,2025-04-29
5,69.99,2,139.98,2025-04-29
13,74.99,1,74.99,2025-04-29
8,129.99,1,129.99,2025-04-29
15,29.99,2,59.98,2025-04-29
8,129.99,1,129.99,2025-04-30
7,49.99,5,249.95,2025-04-30
7,49.99,1,49.99,2025-04-30
3,12.5,1,12.5,2025-04-30
8,129.99,1,129.99,2025-04-30
8,129.99,1,129.99,2025-04-30
10,89.99,2,179.98,2025-04-30
13,74.99,1,74.99,2025-04-30
10,89.99,1,89.99,2025-04-30
9,24.99,1,24.99,2025-04-30
15,29.99,2,59.98,2025-04-30
9,24.99,2,49.98,2025-04-30
11,39.99,1,39.99,2025-04-30
13,74.99,1,74.99,2025-04-30
15,29.99,1,29.99,2025-04-30
15,29.99,1,29.99,2025-04-30
11,39.99,1,39.99,2025-04-30
1,19.99,1,19.99,2025-04-30
7,49.99,1,49.99,2025-04-30
2,899.0,3,2697.0,2025-04-30
5,69.99,1,69.99,2025-04-30
11,39.99,1,39.99,2025-04-30
10,89.99,1,89.99,2025-04-30
10,89.99,1,89.99,2025-04-30
2,899.0,2,1798.0,2025-04-30
11,39.99,1,39.99,2025-05-01
13,74.99,2,149.98,2025-05-01
11,39.99,1,39.99,2025-05-01
10,89.99,2,179.98,2025-05-01
5,69.99,1,69.99,2025-05-01
7,49.99,5,249.95,2025-05-01
9,24.99,1,24.99,2025-05-01
14,79.99,1,79.99,2025-05-01
3,12.5,2,25.0,2025-05-01
11,39.99,3,119.97,2025-05-01
2,899.0,3,2697.0,2025-05-01
15,29.99,1,29.99,2025-05-01
6,18.75,3,56.25,2025-05-01
10,89.99,1,89.99,2025-05-01
4,59.99,1,59.99,2025-05-01
3,12.5,1,12.5,2025-05-02
14,79.99,1,79.99,2025-05-02
4,59.99,1,59.99,2025-05-02
5,69.99,1,69.99,2025-05-02
1,19.99,2,39.98,2025-05-02
13,74.99,1,74.99,2025-05-02
1,19.99,1,19.99,2025-05-02
8,129.99,1,129.99,2025-05-02
2,899.0,2,1798.0,2025-05-02
14,79.99,1,79.99,2025-05-02
13,74.99,2,149.98,2025-05-02
1,19.99,1,19.99,2025-05-02
9,24.99,1,24.99,2025-05-02
8,129.99,2,259.98,2025-05-02
15,29.99,1,29.99,2025-05-02
11,39.99,1,39.99,2025-05-02
11,39.99,1,39.99,2025-05-03
1,19.99,1,19.99,2025-05-03
4,59.99,1,59.99,2025-05-03
5,69.99,2,139.98,2025-05-03
7,49.99,2,99.98,2025-05-03
7,49.99,2,99.98,2025-05-03
10,89.99,1,89.99,2025-05-03
11,39.99,1,39.99,2025-05-03
13,74.99,3,224.97,2025-05-03
1,19.99,1,19.99,2025-05-03
3,12.5,1,12.5,2025-05-03
15,29.99,3,89.97,2025-05-03
4,59.99,1,59.99,2025-05-03
7,49.99,1,49.99,2025-05-03
6,18.75,4,75.0,2025-05-03
12,22.5,1,22.5,2025-05-03
4,59.99,2,119.98,2025-05-03
14,79.99,2,159.98,2025-05-03
9,24.99,2,49.98,2025-05-03
6,18.75,1,18.75,2025-05-03
2,899.0,1,899.0,2025-05-03
2,899.0,2,1798.0,2025-05-03
6,18.75,1,18.75,2025-05-04
15,29.99,1,29.99,2025-05-04
15,29.99,1,29.99,2025-05-04
6,18.75,2,37.5,2025-05-04
6,18.75,2,37.5,2025-05-04
10,89.99,1,89.99,2025-05-04
4,59.99,1,59.99,2025-05-04
11,39.99,1,39.99,2025-05-04
6,18.75,2,37.5,2025-05-04
4,59.99,2,119.98,2025-05-04
15,29.99,1,29.99,2025-05-04
10,89.99,1,89.99,2025-05-04
6,18.75,1,18.75,2025-05-04
6,18.75,1,18.75,2025-05-04
15,29.99,1,29.99,2025-05-04
10,89.99,1,89.99,2025-05-04
13,74.99,1,74.99,2025-05-05
1,19.99,1,19.99,2025-05-05
13,74.99,1,74.99,2025-05-05
14,79.99,1,79.99,2025-05-05
8,129.99,1,129.99,2025-05-05
15,29.99,1,29.99,2025-05-05
13,74.99,2,149.98,2025-05-05
10,89.99,2,179.98,2025-05-05
2,899.0,1,899.0,2025-05-05
3,12.5,3,37.5,2025-05-05
7,49.99,1,49.99,2025-05-05
10,89.99,1,89.99,2025-05-05
15,29.99,1,29.99,2025-05-05
2,899.0,1,899.0,2025-05-05
10,89.99,1,89.99,2025-05-05
10,89.99,1,89.99,2025-05-05
7,49.99,3,149.97,2025-05-05
9,24.99,2,49.98,2025-05-05
15,29.99,2,59.98,2025-05-05
7,49.99,1,49.99,2025-05-05
11,39.99,1,39.99,2025-05-05
14,79.99,1,79.99,2025-05-06
10,89.99,2,179.98,2025-05-06
14,79.99,4,319.96,2025-05-06
5,69.99,2,139.98,2025-05-06
10,89.99,1,89.99,2025-05-06
14,79.99,5,399.95,2025-05-06
2,899.0,1,899.0,2025-05-06
11,39.99,1,39.99,2025-05-06
14,79.99,1,79.99,2025-05-06
8,129.99,3,389.97,2025-05-06
2,899.0,1,899.0,2025-05-06
12,22.5,1,22.5,2025-05-06
10,89.99,1,89.99,2025-05-06
12,22.5,2,45.0,2025-05-06
10,89.99,2,179.98,2025-05-06
15,29.99,1,29.99,2025-05-07
14,79.99,2,159.98,2025-05-07
4,59.99,1,59.99,2025-05-07
7,49.99,1,49.99,2025-05-07
4,59.99,4,239.96,2025-05-07
11,39.99,2,79.98,2025-05-07
14,79.99,2,159.98,2025-05-07
12,22.5,1,22.5,2025-05-07
8,129.99,1,129.99,2025-05-07
2,899.0,1,899.0,2025-05-07
15,29.99,1,29.99,2025-05-07
5,69.99,5,349.95,2025-05-07
15,29.99,2,59.98,2025-05-07
10,89.99,2,179.98,2025-05-07
15,29.99,1,29.99,2025-05-08
15,29.99,1,29.99,2025-05-08
6,18.75,1,18.75,2025-05-08
2,899.0,2,1798.0,2025-05-08
1,19.99,1,19.99,2025-05-08
11,39.99,1,39.99,2025-05-08
10,89.99,1,89.99,2025-05-08
8,129.99,1,129.99,2025-05-08
2,899.0,3,2697.0,2025-05-08
10,89.99,1,89.99,2025-05-08
13,74.99,3,224.97,2025-05-08
7,49.99,1,49.99,2025-05-08
15,29.99,1,29.99,2025-05-08
7,49.99,1,49.99,2025-05-08
1,19.99,2,39.98,2025-05-08
1,19.99,1,19.99,2025-05-08
4,59.99,1,59.99,2025-05-08
14,79.99,1,79.99,2025-05-08
10,89.99,1,89.99,2025-05-08
12,22.5,3,67.5,2025-05-08
11,39.99,1,39.99,2025-05-08
4,59.99,1,59.99,2025-05-08
7,49.99,3,149.97,2025-05-08
6,18.75,1,18.75,2025-05-08
1,19.99,2,39.98,2025-05-08
11,39.99,1,39.99,2025-05-08
13,74.99,2,149.98,2025-05-08
15,29.99,2,59.98,2025-05-08
1,19.99,1,19.99,2025-05-08
4,59.99,1,59.99,2025-05-08
6,18.75,1,18.75,2025-05-08
2,899.0,1,899.0,2025-05-09
8,129.99,1,129.99,2025-05-09
4,59.99,1,59.99,2025-05-09
2,899.0,2,1798.0,2025-05-09
5,69.99,1,69.99,2025-05-09
12,22.5,1,22.5,2025-05-09
14,79.99,3,239.97,2025-05-09
1,19.99,2,39.98,2025-05-09
4,59.99,3,179.97,2025-05-09
15,29.99,1,29.99,2025-05-09
4,59.99,1,59.99,2025-05-09
7,49.99,1,49.99,2025-05-09
4,59.99,1,59.99,2025-05-09
2,899.0,1,899.0,2025-05-09
1,19.99,1,19.99,2025-05-09
10,89.99,2,179.98,2025-05-09
14,79.99,3,239.97,2025-05-09
9,24.99,1,24.99,2025-05-09
1,19.99,1,19.99,2025-05-09
6,18.75,2,37.5,2025-05-09
11,39.99,1,39.99,2025-05-09
2,899.0,3,2697.0,2025-05-09
8,129.99,2,259.98,2025-05-09
4,59.99,1,59.99,2025-05-09
3,12.5,1,12.5,2025-05-09
7,49.99,2,99.98,2025-05-09
3,12.5,1,12.5,2025-05-09
12,22.5,2,45.0,2025-05-10
12,22.5,2,45.0,2025-05-10
15,29.99,3,89.97,2025-05-10
1,19.99,1,19.99,2025-05-10
3,12.5,3,37.5,2025-05-10
6,18.75,1,18.75,2025-05-10
4,59.99,1,59.99,2025-05-10
12,22.5,1,22.5,2025-05-10
13,74.99,1,74.99,2025-05-10
10,89.99,1,89.99,2025-05-10
10,89.99,1,89.99,2025-05-10
10,89.99,1,89.99,2025-05-10
15,29.99,4,119.96,2025-05-10
14,79.99,1,79.99,2025-05-10
3,12.5,1,12.5,2025-05-10
15,29.99,3,89.97,2025-05-10
13,74.99,1,74.99,2025-05-10
14,79.99,1,79.99,2025-05-10
10,89.99,1,89.99,2025-05-10
10,89.99,1,89.99,2025-05-10
14,79.99,1,79.99,2025-05-10
6,18.75,2,37.5,2025-05-10
14,79.99,2,159.98,2025-05-10
12,22.5,2,45.0,2025-05-10
1,19.99,1,19.99,2025-05-11
6,18.75,1,18.75,2025-05-11
8,129.99,2,259.98,2025-05-11
14,79.99,1,79.99,2025-05-11
10,89.99,2,179.98,2025-05-11
6,18.75,1,18.75,2025-05-11
14,79.99,1,79.99,2025-05-11
12,22.5,1,22.5,2025-05-11
5,69.99,1,69.99,2025-05-11
6,18.75,1,18.75,2025-05-11
9,24.99,2,49.98,2025-05-11
3,12.5,1,12.5,2025-05-11
1,19.99,2,39.98,2025-05-11
4,59.99,1,59.99,2025-05-11
8,129.99,1,129.99,2025-05-11
1,19.99,2,39.98,2025-05-11
14,79.99,2,159.98,2025-05-11
12,22.5,1,22.5,2025-05-11
4,59.99,1,59.99,2025-05-11
9,24.99,2,49.98,2025-05-11
5,69.99,1,69.99,2025-05-11
6,18.75,1,18.75,2025-05-11
5,69.99,1,69.99,2025-05-11
12,22.5,5,112.5,2025-05-11
1,19.99,1,19.99,2025-05-11
15,29.99,2,59.98,2025-05-11
12,22.5,2,45.0,2025-05-11
14,79.99,1,79.99,2025-05-11
2,899.0,1,899.0,2025-05-11
1,19.99,1,19.99,2025-05-11
12,22.5,1,22.5,2025-05-11
2,899.0,3,2697.0,2025-05-11
10,89.99,1,89.99,2025-05-11
5,69.99,1,69.99,2025-05-11
2,899.0,1,899.0,2025-05-11
1,19.99,1,19.99,2025-05-11
3,12.5,2,25.0,2025-05-11
5,69.99,1,69.99,2025-05-11
4,59.99,3,179.97,2025-05-11
15,29.99,2,59.98,2025-05-11
15,29.99,1,29.99,2025-05-11
13,74.99,1,74.99,2025-05-11
13,74.99,2,149.98,2025-05-11
14,79.99,1,79.99,2025-05-11
3,12.5,3,37.5,2025-05-11
5,69.99,1,69.99,2025-05-11
12,22.5,1,22.5,2025-05-11
6,18.75,2,37.5,2025-05-11
7,49.99,2,99.98,2025-05-12
12,22.5,1,22.5,2025-05-12
9,24.99,1,24.99,2025-05-12
11,39.99,3,119.97,2025-05-12
3,12.5,1,12.5,2025-05-12
2,899.0,1,899.0,2025-05-12
2,899.0,1,899.0,2025-05-12
13,74.99,1,74.99,2025-05-12
10,89.99,1,89.99,2025-05-12
5,69.99,4,279.96,2025-05-12
10,89.99,1,89.99,2025-05-12
14,79.99,1,79.99,2025-05-12
12,22.5,2,45.0,2025-05-13
3,12.5,1,12.5,2025-05-13
6,18.75,2,37.5,2025-05-13
5,69.99,1,69.99,2025-05-13
8,129.99,1,129.99,2025-05-13
8,129.99,1,129.99,2025-05-13
10,89.99,1,89.99,2025-05-13
15,29.99,1,29.99,2025-05-13
10,89.99,2,179.98,2025-05-13
4,59.99,1,59.99,2025-05-13
15,29.99,2,59.98,2025-05-13
9,24.99,1,24.99,2025-05-13
9,24.99,1,24.99,2025-05-13
2,899.0,1,899.0,2025-05-13
2,899.0,3,2697.0,2025-05-13
1,19.99,2,39.98,2025-05-13
1,19.99,2,39.98,2025-05-13
11,39.99,1,39.99,2025-05-13
13,74.99,1,74.99,2025-05-13
11,39.99,1,39.99,2025-05-13
8,129.99,1,129.99,2025-05-13
4,59.99,2,119.98,2025-05-13
3,12.5,2,25.0,2025-05-13
11,39.99,1,39.99,2025-05-13
11,39.99,2,79.98,2025-05-14
10,89.99,1,89.99,2025-05-14
10,89.99,2,179.98,2025-05-14
11,39.99,4,159.96,2025-05-14
8,129.99,1,129.99,2025-05-14
7,49.99,1,49.99,2025-05-14
11,39.99,1,39.99,2025-05-14
1,19.99,1,19.99,2025-05-14
8,129.99,1,129.99,2025-05-14
7,49.99,3,149.97,2025-05-14
11,39.99,1,39.99,2025-05-14
13,74.99,1,74.99,2025-05-14
15,29.99,2,59.98,2025-05-14
10,89.99,1,89.99,2025-05-14
5,69.99,1,69.99,2025-05-14
11,39.99,1,39.99,2025-05-14
15,29.99,1,29.99,2025-05-14
9,24.99,1,24.99,2025-05-14
7,49.99,1,49.99,2025-05-14
9,24.99,2,49.98,2025-05-14
11,39.99,4,159.96,2025-05-14
9,24.99,1,24.99,2025-05-15
3,12.5,1,12.5,2025-05-15
6,18.75,1,18.75,2025-05-15
12,22.5,1,22.5,2025-05-15
11,39.99,2,79.98,2025-05-15
4,59.99,1,59.99,2025-05-15
5,69.99,1,69.99,2025-05-15
2,899.0,1,899.0,2025-05-15
4,59.99,2,119.98,2025-05-15
9,24.99,1,24.99,2025-05-15
11,39.99,1,39.99,2025-05-15
11,39.99,2,79.98,2025-05-15
9,24.99,2,49.98,2025-05-15
6,18.75,1,18.75,2025-05-15
4,59.99,2,119.98,2025-05-15
12,22.5,1,22.5,2025-05-15
12,22.5,1,22.5,2025-05-16
6,18.75,2,37.5,2025-05-16
15,29.99,1,29.99,2025-05-16
9,24.99,1,24.99,2025-05-16
4,59.99,1,59.99,2025-05-16
10,89.99,1,89.99,2025-05-16
10,89.99,2,179.98,2025-05-16
3,12.5,2,25.0,2025-05-16
2,899.0,1,899.0,2025-05-16
10,89.99,2,179.98,2025-05-16
13,74.99,1,74.99,2025-05-16
6,18.75,1,18.75,2025-05-16
14,79.99,3,239.97,2025-05-16
4,59.99,1,59.99,2025-05-16
15,29.99,1,29.99,2025-05-16
10,89.99,1,89.99,2025-05-16
6,18.75,2,37.5,2025-05-16
3,12.5,1,12.5,2025-05-16
9,24.99,1,24.99,2025-05-16
1,19.99,1,19.99,2025-05-16
1,19.99,1,19.99,2025-05-16
10,89.99,1,89.99,2025-05-16
13,74.99,2,149.98,2025-05-17
14,79.99,2,159.98,2025-05-17
11,39.99,1,39.99,2025-05-17
8,129.99,1,129.99,2025-05-17
13,74.99,2,149.98,2025-05-17
11,39.99,1,39.99,2025-05-17
11,39.99,1,39.99,2025-05-17
11,39.99,1,39.99,2025-05-17
15,29.99,1,29.99,2025-05-17
11,39.99,1,39.99,2025-05-17
13,74.99,1,74.99,2025-05-17
5,69.99,1,69.99,2025-05-17
11,39.99,1,39.99,2025-05-17
4,59.99,1,59.99,2025-05-17
15,29.99,1,29.99,2025-05-17
7,49.99,1,49.99,2025-05-17
2,899.0,1,899.0,2025-05-17
5,69.99,1,69.99,2025-05-17
1,19.99,1,19.99,2025-05-17
15,29.99,2,59.98,2025-05-17
14,79.99,1,79.99,2025-05-17
1,19.99,1,19.99,2025-05-17
1,19.99,1,19.99,2025-05-17
14,79.99,1,79.99,2025-05-17
14,79.99,1,79.99,2025-05-17
4,59.99,1,59.99,2025-05-17
10,89.99,1,89.99,2025-05-17
9,24.99,1,24.99,2025-05-17
15,29.99,1,29.99,2025-05-17
15,29.99,2,59.98,2025-05-17
12,22.5,1,22.5,2025-05-17
3,12.5,1,12.5,2025-05-17
9,24.99,1,24.99,2025-05-17
15,29.99,2,59.98,2025-05-17
15,29.99,1,29.99,2025-05-17
2,899.0,1,899.0,2025-05-17
14,79.99,1,79.99,2025-05-17
1,19.99,2,39.98,2025-05-17
3,12.5,1,12.5,2025-05-17
11,39.99,1,39.99,2025-05-17
8,129.99,1,129.99,2025-05-17
12,22.5,1,22.5,2025-05-18
7,49.99,2,99.98,2025-05-18
3,12.5,2,25.0,2025-05-18
13,74.99,2,149.98,2025-05-18
9,24.99,1,24.99,2025-05-18
15,29.99,2,59.98,2025-05-18
15,29.99,1,29.99,2025-05-18
1,19.99,1,19.99,2025-05-18
1,19.99,1,19.99,2025-05-18
3,12.5,1,12.5,2025-05-18
6,18.75,1,18.75,2025-05-18
11,39.99,2,79.98,2025-05-18
7,49.99,1,49.99,2025-05-18
7,49.99,1,49.99,2025-05-18
9,24.99,1,24.99,2025-05-18
1,19.99,1,19.99,2025-05-18
3,12.5,1,12.5,2025-05-18
12,22.5,1,22.5,2025-05-18
1,19.99,2,39.98,2025-05-18
13,74.99,1,74.99,2025-05-18
15,29.99,1,29.99,2025-05-18
2,899.0,2,1798.0,2025-05-18
1,19.99,1,19.99,2025-05-18
11,39.99,2,79.98,2025-05-18
9,24.99,1,24.99,2025-05-18
9,24.99,1,24.99,2025-05-18
10,89.99,1,89.99,2025-05-18
1,19.99,1,19.99,2025-05-18
4,59.99,4,239.96,2025-05-18
1,19.99,1,19.99,2025-05-18
7,49.99,1,49.99,2025-05-18
11,39.99,1,39.99,2025-05-18
11,39.99,1,39.99,2025-05-18
10,89.99,1,89.99,2025-05-18
5,69.99,1,69.99,2025-05-18
12,22.5,2,45.0,2025-05-18
8,129.99,1,129.99,2025-05-18
14,79.99,1,79.99,2025-05-18
15,29.99,1,29.99,2025-05-19
8,129.99,1,129.99,2025-05-19
10,89.99,2,179.98,2025-05-19
7,49.99,2,99.98,2025-05-19
3,12.5,1,12.5,2025-05-19
8,129.99,1,129.99,2025-05-19
7,49.99,2,99.98,2025-05-19
10,89.99,1,89.99,2025-05-19
3,12.5,2,25.0,2025-05-19
10,89.99,1,89.99,2025-05-19
15,29.99,2,59.98,2025-05-19
10,89.99,1,89.99,2025-05-19
1,19.99,1,19.99,2025-05-19
15,29.99,2,59.98,2025-05-19
14,79.99,1,79.99,2025-05-19
12,22.5,2,45.0,2025-05-19
3,12.5,4,50.0,2025-05-19
7,49.99,4,199.96,2025-05-19
9,24.99,1,24.99,2025-05-19
14,79.99,1,79.99,2025-05-19
1,19.99,2,39.98,2025-05-19
6,18.75,1,18.75,2025-05-19
3,12.5,1,12.5,2025-05-19
6,18.75,1,18.75,2025-05-19
12,22.5,1,22.5,2025-05-19
8,129.99,2,259.98,2025-05-20
3,12.5,1,12.5,2025-05-20
11,39.99,3,119.97,2025-05-20
11,39.99,2,79.98,2025-05-20
3,12.5,1,12.5,2025-05-20
1,19.99,4,79.96,2025-05-20
7,49.99,1,49.99,2025-05-20
9,24.99,1,24.99,2025-05-20
10,89.99,1,89.99,2025-05-20
6,18.75,2,37.5,2025-05-20
9,24.99,1,24.99,2025-05-20
15,29.99,4,119.96,2025-05-20
6,18.75,1,18.75,2025-05-20
9,24.99,1,24.99,2025-05-20
3,12.5,1,12.5,2025-05-20
14,79.99,1,79.99,2025-05-21
1,19.99,2,39.98,2025-05-21
6,18.75,1,18.75,2025-05-21
2,899.0,3,2697.0,2025-05-21
6,18.75,1,18.75,2025-05-21
12,22.5,1,22.5,2025-05-21
2,899.0,1,899.0,2025-05-21
8,129.99,1,129.99,2025-05-21
7,49.99,1,49.99,2025-05-21
9,24.99,1,24.99,2025-05-21
1,19.99,3,59.97,2025-05-21
14,79.99,1,79.99,2025-05-21
3,12.5,2,25.0,2025-05-21
8,129.99,2,259.98,2025-05-21
14,79.99,1,79.99,2025-05-21
9,24.99,1,24.99,2025-05-21
4,59.99,1,59.99,2025-05-22
15,29.99,5,149.95,2025-05-22
6,18.75,1,18.75,2025-05-22
8,129.99,1,129.99,2025-05-22
5,69.99,1,69.99,2025-05-22
5,69.99,1,69.99,2025-05-22
13,74.99,2,149.98,2025-05-22
11,39.99,1,39.99,2025-05-22
13,74.99,1,74.99,2025-05-22
13,74.99,2,149.98,2025-05-22
4,59.99,1,59.99,2025-05-22
8,129.99,1,129.99,2025-05-22
13,74.99,1,74.99,2025-05-22
6,18.75,1,18.75,2025-05-22
15,29.99,1,29.99,2025-05-22
13,74.99,1,74.99,2025-05-22
1,19.99,1,19.99,2025-05-22
15,29.99,3,89.97,2025-05-22
6,18.75,1,18.75,2025-05-22
10,89.99,2,179.98,2025-05-22
12,22.5,1,22.5,2025-05-22
5,69.99,1,69.99,2025-05-22
15,29.99,1,29.99,2025-05-22
10,89.99,2,179.98,2025-05-22
13,74.99,1,74.99,2025-05-22
5,69.99,2,139.98,2025-05-22
9,24.99,2,49.98,2025-05-22
10,89.99,1,89.99,2025-05-22
15,29.99,1,29.99,2025-05-22
14,79.99,1,79.99,2025-05-23
7,49.99,2,99.98,2025-05-23
10,89.99,1,89.99,2025-05-23
15,29.99,1,29.99,2025-05-23
7,49.99,1,49.99,2025-05-23
10,89.99,2,179.98,2025-05-23
1,19.99,1,19.99,2025-05-23
2,899.0,1,899.0,2025-05-23
6,18.75,1,18.75,2025-05-23
4,59.99,2,119.98,2025-05-23
7,49.99,1,49.99,2025-05-23
6,18.75,3,56.25,2025-05-23
12,22.5,1,22.5,2025-05-23
12,22.5,1,22.5,2025-05-23
5,69.99,2,139.98,2025-05-23
6,18.75,1,18.75,2025-05-23
12,22.5,1,22.5,2025-05-24
6,18.75,1,18.75,2025-05-24
1,19.99,2,39.98,2025-05-24
10,89.99,2,179.98,2025-05-24
5,69.99,1,69.99,2025-05-24
13,74.99,1,74.99,2025-05-24
6,18.75,1,18.75,2025-05-24
6,18.75,1,18.75,2025-05-24
9,24.99,1,24.99,2025-05-24
13,74.99,1,74.99,2025-05-24
3,12.5,1,12.5,2025-05-24
15,29.99,3,89.97,2025-05-24
6,18.75,1,18.75,2025-05-24
2,899.0,2,1798.0,2025-05-24
6,18.75,2,37.5,2025-05-24
2,899.0,2,1798.0,2025-05-24
6,18.75,1,18.75,2025-05-24
9,24.99,1,24.99,2025-05-24
2,899.0,2,1798.0,2025-05-24
4,59.99,3,179.97,2025-05-24
2,899.0,1,899.0,2025-05-24
15,29.99,1,29.99,2025-05-24
10,89.99,1,89.99,2025-05-24
7,49.99,1,49.99,2025-05-24
9,24.99,2,49.98,2025-05-24
3,12.5,4,50.0,2025-05-24
8,129.99,1,129.99,2025-05-24
4,59.99,1,59.99,2025-05-24
1,19.99,1,19.99,2025-05-24
7,49.99,3,149.97,2025-05-24
12,22.5,1,22.5,2025-05-24
3,12.5,1,12.5,2025-05-24
3,12.5,1,12.5,2025-05-24
15,29.99,2,59.98,2025-05-24
6,18.75,1,18.75,2025-05-24
15,29.99,1,29.99,2025-05-24
15,29.99,1,29.99,2025-05-24
10,89.99,1,89.99,2025-05-24
12,22.5,1,22.5,2025-05-24
3,12.5,1,12.5,2025-05-24
8,129.99,1,129.99,2025-05-24
3,12.5,1,12.5,2025-05-24
9,24.99,1,24.99,2025-05-24
14,79.99,1,79.99,2025-05-24
15,29.99,1,29.99,2025-05-24
13,74.99,2,149.98,2025-05-24
10,89.99,1,89.99,2025-05-25
14,79.99,4,319.96,2025-05-25
5,69.99,1,69.99,2025-05-25
12,22.5,1,22.5,2025-05-25
12,22.5,4,90.0,2025-05-25
15,29.99,2,59.98,2025-05-25
3,12.5,1,12.5,2025-05-25
1,19.99,1,19.99,2025-05-25
5,69.99,1,69.99,2025-05-25
4,59.99,5,299.95,2025-05-25
14,79.99,2,159.98,2025-05-25
15,29.99,2,59.98,2025-05-25
11,39.99,1,39.99,2025-05-25
9,24.99,2,49.98,2025-05-25
4,59.99,1,59.99,2025-05-25
15,29.99,1,29.99,2025-05-25
15,29.99,1,29.99,2025-05-25
14,79.99,1,79.99,2025-05-25
11,39.99,4,159.96,2025-05-25
3,12.5,1,12.5,2025-05-25
15,29.99,1,29.99,2025-05-25
2,899.0,1,899.0,2025-05-25
10,89.99,2,179.98,2025-05-26
7,49.99,1,49.99,2025-05-26
15,29.99,1,29.99,2025-05-26
15,29.99,2,59.98,2025-05-26
6,18.75,2,37.5,2025-05-26
14,79.99,1,79.99,2025-05-26
15,29.99,5,149.95,2025-05-26
10,89.99,1,89.99,2025-05-26
8,129.99,1,129.99,2025-05-26
9,24.99,1,24.99,2025-05-26
3,12.5,2,25.0,2025-05-26
5,69.99,1,69.99,2025-05-26
9,24.99,1,24.99,2025-05-26
5,69.99,1,69.99,2025-05-26
5,69.99,2,139.98,2025-05-26
6,18.75,3,56.25,2025-05-26
8,129.99,1,129.99,2025-05-26
7,49.99,1,49.99,2025-05-27
6,18.75,1,18.75,2025-05-27
15,29.99,1,29.99,2025-05-27
7,49.99,1,49.99,2025-05-27
11,39.99,1,39.99,2025-05-27
3,12.5,1,12.5,2025-05-27
1,19.99,1,19.99,2025-05-27
13,74.99,2,149.98,2025-05-27
14,79.99,2,159.98,2025-05-27
7,49.99,1,49.99,2025-05-27
1,19.99,1,19.99,2025-05-27
14,79.99,1,79.99,2025-05-27
7,49.99,1,49.99,2025-05-27
4,59.99,1,59.99,2025-05-27
10,89.99,1,89.99,2025-05-27
7,49.99,2,99.98,2025-05-27
10,89.99,2,179.98,2025-05-28
6,18.75,1,18.75,2025-05-28
15,29.99,1,29.99,2025-05-28
7,49.99,3,149.97,2025-05-28
13,74.99,2,149.98,2025-05-28
7,49.99,1,49.99,2025-05-28
15,29.99,2,59.98,2025-05-28
12,22.5,2,45.0,2025-05-28
11,39.99,1,39.99,2025-05-28
14,79.99,1,79.99,2025-05-28
14,79.99,1,79.99,2025-05-28
15,29.99,1,29.99,2025-05-28
5,69.99,1,69.99,2025-05-28
13,74.99,1,74.99,2025-05-28
11,39.99,1,39.99,2025-05-28
14,79.99,1,79.99,2025-05-28
6,18.75,2,37.5,2025-05-28
4,59.99,1,59.99,2025-05-28
7,49.99,2,99.98,2025-05-28
7,49.99,3,149.97,2025-05-28
8,129.99,1,129.99,2025-05-28
11,39.99,1,39.99,2025-05-28
10,89.99,1,89.99,2025-05-28
8,129.99,1,129.99,2025-05-28
7,49.99,1,49.99,2025-05-28
7,49.99,1,49.99,2025-05-28
13,74.99,2,149.98,2025-05-29
12,22.5,1,22.5,2025-05-29
11,39.99,1,39.99,2025-05-29
9,24.99,1,24.99,2025-05-29
4,59.99,1,59.99,2025-05-29
12,22.5,1,22.5,2025-05-29
15,29.99,1,29.99,2025-05-29
15,29.99,1,29.99,2025-05-29
11,39.99,1,39.99,2025-05-29
1,19.99,2,39.98,2025-05-29
1,19.99,1,19.99,2025-05-29
1,19.99,1,19.99,2025-05-29
15,29.99,1,29.99,2025-05-29
10,89.99,1,89.99,2025-05-29
5,69.99,1,69.99,2025-05-30
12,22.5,1,22.5,2025-05-30
1,19.99,1,19.99,2025-05-30
3,12.5,1,12.5,2025-05-30
4,59.99,1,59.99,2025-05-30
6,18.75,1,18.75,2025-05-30
14,79.99,1,79.99,2025-05-30
12,22.5,1,22.5,2025-05-30
1,19.99,1,19.99,2025-05-30
9,24.99,1,24.99,2025-05-30
5,69.99,2,139.98,2025-05-30
5,69.99,3,209.97,2025-05-30
8,129.99,2,259.98,2025-05-30
3,12.5,2,25.0,2025-05-30
2,899.0,1,899.0,2025-05-30
7,49.99,1,49.99,2025-05-30
3,12.5,1,12.5,2025-05-30
8,129.99,2,259.98,2025-05-30
10,89.99,2,179.98,2025-05-30
6,18.75,2,37.5,2025-05-30
4,59.99,4,239.96,2025-05-30
2,899.0,2,1798.0,2025-05-30
4,59.99,1,59.99,2025-05-30
13,74.99,1,74.99,2025-05-30
10,89.99,1,89.99,2025-05-31
6,18.75,1,18.75,2025-05-31
10,89.99,2,179.98,2025-05-31
10,89.99,2,179.98,2025-05-31
6,18.75,1,18.75,2025-05-31
12,22.5,1,22.5,2025-05-31
11,39.99,1,39.99,2025-05-31
14,79.99,3,239.97,2025-05-31
9,24.99,2,49.98,2025-05-31
1,19.99,1,19.99,2025-05-31
11,39.99,1,39.99,2025-05-31
12,22.5,1,22.5,2025-05-31
5,69.99,1,69.99,2025-05-31
13,74.99,1,74.99,2025-05-31
15,29.99,1,29.99,2025-05-31
8,129.99,1,129.99,2025-05-31
15,29.99,1,29.99,2025-05-31
1,19.99,2,39.98,2025-05-31
10,89.99,1,89.99,2025-05-31
15,29.99,1,29.99,2025-05-31
4,59.99,1,59.99,2025-05-31
3,12.5,3,37.5,2025-05-31
5,69.99,1,69.99,2025-05-31
15,29.99,1,29.99,2025-05-31
3,12.5,1,12.5,2025-05-31
5,69.99,1,69.99,2025-05-31
9,24.99,2,49.98,2025-06-01
15,29.99,1,29.99,2025-06-01
1,19.99,1,19.99,2025-06-01
6,18.75,2,37.5,2025-06-01
10,89.99,2,179.98,2025-06-01
12,22.5,3,67.5,2025-06-01
8,129.99,1,129.99,2025-06-01
2,899.0,3,2697.0,2025-06-01
14,79.99,1,79.99,2025-06-01
10,89.99,1,89.99,2025-06-01
2,899.0,1,899.0,2025-06-01
2,899.0,1,899.0,2025-06-01
13,74.99,1,74.99,2025-06-01
3,12.5,1,12.5,2025-06-01
3,12.5,1,12.5,2025-06-01
6,18.75,1,18.75,2025-06-01
7,49.99,2,99.98,2025-06-01
4,59.99,1,59.99,2025-06-01
12,22.5,1,22.5,2025-06-01
3,12.5,2,25.0,2025-06-01
13,74.99,2,149.98,2025-06-01
10,89.99,1,89.99,2025-06-01
10,89.99,2,179.98,2025-06-01
14,79.99,1,79.99,2025-06-01
9,24.99,3,74.97,2025-06-01
10,89.99,1,89.99,2025-06-01
7,49.99,1,49.99,2025-06-01
15,29.99,1,29.99,2025-06-01
1,19.99,1,19.99,2025-06-02
9,24.99,2,49.98,2025-06-02
4,59.99,2,119.98,2025-06-02
6,18.75,1,18.75,2025-06-02
11,39.99,1,39.99,2025-06-02
7,49.99,1,49.99,2025-06-02
5,69.99,1,69.99,2025-06-02
9,24.99,1,24.99,2025-06-02
1,19.99,1,19.99,2025-06-02
8,129.99,1,129.99,2025-06-03
9,24.99,2,49.98,2025-06-03
9,24.99,2,49.98,2025-06-03
13,74.99,1,74.99,2025-06-03
14,79.99,1,79.99,2025-06-03
15,29.99,2,59.98,2025-06-03
6,18.75,2,37.5,2025-06-03
8,129.99,1,129.99,2025-06-03
10,89.99,3,269.97,2025-06-03
14,79.99,3,239.97,2025-06-03
12,22.5,1,22.5,2025-06-03
14,79.99,1,79.99,2025-06-03
4,59.99,1,59.99,2025-06-03
4,59.99,1,59.99,2025-06-03
10,89.99,1,89.99,2025-06-03
15,29.99,1,29.99,2025-06-03
12,22.5,1,22.5,2025-06-03
2,899.0,1,899.0,2025-06-03
2,899.0,2,1798.0,2025-06-03
1,19.99,5,99.95,2025-06-03
6,18.75,3,56.25,2025-06-03
5,69.99,1,69.99,2025-06-03
5,69.99,1,69.99,2025-06-03
9,24.99,1,24.99,2025-06-03
11,39.99,1,39.99,2025-06-03
13,74.99,2,149.98,2025-06-04
10,89.99,1,89.99,2025-06-04
14,79.99,1,79.99,2025-06-04
5,69.99,2,139.98,2025-06-04
6,18.75,2,37.5,2025-06-04
15,29.99,1,29.99,2025-06-04
15,29.99,1,29.99,2025-06-04
2,899.0,1,899.0,2025-06-04
9,24.99,1,24.99,2025-06-04
10,89.99,1,89.99,2025-06-04
11,39.99,1,39.99,2025-06-04
2,899.0,1,899.0,2025-06-04
9,24.99,3,74.97,2025-06-05
5,69.99,1,69.99,2025-06-05
13,74.99,1,74.99,2025-06-05
15,29.99,1,29.99,2025-06-05
9,24.99,1,24.99,2025-06-05
8,129.99,1,129.99,2025-06-05
12,22.5,1,22.5,2025-06-05
14,79.99,1,79.99,2025-06-05
4,59.99,1,59.99,2025-06-05
11,39.99,1,39.99,2025-06-05
11,39.99,1,39.99,2025-06-05
4,59.99,1,59.99,2025-06-05
13,74.99,1,74.99,2025-06-05
10,89.99,1,89.99,2025-06-05
12,22.5,1,22.5,2025-06-05
5,69.99,2,139.98,2025-06-05
10,89.99,1,89.99,2025-06-05
13,74.99,1,74.99,2025-06-05
12,22.5,1,22.5,2025-06-05
7,49.99,2,99.98,2025-06-05
8,129.99,1,129.99,2025-06-06
10,89.99,1,89.99,2025-06-06
7,49.99,1,49.99,2025-06-06
4,59.99,4,239.96,2025-06-06
1,19.99,2,39.98,2025-06-06
4,59.99,1,59.99,2025-06-06
5,69.99,2,139.98,2025-06-06
9,24.99,1,24.99,2025-06-06
3,12.5,1,12.5,2025-06-06
14,79.99,1,79.99,2025-06-06
14,79.99,1,79.99,2025-06-06
8,129.99,2,259.98,2025-06-06
14,79.99,1,79.99,2025-06-07
13,74.99,1,74.99,2025-06-07
11,39.99,1,39.99,2025-06-07
5,69.99,1,69.99,2025-06-07
4,59.99,2,119.98,2025-06-07
2,899.0,1,899.0,2025-06-07
6,18.75,1,18.75,2025-06-07
1,19.99,1,19.99,2025-06-07
8,129.99,2,259.98,2025-06-07
5,69.99,1,69.99,2025-06-07
8,129.99,1,129.99,2025-06-07
9,24.99,1,24.99,2025-06-07
13,74.99,1,74.99,2025-06-07
11,39.99,1,39.99,2025-06-07
10,89.99,1,89.99,2025-06-07
12,22.5,1,22.5,2025-06-07
14,79.99,1,79.99,2025-06-07
5,69.99,1,69.99,2025-06-07
9,24.99,1,24.99,2025-06-07
10,89.99,1,89.99,2025-06-07
7,49.99,1,49.99,2025-06-07
9,24.99,1,24.99,2025-06-07
3,12.5,1,12.5,2025-06-07
6,18.75,1,18.75,2025-06-07
15,29.99,1,29.99,2025-06-07
12,22.5,1,22.5,2025-06-07
4,59.99,1,59.99,2025-06-07
9,24.99,4,99.96,2025-06-07
9,24.99,2,49.98,2025-06-07
10,89.99,1,89.99,2025-06-07
10,89.99,1,89.99,2025-06-07
14,79.99,1,79.99,2025-06-07
14,79.99,1,79.99,2025-06-07
3,12.5,1,12.5,2025-06-07
1,19.99,1,19.99,2025-06-07
15,29.99,1,29.99,2025-06-07
5,69.99,2,139.98,2025-06-07
13,74.99,1,74.99,2025-06-07
3,12.5,2,25.0,2025-06-07
7,49.99,1,49.99,2025-06-07
7,49.99,1,49.99,2025-06-07
15,29.99,1,29.99,2025-06-08
9,24.99,1,24.99,2025-06-08
5,69.99,1,69.99,2025-06-08
5,69.99,1,69.99,2025-06-08
4,59.99,2,119.98,2025-06-08
3,12.5,1,12.5,2025-06-08
6,18.75,2,37.5,2025-06-08
3,12.5,1,12.5,2025-06-08
15,29.99,1,29.99,2025-06-08
3,12.5,1,12.5,2025-06-08
7,49.99,1,49.99,2025-06-08
10,89.99,1,89.99,2025-06-08
15,29.99,1,29.99,2025-06-08
10,89.99,1,89.99,2025-06-08
15,29.99,1,29.99,2025-06-08
10,89.99,2,179.98,2025-06-08
14,79.99,1,79.99,2025-06-08
8,129.99,1,129.99,2025-06-08
11,39.99,1,39.99,2025-06-08
9,24.99,1,24.99,2025-06-08
14,79.99,1,79.99,2025-06-09
12,22.5,1,22.5,2025-06-09
10,89.99,1,89.99,2025-06-09
4,59.99,1,59.99,2025-06-09
15,29.99,2,59.98,2025-06-09
9,24.99,1,24.99,2025-06-09
3,12.5,1,12.5,2025-06-09
7,49.99,1,49.99,2025-06-09
10,89.99,1,89.99,2025-06-09
2,899.0,2,1798.0,2025-06-10
4,59.99,1,59.99,2025-06-10
4,59.99,2,119.98,2025-06-10
14,79.99,1,79.99,2025-06-10
15,29.99,2,59.98,2025-06-10
7,49.99,1,49.99,2025-06-10
14,79.99,1,79.99,2025-06-10
9,24.99,3,74.97,2025-06-10
2,899.0,3,2697.0,2025-06-10
14,79.99,2,159.98,2025-06-10
3,12.5,2,25.0,2025-06-10
14,79.99,2,159.98,2025-06-10
15,29.99,1,29.99,2025-06-10
4,59.99,1,59.99,2025-06-10
11,39.99,2,79.98,2025-06-10
14,79.99,1,79.99,2025-06-10
15,29.99,1,29.99,2025-06-11
15,29.99,1,29.99,2025-06-11
3,12.5,1,12.5,2025-06-11
6,18.75,1,18.75,2025-06-11
11,39.99,1,39.99,2025-06-11
10,89.99,3,269.97,2025-06-11
3,12.5,1,12.5,2025-06-11
8,129.99,1,129.99,2025-06-11
14,79.99,1,79.99,2025-06-11
6,18.75,1,18.75,2025-06-11
9,24.99,1,24.99,2025-06-12
3,12.5,2,25.0,2025-06-12
8,129.99,1,129.99,2025-06-12
9,24.99,5,124.95,2025-06-12
6,18.75,5,93.75,2025-06-12
15,29.99,1,29.99,2025-06-12
14,79.99,2,159.98,2025-06-12
1,19.99,1,19.99,2025-06-12
10,89.99,1,89.99,2025-06-12
2,899.0,1,899.0,2025-06-12
1,19.99,1,19.99,2025-06-12
15,29.99,1,29.99,2025-06-13
14,79.99,1,79.99,2025-06-13
14,79.99,2,159.98,2025-06-13
15,29.99,3,89.97,2025-06-13
9,24.99,1,24.99,2025-06-13
15,29.99,1,29.99,2025-06-13
15,29.99,1,29.99,2025-06-13
2,899.0,2,1798.0,2025-06-13
13,74.99,1,74.99,2025-06-13
5,69.99,1,69.99,2025-06-13
12,22.5,3,67.5,2025-06-13
13,74.99,1,74.99,2025-06-13
5,69.99,1,69.99,2025-06-13
13,74.99,1,74.99,2025-06-13
1,19.99,2,39.98,2025-06-13
7,49.99,2,99.98,2025-06-13
14,79.99,2,159.98,2025-06-14
13,74.99,3,224.97,2025-06-14
9,24.99,3,74.97,2025-06-14
7,49.99,1,49.99,2025-06-14
1,19.99,1,19.99,2025-06-14
14,79.99,2,159.98,2025-06-14
1,19.99,1,19.99,2025-06-14
12,22.5,4,90.0,2025-06-14
10,89.99,2,179.98,2025-06-14
1,19.99,1,19.99,2025-06-14
15,29.99,1,29.99,2025-06-14
2,899.0,2,1798.0,2025-06-14
4,59.99,1,59.99,2025-06-14
13,74.99,1,74.99,2025-06-14
2,899.0,2,1798.0,2025-06-14
8,129.99,2,259.98,2025-06-14
7,49.99,2,99.98,2025-06-14
6,18.75,2,37.5,2025-06-14
13,74.99,1,74.99,2025-06-14
12,22.5,1,22.5,2025-06-14
9,24.99,2,49.98,2025-06-14
15,29.99,1,29.99,2025-06-14
10,89.99,1,89.99,2025-06-14
12,22.5,1,22.5,2025-06-14
1,19.99,1,19.99,2025-06-14
15,29.99,1,29.99,2025-06-14
14,79.99,1,79.99,2025-06-15
2,899.0,2,1798.0,2025-06-15
9,24.99,1,24.99,2025-06-15
13,74.99,1,74.99,2025-06-15
15,29.99,4,119.96,2025-06-15
7,49.99,1,49.99,2025-06-15
8,129.99,1,129.99,2025-06-15
10,89.99,1,89.99,2025-06-15
1,19.99,1,19.99,2025-06-15
6,18.75,1,18.75,2025-06-15
7,49.99,1,49.99,2025-06-15
12,22.5,1,22.5,2025-06-15
15,29.99,3,89.97,2025-06-15
1,19.99,1,19.99,2025-06-15
4,59.99,1,59.99,2025-06-15
3,12.5,2,25.0,2025-06-15
3,12.5,1,12.5,2025-06-15
13,74.99,2,149.98,2025-06-15
7,49.99,1,49.99,2025-06-15
3,12.5,3,37.5,2025-06-15
15,29.99,1,29.99,2025-06-15
10,89.99,5,449.95,2025-06-15
5,69.99,1,69.99,2025-06-15
5,69.99,3,209.97,2025-06-15
12,22.5,1,22.5,2025-06-15
11,39.99,1,39.99,2025-06-15
5,69.99,2,139.98,2025-06-15
11,39.99,2,79.98,2025-06-15
14,79.99,1,79.99,2025-06-15
4,59.99,2,119.98,2025-06-15
12,22.5,1,22.5,2025-06-15
5,69.99,3,209.97,2025-06-15
11,39.99,3,119.97,2025-06-15
15,29.99,2,59.98,2025-06-15
15,29.99,1,29.99,2025-06-15
10,89.99,1,89.99,2025-06-15
1,19.99,1,19.99,2025-06-15
10,89.99,1,89.99,2025-06-15
11,39.99,1,39.99,2025-06-15
10,89.99,2,179.98,2025-06-15
6,18.75,1,18.75,2025-06-16
10,89.99,1,89.99,2025-06-16
7,49.99,2,99.98,2025-06-16
13,74.99,2,149.98,2025-06-16
7,49.99,1,49.99,2025-06-16
10,89.99,1,89.99,2025-06-16
4,59.99,2,119.98,2025-06-16
6,18.75,1,18.75,2025-06-16
13,74.99,1,74.99,2025-06-16
6,18.75,1,18.75,2025-06-16
4,59.99,5,299.95,2025-06-16
9,24.99,2,49.98,2025-06-17
14,79.99,2,159.98,2025-06-17
10,89.99,2,179.98,2025-06-17
9,24.99,3,74.97,2025-06-17
13,74.99,1,74.99,2025-06-17
8,129.99,1,129.99,2025-06-17
14,79.99,2,159.98,2025-06-17
12,22.5,1,22.5,2025-06-17
4,59.99,1,59.99,2025-06-17
3,12.5,1,12.5,2025-06-18
10,89.99,1,89.99,2025-06-18
7,49.99,1,49.99,2025-06-18
10,89.99,1,89.99,2025-06-18
15,29.99,2,59.98,2025-06-18
6,18.75,1,18.75,2025-06-18
14,79.99,1,79.99,2025-06-18
11,39.99,1,39.99,2025-06-18
10,89.99,1,89.99,2025-06-18
7,49.99,2,99.98,2025-06-18
15,29.99,2,59.98,2025-06-18
10,89.99,1,89.99,2025-06-18
6,18.75,1,18.75,2025-06-18
1,19.99,4,79.96,2025-06-18
6,18.75,1,18.75,2025-06-18
12,22.5,1,22.5,2025-06-18
8,129.99,1,129.99,2025-06-18
15,29.99,1,29.99,2025-06-18
11,39.99,1,39.99,2025-06-18
5,69.99,1,69.99,2025-06-18
1,19.99,1,19.99,2025-06-18
8,129.99,1,129.99,2025-06-18
6,18.75,1,18.75,2025-06-18
7,49.99,3,149.97,2025-06-18
11,39.99,5,199.95,2025-06-18
2,899.0,1,899.0,2025-06-18
10,89.99,3,269.97,2025-06-18
12,22.5,1,22.5,2025-06-19
9,24.99,1,24.99,2025-06-19
3,12.5,1,12.5,2025-06-19
3,12.5,3,37.5,2025-06-19
1,19.99,2,39.98,2025-06-19
12,22.5,2,45.0,2025-06-19
6,18.75,1,18.75,2025-06-19
11,39.99,1,39.99,2025-06-19
3,12.5,1,12.5,2025-06-19
12,22.5,2,45.0,2025-06-19
7,49.99,1,49.99,2025-06-19
14,79.99,1,79.99,2025-06-19
6,18.75,1,18.75,2025-06-19
7,49.99,1,49.99,2025-06-20
2,899.0,1,899.0,2025-06-20
9,24.99,2,49.98,2025-06-20
9,24.99,4,99.96,2025-06-20
10,89.99,1,89.99,2025-06-20
4,59.99,1,59.99,2025-06-20
10,89.99,1,89.99,2025-06-20
10,89.99,1,89.99,2025-06-20
9,24.99,1,24.99,2025-06-20
13,74.99,1,74.99,2025-06-20
13,74.99,2,149.98,2025-06-20
13,74.99,1,74.99,2025-06-20
9,24.99,1,24.99,2025-06-20
9,24.99,1,24.99,2025-06-20
9,24.99,1,24.99,2025-06-21
11,39.99,4,159.96,2025-06-21
15,29.99,1,29.99,2025-06-21
9,24.99,1,24.99,2025-06-21
10,89.99,1,89.99,2025-06-21
7,49.99,1,49.99,2025-06-21
3,12.5,1,12.5,2025-06-21
12,22.5,3,67.5,2025-06-21
5,69.99,1,69.99,2025-06-21
9,24.99,2,49.98,2025-06-21
2,899.0,1,899.0,2025-06-21
3,12.5,1,12.5,2025-06-21
4,59.99,1,59.99,2025-06-21
15,29.99,1,29.99,2025-06-21
1,19.99,2,39.98,2025-06-21
2,899.0,1,899.0,2025-06-21
9,24.99,2,49.98,2025-06-21
8,129.99,5,649.95,2025-06-21
2,899.0,1,899.0,2025-06-21
7,49.99,1,49.99,2025-06-21
9,24.99,1,24.99,2025-06-21
12,22.5,2,45.0,2025-06-21
5,69.99,1,69.99,2025-06-21
8,129.99,3,389.97,2025-06-21
13,74.99,1,74.99,2025-06-21
1,19.99,1,19.99,2025-06-21
15,29.99,1,29.99,2025-06-21
12,22.5,3,67.5,2025-06-21
9,24.99,5,124.95,2025-06-21
12,22.5,2,45.0,2025-06-21
15,29.99,1,29.99,2025-06-21
5,69.99,1,69.99,2025-06-21
13,74.99,1,74.99,2025-06-21
7,49.99,1,49.99,2025-06-21
14,79.99,1,79.99,2025-06-21
15,29.99,4,119.96,2025-06-21
5,69.99,1,69.99,2025-06-21
4,59.99,3,179.97,2025-06-21
4,59.99,1,59.99,2025-06-21
11,39.99,1,39.99,2025-06-21
3,12.5,2,25.0,2025-06-21
13,74.99,2,149.98,2025-06-21
15,29.99,2,59.98,2025-06-21
6,18.75,1,18.75,2025-06-21
5,69.99,1,69.99,2025-06-21
13,74.99,1,74.99,2025-06-21
3,12.5,1,12.5,2025-06-21
10,89.99,2,179.98,2025-06-21
8,129.99,1,129.99,2025-06-21
11,39.99,2,79.98,2025-06-21
13,74.99,1,74.99,2025-06-21
14,79.99,1,79.99,2025-06-21
10,89.99,1,89.99,2025-06-21
9,24.99,1,24.99,2025-06-21
2,899.0,1,899.0,2025-06-21
5,69.99,2,139.98,2025-06-22
7,49.99,1,49.99,2025-06-22
7,49.99,1,49.99,2025-06-22
7,49.99,1,49.99,2025-06-22
13,74.99,1,74.99,2025-06-22
3,12.5,3,37.5,2025-06-22
1,19.99,1,19.99,2025-06-22
12,22.5,1,22.5,2025-06-22
2,899.0,1,899.0,2025-06-22
5,69.99,1,69.99,2025-06-22
4,59.99,2,119.98,2025-06-22
6,18.75,2,37.5,2025-06-22
1,19.99,1,19.99,2025-06-22
12,22.5,1,22.5,2025-06-22
3,12.5,1,12.5,2025-06-22
12,22.5,1,22.5,2025-06-22
10,89.99,1,89.99,2025-06-22
11,39.99,1,39.99,2025-06-22
6,18.75,1,18.75,2025-06-22
10,89.99,1,89.99,2025-06-22
14,79.99,2,159.98,2025-06-22
9,24.99,1,24.99,2025-06-22
12,22.5,2,45.0,2025-06-22
10,89.99,1,89.99,2025-06-22
1,19.99,1,19.99,2025-06-22
14,79.99,3,239.97,2025-06-22
6,18.75,2,37.5,2025-06-22
6,18.75,1,18.75,2025-06-22
5,69.99,3,209.97,2025-06-22
9,24.99,1,24.99,2025-06-22
7,49.99,1,49.99,2025-06-22
14,79.99,4,319.96,2025-06-22
9,24.99,1,24.99,2025-06-22
9,24.99,1,24.99,2025-06-22
15,29.99,1,29.99,2025-06-22
12,22.5,1,22.5,2025-06-22
1,19.99,1,19.99,2025-06-22
4,59.99,3,179.97,2025-06-22
11,39.99,1,39.99,2025-06-22
6,18.75,1,18.75,2025-06-22
8,129.99,2,259.98,2025-06-22
14,79.99,1,79.99,2025-06-22
10,89.99,2,179.98,2025-06-23
13,74.99,1,74.99,2025-06-23
7,49.99,1,49.99,2025-06-23
5,69.99,1,69.99,2025-06-23
15,29.99,1,29.99,2025-06-23
13,74.99,1,74.99,2025-06-23
15,29.99,1,29.99,2025-06-23
3,12.5,1,12.5,2025-06-23
12,22.5,1,22.5,2025-06-23
15,29.99,1,29.99,2025-06-23
13,74.99,1,74.99,2025-06-24
2,899.0,1,899.0,2025-06-24
12,22.5,1,22.5,2025-06-24
12,22.5,2,45.0,2025-06-24
6,18.75,1,18.75,2025-06-24
10,89.99,1,89.99,2025-06-24
4,59.99,2,119.98,2025-06-24
6,18.75,4,75.0,2025-06-24
2,899.0,1,899.0,2025-06-24
14,79.99,3,239.97,2025-06-24
6,18.75,2,37.5,2025-06-24
11,39.99,2,79.98,2025-06-25
9,24.99,1,24.99,2025-06-25
6,18.75,2,37.5,2025-06-25
5,69.99,1,69.99,2025-06-25
10,89.99,1,89.99,2025-06-25
1,19.99,1,19.99,2025-06-25
15,29.99,1,29.99,2025-06-25
13,74.99,1,74.99,2025-06-25
6,18.75,1,18.75,2025-06-25
15,29.99,1,29.99,2025-06-25
11,39.99,1,39.99,2025-06-25
10,89.99,1,89.99,2025-06-25
11,39.99,1,39.99,2025-06-25
3,12.5,2,25.0,2025-06-25
11,39.99,1,39.99,2025-06-25
3,12.5,2,25.0,2025-06-25
15,29.99,1,29.99,2025-06-25
3,12.5,2,25.0,2025-06-25
11,39.99,1,39.99,2025-06-25
6,18.75,3,56.25,2025-06-25
11,39.99,1,39.99,2025-06-25
1,19.99,1,19.99,2025-06-25
14,79.99,3,239.97,2025-06-25
15,29.99,1,29.99,2025-06-25
5,69.99,1,69.99,2025-06-25
2,899.0,3,2697.0,2025-06-25
7,49.99,1,49.99,2025-06-25
10,89.99,2,179.98,2025-06-25
1,19.99,3,59.97,2025-06-25
4,59.99,1,59.99,2025-06-25
5,69.99,1,69.99,2025-06-26
6,18.75,4,75.0,2025-06-26
5,69.99,1,69.99,2025-06-26
6,18.75,1,18.75,2025-06-26
3,12.5,2,25.0,2025-06-26
14,79.99,1,79.99,2025-06-26
2,899.0,2,1798.0,2025-06-26
2,899.0,1,899.0,2025-06-26
15,29.99,2,59.98,2025-06-26
13,74.99,1,74.99,2025-06-26
15,29.99,1,29.99,2025-06-26
14,79.99,1,79.99,2025-06-26
8,129.99,1,129.99,2025-06-26
10,89.99,1,89.99,2025-06-26
10,89.99,1,89.99,2025-06-26
4,59.99,1,59.99,2025-06-26
5,69.99,2,139.98,2025-06-26
12,22.5,2,45.0,2025-06-26
12,22.5,1,22.5,2025-06-26
14,79.99,1,79.99,2025-06-26
3,12.5,2,25.0,2025-06-26
5,69.99,2,139.98,2025-06-26
7,49.99,1,49.99,2025-06-26
12,22.5,1,22.5,2025-06-27
10,89.99,2,179.98,2025-06-27
14,79.99,3,239.97,2025-06-27
11,39.99,2,79.98,2025-06-27
12,22.5,1,22.5,2025-06-27
9,24.99,1,24.99,2025-06-27
13,74.99,1,74.99,2025-06-27
3,12.5,3,37.5,2025-06-27
6,18.75,1,18.75,2025-06-27
2,899.0,1,899.0,2025-06-27
13,74.99,3,224.97,2025-06-27
4,59.99,1,59.99,2025-06-27
6,18.75,1,18.75,2025-06-27
6,18.75,2,37.5,2025-06-27
9,24.99,1,24.99,2025-06-27
3,12.5,1,12.5,2025-06-27
8,129.99,1,129.99,2025-06-28
2,899.0,2,1798.0,2025-06-28
15,29.99,1,29.99,2025-06-28
9,24.99,2,49.98,2025-06-28
6,18.75,1,18.75,2025-06-28
3,12.5,1,12.5,2025-06-28
14,79.99,2,159.98,2025-06-28
15,29.99,1,29.99,2025-06-28
15,29.99,2,59.98,2025-06-28
2,899.0,1,899.0,2025-06-28
12,22.5,1,22.5,2025-06-28
9,24.99,1,24.99,2025-06-28
9,24.99,1,24.99,2025-06-28
15,29.99,2,59.98,2025-06-28
15,29.99,2,59.98,2025-06-28
4,59.99,1,59.99,2025-06-28
5,69.99,2,139.98,2025-06-28
10,89.99,1,89.99,2025-06-28
14,79.99,1,79.99,2025-06-28
6,18.75,1,18.75,2025-06-28
9,24.99,2,49.98,2025-06-28
7,49.99,1,49.99,2025-06-28
1,19.99,3,59.97,2025-06-28
11,39.99,1,39.99,2025-06-28
3,12.5,1,12.5,2025-06-28
10,89.99,1,89.99,2025-06-28
3,12.5,1,12.5,2025-06-28
15,29.99,1,29.99,2025-06-28
10,89.99,1,89.99,2025-06-28
9,24.99,2,49.98,2025-06-28
10,89.99,1,89.99,2025-06-28
7,49.99,1,49.99,2025-06-28
15,29.99,2,59.98,2025-06-28
11,39.99,1,39.99,2025-06-28
7,49.99,1,49.99,2025-06-28
9,24.99,1,24.99,2025-06-28
15,29.99,1,29.99,2025-06-28
8,129.99,3,389.97,2025-06-28
7,49.99,1,49.99,2025-06-28
12,22.5,1,22.5,2025-06-28
12,22.5,1,22.5,2025-06-28
11,39.99,1,39.99,2025-06-29
9,24.99,1,24.99,2025-06-29
3,12.5,1,12.5,2025-06-29
7,49.99,1,49.99,2025-06-29
11,39.99,1,39.99,2025-06-29
1,19.99,1,19.99,2025-06-29
13,74.99,1,74.99,2025-06-29
3,12.5,1,12.5,2025-06-29
12,22.5,1,22.5,2025-06-29
11,39.99,1,39.99,2025-06-29
5,69.99,2,139.98,2025-06-29
7,49.99,1,49.99,2025-06-29
10,89.99,2,179.98,2025-06-29
7,49.99,1,49.99,2025-06-29
10,89.99,1,89.99,2025-06-29
6,18.75,1,18.75,2025-06-29
4,59.99,2,119.98,2025-06-29
6,18.75,1,18.75,2025-06-29
14,79.99,1,79.99,2025-06-29
10,89.99,2,179.98,2025-06-29
14,79.99,1,79.99,2025-06-29
14,79.99,1,79.99,2025-06-29
2,899.0,3,2697.0,2025-06-29
14,79.99,1,79.99,2025-06-29
8,129.99,1,129.99,2025-06-29
11,39.99,1,39.99,2025-06-29
13,74.99,1,74.99,2025-06-30
10,89.99,5,449.95,2025-06-30
5,69.99,1,69.99,2025-06-30
4,59.99,3,179.97,2025-06-30
3,12.5,1,12.5,2025-06-30
3,12.5,1,12.5,2025-06-30
7,49.99,2,99.98,2025-06-30
8,129.99,1,129.99,2025-06-30
