product_id,date,count,trend_7d,trend_30d,day_of_week,month,is_weekend,name,unit_price,launch_date,product_age_days,cat_Accessories,cat_Beauty,cat_Books,cat_Clothing,cat_Electronics,cat_Food,cat_Home,cat_Sports,cat_Toys,price_0,price_1,price_2,price_3,price_4
1,2025-01-01,4,4.0,4.0,2,1,0,T-shirt Bleu Coton,19.99,2025-01-01,0,False,False,False,True,False,False,False,False,False,True,False,False,False,False
1,2025-01-02,3,3.5,3.5,3,1,0,T-shirt Bleu Coton,19.99,2025-01-01,1,False,False,False,True,False,False,False,False,False,True,False,False,False,False
1,2025-01-03,5,4.0,4.0,4,1,0,T-shirt Bleu Coton,19.99,2025-01-01,2,False,False,False,True,False,False,False,False,False,True,False,False,False,False
1,2025-01-04,5,4.25,4.25,5,1,1,T-shirt Bleu Coton,19.99,2025-01-01,3,False,False,False,True,False,False,False,False,False,True,False,False,False,False
1,2025-01-05,7,4.8,4.8,6,1,1,T-shirt Bleu Coton,19.99,2025-01-01,4,False,False,False,True,False,False,False,False,False,True,False,False,False,False
1,2025-01-07,3,4.5,4.5,1,1,0,T-shirt Bleu Coton,19.99,2025-01-01,6,False,False,False,True,False,False,False,False,False,True,False,False,False,False
1,2025-01-08,2,4.142857142857143,4.142857142857143,2,1,0,T-shirt Bleu Coton,19.99,2025-01-01,7,False,False,False,True,False,False,False,False,False,True,False,False,False,False
1,2025-01-09,4,4.142857142857143,4.125,3,1,0,T-shirt Bleu Coton,19.99,2025-01-01,8,False,False,False,True,False,False,False,False,False,True,False,False,False,False
1,2025-01-10,3,4.142857142857143,4.0,4,1,0,T-shirt Bleu Coton,19.99,2025-01-01,9,False,False,False,True,False,False,False,False,False,True,False,False,False,False
1,2025-01-11,11,5.0,4.7,5,1,1,T-shirt Bleu Coton,19.99,2025-01-01,10,False,False,False,True,False,False,False,False,False,True,False,False,False,False
1,2025-01-12,7,5.285714285714286,4.909090909090909,6,1,1,T-shirt Bleu Coton,19.99,2025-01-01,11,False,False,False,True,False,False,False,False,False,True,False,False,False,False
1,2025-01-13,2,4.571428571428571,4.666666666666667,0,1,0,T-shirt Bleu Coton,19.99,2025-01-01,12,False,False,False,True,False,False,False,False,False,True,False,False,False,False
1,2025-01-14,1,4.285714285714286,4.384615384615385,1,1,0,T-shirt Bleu Coton,19.99,2025-01-01,13,False,False,False,True,False,False,False,False,False,True,False,False,False,False
1,2025-01-15,5,4.714285714285714,4.428571428571429,2,1,0,T-shirt Bleu Coton,19.99,2025-01-01,14,False,False,False,True,False,False,False,False,False,True,False,False,False,False
1,2025-01-16,2,4.428571428571429,4.266666666666667,3,1,0,T-shirt Bleu Coton,19.99,2025-01-01,15,False,False,False,True,False,False,False,False,False,True,False,False,False,False
1,2025-01-18,4,4.571428571428571,4.25,5,1,1,T-shirt Bleu Coton,19.99,2025-01-01,17,False,False,False,True,False,False,False,False,False,True,False,False,False,False
1,2025-01-19,1,3.142857142857143,4.0588235294117645,6,1,1,T-shirt Bleu Coton,19.99,2025-01-01,18,False,False,False,True,False,False,False,False,False,True,False,False,False,False
1,2025-01-20,4,2.7142857142857144,4.055555555555555,0,1,0,T-shirt Bleu Coton,19.99,2025-01-01,19,False,False,False,True,False,False,False,False,False,True,False,False,False,False
1,2025-01-22,3,2.857142857142857,4.0,2,1,0,T-shirt Bleu Coton,19.99,2025-01-01,21,False,False,False,True,False,False,False,False,False,True,False,False,False,False
1,2025-01-23,3,3.142857142857143,3.95,3,1,0,T-shirt Bleu Coton,19.99,2025-01-01,22,False,False,False,True,False,False,False,False,False,True,False,False,False,False
1,2025-01-24,5,3.142857142857143,4.0,4,1,0,T-shirt Bleu Coton,19.99,2025-01-01,23,False,False,False,True,False,False,False,False,False,True,False,False,False,False
1,2025-01-25,1,3.0,3.8636363636363638,5,1,1,T-shirt Bleu Coton,19.99,2025-01-01,24,False,False,False,True,False,False,False,False,False,True,False,False,False,False
1,2025-01-26,1,2.5714285714285716,3.739130434782609,6,1,1,T-shirt Bleu Coton,19.99,2025-01-01,25,False,False,False,True,False,False,False,False,False,True,False,False,False,False
1,2025-01-28,5,3.142857142857143,3.7916666666666665,1,1,0,T-shirt Bleu Coton,19.99,2025-01-01,27,False,False,False,True,False,False,False,False,False,True,False,False,False,False
1,2025-01-29,3,3.0,3.76,2,1,0,T-shirt Bleu Coton,19.99,2025-01-01,28,False,False,False,True,False,False,False,False,False,True,False,False,False,False
1,2025-02-01,3,3.0,3.730769230769231,5,2,1,T-shirt Bleu Coton,19.99,2025-01-01,31,False,False,False,True,False,False,False,False,False,True,False,False,False,False
1,2025-02-02,4,3.142857142857143,3.740740740740741,6,2,1,T-shirt Bleu Coton,19.99,2025-01-01,32,False,False,False,True,False,False,False,False,False,True,False,False,False,False
1,2025-02-03,3,2.857142857142857,3.7142857142857144,0,2,0,T-shirt Bleu Coton,19.99,2025-01-01,33,False,False,False,True,False,False,False,False,False,True,False,False,False,False
1,2025-02-04,1,2.857142857142857,3.6206896551724137,1,2,0,T-shirt Bleu Coton,19.99,2025-01-01,34,False,False,False,True,False,False,False,False,False,True,False,False,False,False
1,2025-02-05,7,3.7142857142857144,3.7333333333333334,2,2,0,T-shirt Bleu Coton,19.99,2025-01-01,35,False,False,False,True,False,False,False,False,False,True,False,False,False,False
1,2025-02-06,3,3.4285714285714284,3.7,3,2,0,T-shirt Bleu Coton,19.99,2025-01-01,36,False,False,False,True,False,False,False,False,False,True,False,False,False,False
1,2025-02-07,8,4.142857142857143,3.8666666666666667,4,2,0,T-shirt Bleu Coton,19.99,2025-01-01,37,False,False,False,True,False,False,False,False,False,True,False,False,False,False
1,2025-02-08,5,4.428571428571429,3.8666666666666667,5,2,1,T-shirt Bleu Coton,19.99,2025-01-01,38,False,False,False,True,False,False,False,False,False,True,False,False,False,False
1,2025-02-09,3,4.285714285714286,3.8,6,2,1,T-shirt Bleu Coton,19.99,2025-01-01,39,False,False,False,True,False,False,False,False,False,True,False,False,False,False
1,2025-02-10,6,4.714285714285714,3.7666666666666666,0,2,0,T-shirt Bleu Coton,19.99,2025-01-01,40,False,False,False,True,False,False,False,False,False,True,False,False,False,False
1,2025-02-12,1,4.714285714285714,3.7,2,2,0,T-shirt Bleu Coton,19.99,2025-01-01,42,False,False,False,True,False,False,False,False,False,True,False,False,False,False
1,2025-02-14,5,4.428571428571429,3.8,4,2,0,T-shirt Bleu Coton,19.99,2025-01-01,44,False,False,False,True,False,False,False,False,False,True,False,False,False,False
1,2025-02-16,4,4.571428571428571,3.8,6,2,1,T-shirt Bleu Coton,19.99,2025-01-01,46,False,False,False,True,False,False,False,False,False,True,False,False,False,False
1,2025-02-17,1,3.5714285714285716,3.7333333333333334,0,2,0,T-shirt Bleu Coton,19.99,2025-01-01,47,False,False,False,True,False,False,False,False,False,True,False,False,False,False
1,2025-02-20,6,3.7142857142857144,3.566666666666667,3,2,0,T-shirt Bleu Coton,19.99,2025-01-01,50,False,False,False,True,False,False,False,False,False,True,False,False,False,False
1,2025-02-21,2,3.5714285714285716,3.4,4,2,0,T-shirt Bleu Coton,19.99,2025-01-01,51,False,False,False,True,False,False,False,False,False,True,False,False,False,False
1,2025-02-22,6,3.5714285714285716,3.533333333333333,5,2,1,T-shirt Bleu Coton,19.99,2025-01-01,52,False,False,False,True,False,False,False,False,False,True,False,False,False,False
1,2025-02-23,3,3.857142857142857,3.6,6,2,1,T-shirt Bleu Coton,19.99,2025-01-01,53,False,False,False,True,False,False,False,False,False,True,False,False,False,False
1,2025-02-24,2,3.4285714285714284,3.5,0,2,0,T-shirt Bleu Coton,19.99,2025-01-01,54,False,False,False,True,False,False,False,False,False,True,False,False,False,False
1,2025-02-25,1,3.0,3.466666666666667,1,2,0,T-shirt Bleu Coton,19.99,2025-01-01,55,False,False,False,True,False,False,False,False,False,True,False,False,False,False
1,2025-02-26,2,3.142857142857143,3.4,2,2,0,T-shirt Bleu Coton,19.99,2025-01-01,56,False,False,False,True,False,False,False,False,False,True,False,False,False,False
1,2025-02-27,3,2.7142857142857144,3.466666666666667,3,2,0,T-shirt Bleu Coton,19.99,2025-01-01,57,False,False,False,True,False,False,False,False,False,True,False,False,False,False
1,2025-02-28,2,2.7142857142857144,3.4,4,2,0,T-shirt Bleu Coton,19.99,2025-01-01,58,False,False,False,True,False,False,False,False,False,True,False,False,False,False
1,2025-03-01,4,2.4285714285714284,3.433333333333333,5,3,1,T-shirt Bleu Coton,19.99,2025-01-01,59,False,False,False,True,False,False,False,False,False,True,False,False,False,False
1,2025-03-02,9,3.2857142857142856,3.6333333333333333,6,3,1,T-shirt Bleu Coton,19.99,2025-01-01,60,False,False,False,True,False,False,False,False,False,True,False,False,False,False
1,2025-03-03,2,3.2857142857142856,3.533333333333333,0,3,0,T-shirt Bleu Coton,19.99,2025-01-01,61,False,False,False,True,False,False,False,False,False,True,False,False,False,False
1,2025-03-04,1,3.2857142857142856,3.533333333333333,1,3,0,T-shirt Bleu Coton,19.99,2025-01-01,62,False,False,False,True,False,False,False,False,False,True,False,False,False,False
1,2025-03-05,6,3.857142857142857,3.7,2,3,0,T-shirt Bleu Coton,19.99,2025-01-01,63,False,False,False,True,False,False,False,False,False,True,False,False,False,False
1,2025-03-06,1,3.5714285714285716,3.566666666666667,3,3,0,T-shirt Bleu Coton,19.99,2025-01-01,64,False,False,False,True,False,False,False,False,False,True,False,False,False,False
1,2025-03-07,3,3.7142857142857144,3.566666666666667,4,3,0,T-shirt Bleu Coton,19.99,2025-01-01,65,False,False,False,True,False,False,False,False,False,True,False,False,False,False
1,2025-03-08,6,4.0,3.6666666666666665,5,3,1,T-shirt Bleu Coton,19.99,2025-01-01,66,False,False,False,True,False,False,False,False,False,True,False,False,False,False
1,2025-03-09,1,2.857142857142857,3.566666666666667,6,3,1,T-shirt Bleu Coton,19.99,2025-01-01,67,False,False,False,True,False,False,False,False,False,True,False,False,False,False
1,2025-03-10,1,2.7142857142857144,3.5,0,3,0,T-shirt Bleu Coton,19.99,2025-01-01,68,False,False,False,True,False,False,False,False,False,True,False,False,False,False
1,2025-03-11,4,3.142857142857143,3.6,1,3,0,T-shirt Bleu Coton,19.99,2025-01-01,69,False,False,False,True,False,False,False,False,False,True,False,False,False,False
1,2025-03-12,5,3.0,3.533333333333333,2,3,0,T-shirt Bleu Coton,19.99,2025-01-01,70,False,False,False,True,False,False,False,False,False,True,False,False,False,False
1,2025-03-14,1,3.0,3.466666666666667,4,3,0,T-shirt Bleu Coton,19.99,2025-01-01,72,False,False,False,True,False,False,False,False,False,True,False,False,False,False
1,2025-03-15,3,3.0,3.3,5,3,1,T-shirt Bleu Coton,19.99,2025-01-01,73,False,False,False,True,False,False,False,False,False,True,False,False,False,False
1,2025-03-16,3,2.5714285714285716,3.2333333333333334,6,3,1,T-shirt Bleu Coton,19.99,2025-01-01,74,False,False,False,True,False,False,False,False,False,True,False,False,False,False
1,2025-03-17,2,2.7142857142857144,3.2,0,3,0,T-shirt Bleu Coton,19.99,2025-01-01,75,False,False,False,True,False,False,False,False,False,True,False,False,False,False
1,2025-03-18,3,3.0,3.1,1,3,0,T-shirt Bleu Coton,19.99,2025-01-01,76,False,False,False,True,False,False,False,False,False,True,False,False,False,False
1,2025-03-19,2,2.7142857142857144,3.1333333333333333,2,3,0,T-shirt Bleu Coton,19.99,2025-01-01,77,False,False,False,True,False,False,False,False,False,True,False,False,False,False
1,2025-03-20,1,2.142857142857143,3.0,3,3,0,T-shirt Bleu Coton,19.99,2025-01-01,78,False,False,False,True,False,False,False,False,False,True,False,False,False,False
1,2025-03-22,2,2.2857142857142856,2.933333333333333,5,3,1,T-shirt Bleu Coton,19.99,2025-01-01,80,False,False,False,True,False,False,False,False,False,True,False,False,False,False
1,2025-03-24,5,2.5714285714285716,3.066666666666667,0,3,0,T-shirt Bleu Coton,19.99,2025-01-01,82,False,False,False,True,False,False,False,False,False,True,False,False,False,False
1,2025-03-25,1,2.2857142857142856,2.9,1,3,0,T-shirt Bleu Coton,19.99,2025-01-01,83,False,False,False,True,False,False,False,False,False,True,False,False,False,False
1,2025-03-27,2,2.2857142857142856,2.9,3,3,0,T-shirt Bleu Coton,19.99,2025-01-01,85,False,False,False,True,False,False,False,False,False,True,False,False,False,False
1,2025-03-28,1,2.0,2.7333333333333334,4,3,0,T-shirt Bleu Coton,19.99,2025-01-01,86,False,False,False,True,False,False,False,False,False,True,False,False,False,False
1,2025-03-29,3,2.142857142857143,2.7333333333333334,5,3,1,T-shirt Bleu Coton,19.99,2025-01-01,87,False,False,False,True,False,False,False,False,False,True,False,False,False,False
1,2025-03-30,1,2.142857142857143,2.7,6,3,1,T-shirt Bleu Coton,19.99,2025-01-01,88,False,False,False,True,False,False,False,False,False,True,False,False,False,False
1,2025-03-31,3,2.2857142857142856,2.7666666666666666,0,3,0,T-shirt Bleu Coton,19.99,2025-01-01,89,False,False,False,True,False,False,False,False,False,True,False,False,False,False
1,2025-04-01,2,1.8571428571428572,2.7666666666666666,1,4,0,T-shirt Bleu Coton,19.99,2025-01-01,90,False,False,False,True,False,False,False,False,False,True,False,False,False,False
1,2025-04-04,2,2.0,2.7333333333333334,4,4,0,T-shirt Bleu Coton,19.99,2025-01-01,93,False,False,False,True,False,False,False,False,False,True,False,False,False,False
1,2025-04-05,6,2.5714285714285716,2.8666666666666667,5,4,1,T-shirt Bleu Coton,19.99,2025-01-01,94,False,False,False,True,False,False,False,False,False,True,False,False,False,False
1,2025-04-06,2,2.7142857142857144,2.8,6,4,1,T-shirt Bleu Coton,19.99,2025-01-01,95,False,False,False,True,False,False,False,False,False,True,False,False,False,False
1,2025-04-07,2,2.5714285714285716,2.566666666666667,0,4,0,T-shirt Bleu Coton,19.99,2025-01-01,96,False,False,False,True,False,False,False,False,False,True,False,False,False,False
1,2025-04-08,2,2.7142857142857144,2.566666666666667,1,4,0,T-shirt Bleu Coton,19.99,2025-01-01,97,False,False,False,True,False,False,False,False,False,True,False,False,False,False
1,2025-04-09,1,2.4285714285714284,2.566666666666667,2,4,0,T-shirt Bleu Coton,19.99,2025-01-01,98,False,False,False,True,False,False,False,False,False,True,False,False,False,False
1,2025-04-10,2,2.4285714285714284,2.433333333333333,3,4,0,T-shirt Bleu Coton,19.99,2025-01-01,99,False,False,False,True,False,False,False,False,False,True,False,False,False,False
1,2025-04-12,4,2.7142857142857144,2.533333333333333,5,4,1,T-shirt Bleu Coton,19.99,2025-01-01,101,False,False,False,True,False,False,False,False,False,True,False,False,False,False
1,2025-04-13,1,2.0,2.466666666666667,6,4,1,T-shirt Bleu Coton,19.99,2025-01-01,102,False,False,False,True,False,False,False,False,False,True,False,False,False,False
1,2025-04-15,3,2.142857142857143,2.3666666666666667,1,4,0,T-shirt Bleu Coton,19.99,2025-01-01,104,False,False,False,True,False,False,False,False,False,True,False,False,False,False
1,2025-04-16,1,2.0,2.3666666666666667,2,4,0,T-shirt Bleu Coton,19.99,2025-01-01,105,False,False,False,True,False,False,False,False,False,True,False,False,False,False
1,2025-04-17,1,1.8571428571428572,2.3666666666666667,3,4,0,T-shirt Bleu Coton,19.99,2025-01-01,106,False,False,False,True,False,False,False,False,False,True,False,False,False,False
1,2025-04-18,3,2.142857142857143,2.3333333333333335,4,4,0,T-shirt Bleu Coton,19.99,2025-01-01,107,False,False,False,True,False,False,False,False,False,True,False,False,False,False
1,2025-04-19,5,2.5714285714285716,2.3333333333333335,5,4,1,T-shirt Bleu Coton,19.99,2025-01-01,108,False,False,False,True,False,False,False,False,False,True,False,False,False,False
1,2025-04-20,1,2.142857142857143,2.3333333333333335,6,4,1,T-shirt Bleu Coton,19.99,2025-01-01,109,False,False,False,True,False,False,False,False,False,True,False,False,False,False
1,2025-04-21,1,2.142857142857143,2.2666666666666666,0,4,0,T-shirt Bleu Coton,19.99,2025-01-01,110,False,False,False,True,False,False,False,False,False,True,False,False,False,False
1,2025-04-22,7,2.7142857142857144,2.4,1,4,0,T-shirt Bleu Coton,19.99,2025-01-01,111,False,False,False,True,False,False,False,False,False,True,False,False,False,False
1,2025-04-25,2,2.857142857142857,2.4,4,4,0,T-shirt Bleu Coton,19.99,2025-01-01,114,False,False,False,True,False,False,False,False,False,True,False,False,False,False
1,2025-04-26,4,3.2857142857142856,2.433333333333333,5,4,1,T-shirt Bleu Coton,19.99,2025-01-01,115,False,False,False,True,False,False,False,False,False,True,False,False,False,False
1,2025-04-27,1,3.0,2.4,6,4,1,T-shirt Bleu Coton,19.99,2025-01-01,116,False,False,False,True,False,False,False,False,False,True,False,False,False,False
1,2025-04-28,2,2.5714285714285716,2.433333333333333,0,4,0,T-shirt Bleu Coton,19.99,2025-01-01,117,False,False,False,True,False,False,False,False,False,True,False,False,False,False
1,2025-04-29,4,3.0,2.5,1,4,0,T-shirt Bleu Coton,19.99,2025-01-01,118,False,False,False,True,False,False,False,False,False,True,False,False,False,False
1,2025-04-30,1,3.0,2.3666666666666667,2,4,0,T-shirt Bleu Coton,19.99,2025-01-01,119,False,False,False,True,False,False,False,False,False,True,False,False,False,False
1,2025-05-02,4,2.5714285714285716,2.466666666666667,4,5,0,T-shirt Bleu Coton,19.99,2025-01-01,121,False,False,False,True,False,False,False,False,False,True,False,False,False,False
1,2025-05-03,2,2.5714285714285716,2.466666666666667,5,5,1,T-shirt Bleu Coton,19.99,2025-01-01,122,False,False,False,True,False,False,False,False,False,True,False,False,False,False
1,2025-05-05,1,2.142857142857143,2.466666666666667,0,5,0,T-shirt Bleu Coton,19.99,2025-01-01,124,False,False,False,True,False,False,False,False,False,True,False,False,False,False
1,2025-05-08,7,3.0,2.6,3,5,0,T-shirt Bleu Coton,19.99,2025-01-01,127,False,False,False,True,False,False,False,False,False,True,False,False,False,False
1,2025-05-09,4,3.2857142857142856,2.7,4,5,0,T-shirt Bleu Coton,19.99,2025-01-01,128,False,False,False,True,False,False,False,False,False,True,False,False,False,False
1,2025-05-10,1,2.857142857142857,2.6333333333333333,5,5,1,T-shirt Bleu Coton,19.99,2025-01-01,129,False,False,False,True,False,False,False,False,False,True,False,False,False,False
1,2025-05-11,8,3.857142857142857,2.8333333333333335,6,5,1,T-shirt Bleu Coton,19.99,2025-01-01,130,False,False,False,True,False,False,False,False,False,True,False,False,False,False
1,2025-05-13,4,3.857142857142857,2.9,1,5,0,T-shirt Bleu Coton,19.99,2025-01-01,132,False,False,False,True,False,False,False,False,False,True,False,False,False,False
1,2025-05-14,1,3.7142857142857144,2.7333333333333334,2,5,0,T-shirt Bleu Coton,19.99,2025-01-01,133,False,False,False,True,False,False,False,False,False,True,False,False,False,False
1,2025-05-16,2,3.857142857142857,2.7333333333333334,4,5,0,T-shirt Bleu Coton,19.99,2025-01-01,135,False,False,False,True,False,False,False,False,False,True,False,False,False,False
1,2025-05-17,5,3.5714285714285716,2.8333333333333335,5,5,1,T-shirt Bleu Coton,19.99,2025-01-01,136,False,False,False,True,False,False,False,False,False,True,False,False,False,False
1,2025-05-18,8,4.142857142857143,3.033333333333333,6,5,1,T-shirt Bleu Coton,19.99,2025-01-01,137,False,False,False,True,False,False,False,False,False,True,False,False,False,False
1,2025-05-19,3,4.428571428571429,3.1,0,5,0,T-shirt Bleu Coton,19.99,2025-01-01,138,False,False,False,True,False,False,False,False,False,True,False,False,False,False
1,2025-05-20,4,3.857142857142857,3.1666666666666665,1,5,0,T-shirt Bleu Coton,19.99,2025-01-01,139,False,False,False,True,False,False,False,False,False,True,False,False,False,False
1,2025-05-21,5,4.0,3.2,2,5,0,T-shirt Bleu Coton,19.99,2025-01-01,140,False,False,False,True,False,False,False,False,False,True,False,False,False,False
1,2025-05-22,1,4.0,3.2,3,5,0,T-shirt Bleu Coton,19.99,2025-01-01,141,False,False,False,True,False,False,False,False,False,True,False,False,False,False
1,2025-05-23,1,3.857142857142857,3.1333333333333333,4,5,0,T-shirt Bleu Coton,19.99,2025-01-01,142,False,False,False,True,False,False,False,False,False,True,False,False,False,False
1,2025-05-24,3,3.5714285714285716,3.2,5,5,1,T-shirt Bleu Coton,19.99,2025-01-01,143,False,False,False,True,False,False,False,False,False,True,False,False,False,False
1,2025-05-25,1,2.5714285714285716,3.2,6,5,1,T-shirt Bleu Coton,19.99,2025-01-01,144,False,False,False,True,False,False,False,False,False,True,False,False,False,False
1,2025-05-27,2,2.4285714285714284,3.1666666666666665,1,5,0,T-shirt Bleu Coton,19.99,2025-01-01,146,False,False,False,True,False,False,False,False,False,True,False,False,False,False
1,2025-05-29,4,2.4285714285714284,3.1333333333333333,3,5,0,T-shirt Bleu Coton,19.99,2025-01-01,148,False,False,False,True,False,False,False,False,False,True,False,False,False,False
1,2025-05-30,2,2.0,3.1666666666666665,4,5,0,T-shirt Bleu Coton,19.99,2025-01-01,149,False,False,False,True,False,False,False,False,False,True,False,False,False,False
1,2025-05-31,3,2.2857142857142856,3.2333333333333334,5,5,1,T-shirt Bleu Coton,19.99,2025-01-01,150,False,False,False,True,False,False,False,False,False,True,False,False,False,False
1,2025-06-01,1,2.2857142857142856,3.033333333333333,6,6,1,T-shirt Bleu Coton,19.99,2025-01-01,151,False,False,False,True,False,False,False,False,False,True,False,False,False,False
1,2025-06-02,2,2.142857142857143,3.033333333333333,0,6,0,T-shirt Bleu Coton,19.99,2025-01-01,152,False,False,False,True,False,False,False,False,False,True,False,False,False,False
1,2025-06-03,5,2.7142857142857144,3.066666666666667,1,6,0,T-shirt Bleu Coton,19.99,2025-01-01,153,False,False,False,True,False,False,False,False,False,True,False,False,False,False
1,2025-06-06,2,2.7142857142857144,3.1,4,6,0,T-shirt Bleu Coton,19.99,2025-01-01,156,False,False,False,True,False,False,False,False,False,True,False,False,False,False
1,2025-06-07,2,2.4285714285714284,3.1,5,6,1,T-shirt Bleu Coton,19.99,2025-01-01,157,False,False,False,True,False,False,False,False,False,True,False,False,False,False
1,2025-06-12,2,2.4285714285714284,3.033333333333333,3,6,0,T-shirt Bleu Coton,19.99,2025-01-01,162,False,False,False,True,False,False,False,False,False,True,False,False,False,False
1,2025-06-13,2,2.2857142857142856,3.066666666666667,4,6,0,T-shirt Bleu Coton,19.99,2025-01-01,163,False,False,False,True,False,False,False,False,False,True,False,False,False,False
1,2025-06-14,4,2.7142857142857144,3.066666666666667,5,6,1,T-shirt Bleu Coton,19.99,2025-01-01,164,False,False,False,True,False,False,False,False,False,True,False,False,False,False
1,2025-06-15,3,2.857142857142857,3.1,6,6,1,T-shirt Bleu Coton,19.99,2025-01-01,165,False,False,False,True,False,False,False,False,False,True,False,False,False,False
1,2025-06-18,5,2.857142857142857,3.2333333333333334,2,6,0,T-shirt Bleu Coton,19.99,2025-01-01,168,False,False,False,True,False,False,False,False,False,True,False,False,False,False
1,2025-06-19,2,2.857142857142857,3.066666666666667,3,6,0,T-shirt Bleu Coton,19.99,2025-01-01,169,False,False,False,True,False,False,False,False,False,True,False,False,False,False
1,2025-06-21,3,3.0,3.033333333333333,5,6,1,T-shirt Bleu Coton,19.99,2025-01-01,171,False,False,False,True,False,False,False,False,False,True,False,False,False,False
1,2025-06-22,4,3.2857142857142856,3.1333333333333333,6,6,1,T-shirt Bleu Coton,19.99,2025-01-01,172,False,False,False,True,False,False,False,False,False,True,False,False,False,False
1,2025-06-25,5,3.7142857142857144,3.033333333333333,2,6,0,T-shirt Bleu Coton,19.99,2025-01-01,175,False,False,False,True,False,False,False,False,False,True,False,False,False,False
1,2025-06-28,3,3.5714285714285716,3.0,5,6,1,T-shirt Bleu Coton,19.99,2025-01-01,178,False,False,False,True,False,False,False,False,False,True,False,False,False,False
1,2025-06-29,1,3.2857142857142856,3.0,6,6,1,T-shirt Bleu Coton,19.99,2025-01-01,179,False,False,False,True,False,False,False,False,False,True,False,False,False,False
2,2025-01-01,1,1.0,1.0,2,1,0,Smartphone Galaxy Pro,899.0,2025-01-01,0,False,False,False,False,True,False,False,False,False,False,False,False,False,True
2,2025-01-03,1,1.0,1.0,4,1,0,Smartphone Galaxy Pro,899.0,2025-01-01,2,False,False,False,False,True,False,False,False,False,False,False,False,False,True
2,2025-01-04,9,3.6666666666666665,3.6666666666666665,5,1,1,Smartphone Galaxy Pro,899.0,2025-01-01,3,False,False,False,False,True,False,False,False,False,False,False,False,False,True
2,2025-01-05,5,4.0,4.0,6,1,1,Smartphone Galaxy Pro,899.0,2025-01-01,4,False,False,False,False,True,False,False,False,False,False,False,False,False,True
2,2025-01-08,7,4.6,4.6,2,1,0,Smartphone Galaxy Pro,899.0,2025-01-01,7,False,False,False,False,True,False,False,False,False,False,False,False,False,True
2,2025-01-10,2,4.166666666666667,4.166666666666667,4,1,0,Smartphone Galaxy Pro,899.0,2025-01-01,9,False,False,False,False,True,False,False,False,False,False,False,False,False,True
2,2025-01-11,9,4.857142857142857,4.857142857142857,5,1,1,Smartphone Galaxy Pro,899.0,2025-01-01,10,False,False,False,False,True,False,False,False,False,False,False,False,False,True
2,2025-01-12,7,5.714285714285714,5.125,6,1,1,Smartphone Galaxy Pro,899.0,2025-01-01,11,False,False,False,False,True,False,False,False,False,False,False,False,False,True
2,2025-01-14,4,6.142857142857143,5.0,1,1,0,Smartphone Galaxy Pro,899.0,2025-01-01,13,False,False,False,False,True,False,False,False,False,False,False,False,False,True
2,2025-01-15,5,5.571428571428571,5.0,2,1,0,Smartphone Galaxy Pro,899.0,2025-01-01,14,False,False,False,False,True,False,False,False,False,False,False,False,False,True
2,2025-01-16,3,5.285714285714286,4.818181818181818,3,1,0,Smartphone Galaxy Pro,899.0,2025-01-01,15,False,False,False,False,True,False,False,False,False,False,False,False,False,True
2,2025-01-17,4,4.857142857142857,4.75,4,1,0,Smartphone Galaxy Pro,899.0,2025-01-01,16,False,False,False,False,True,False,False,False,False,False,False,False,False,True
2,2025-01-18,6,5.428571428571429,4.846153846153846,5,1,1,Smartphone Galaxy Pro,899.0,2025-01-01,17,False,False,False,False,True,False,False,False,False,False,False,False,False,True
2,2025-01-20,1,4.285714285714286,4.571428571428571,0,1,0,Smartphone Galaxy Pro,899.0,2025-01-01,19,False,False,False,False,True,False,False,False,False,False,False,False,False,True
2,2025-01-21,4,3.857142857142857,4.533333333333333,1,1,0,Smartphone Galaxy Pro,899.0,2025-01-01,20,False,False,False,False,True,False,False,False,False,False,False,False,False,True
2,2025-01-22,8,4.428571428571429,4.75,2,1,0,Smartphone Galaxy Pro,899.0,2025-01-01,21,False,False,False,False,True,False,False,False,False,False,False,False,False,True
2,2025-01-24,3,4.142857142857143,4.647058823529412,4,1,0,Smartphone Galaxy Pro,899.0,2025-01-01,23,False,False,False,False,True,False,False,False,False,False,False,False,False,True
2,2025-01-25,5,4.428571428571429,4.666666666666667,5,1,1,Smartphone Galaxy Pro,899.0,2025-01-01,24,False,False,False,False,True,False,False,False,False,False,False,False,False,True
2,2025-01-26,3,4.285714285714286,4.578947368421052,6,1,1,Smartphone Galaxy Pro,899.0,2025-01-01,25,False,False,False,False,True,False,False,False,False,False,False,False,False,True
2,2025-01-28,1,3.5714285714285716,4.4,1,1,0,Smartphone Galaxy Pro,899.0,2025-01-01,27,False,False,False,False,True,False,False,False,False,False,False,False,False,True
2,2025-01-29,4,4.0,4.380952380952381,2,1,0,Smartphone Galaxy Pro,899.0,2025-01-01,28,False,False,False,False,True,False,False,False,False,False,False,False,False,True
2,2025-01-30,5,4.142857142857143,4.409090909090909,3,1,0,Smartphone Galaxy Pro,899.0,2025-01-01,29,False,False,False,False,True,False,False,False,False,False,False,False,False,True
2,2025-01-31,3,3.4285714285714284,4.3478260869565215,4,1,0,Smartphone Galaxy Pro,899.0,2025-01-01,30,False,False,False,False,True,False,False,False,False,False,False,False,False,True
2,2025-02-01,5,3.7142857142857144,4.375,5,2,1,Smartphone Galaxy Pro,899.0,2025-01-01,31,False,False,False,False,True,False,False,False,False,False,False,False,False,True
2,2025-02-02,5,3.7142857142857144,4.4,6,2,1,Smartphone Galaxy Pro,899.0,2025-01-01,32,False,False,False,False,True,False,False,False,False,False,False,False,False,True
2,2025-02-03,1,3.4285714285714284,4.269230769230769,0,2,0,Smartphone Galaxy Pro,899.0,2025-01-01,33,False,False,False,False,True,False,False,False,False,False,False,False,False,True
2,2025-02-04,1,3.4285714285714284,4.148148148148148,1,2,0,Smartphone Galaxy Pro,899.0,2025-01-01,34,False,False,False,False,True,False,False,False,False,False,False,False,False,True
2,2025-02-05,3,3.2857142857142856,4.107142857142857,2,2,0,Smartphone Galaxy Pro,899.0,2025-01-01,35,False,False,False,False,True,False,False,False,False,False,False,False,False,True
2,2025-02-06,2,2.857142857142857,4.0344827586206895,3,2,0,Smartphone Galaxy Pro,899.0,2025-01-01,36,False,False,False,False,True,False,False,False,False,False,False,False,False,True
2,2025-02-08,5,3.142857142857143,4.066666666666666,5,2,1,Smartphone Galaxy Pro,899.0,2025-01-01,38,False,False,False,False,True,False,False,False,False,False,False,False,False,True
2,2025-02-09,5,3.142857142857143,4.2,6,2,1,Smartphone Galaxy Pro,899.0,2025-01-01,39,False,False,False,False,True,False,False,False,False,False,False,False,False,True
2,2025-02-11,4,3.0,4.3,1,2,0,Smartphone Galaxy Pro,899.0,2025-01-01,41,False,False,False,False,True,False,False,False,False,False,False,False,False,True
2,2025-02-12,4,3.4285714285714284,4.133333333333334,2,2,0,Smartphone Galaxy Pro,899.0,2025-01-01,42,False,False,False,False,True,False,False,False,False,False,False,False,False,True
2,2025-02-13,1,3.4285714285714284,4.0,3,2,0,Smartphone Galaxy Pro,899.0,2025-01-01,43,False,False,False,False,True,False,False,False,False,False,False,False,False,True
2,2025-02-14,3,3.4285714285714284,3.8666666666666667,4,2,0,Smartphone Galaxy Pro,899.0,2025-01-01,44,False,False,False,False,True,False,False,False,False,False,False,False,False,True
2,2025-02-15,2,3.4285714285714284,3.8666666666666667,5,2,1,Smartphone Galaxy Pro,899.0,2025-01-01,45,False,False,False,False,True,False,False,False,False,False,False,False,False,True
2,2025-02-16,5,3.4285714285714284,3.7333333333333334,6,2,1,Smartphone Galaxy Pro,899.0,2025-01-01,46,False,False,False,False,True,False,False,False,False,False,False,False,False,True
2,2025-02-17,1,2.857142857142857,3.533333333333333,0,2,0,Smartphone Galaxy Pro,899.0,2025-01-01,47,False,False,False,False,True,False,False,False,False,False,False,False,False,True
2,2025-02-19,3,2.7142857142857144,3.5,2,2,0,Smartphone Galaxy Pro,899.0,2025-01-01,49,False,False,False,False,True,False,False,False,False,False,False,False,False,True
2,2025-02-20,2,2.4285714285714284,3.4,3,2,0,Smartphone Galaxy Pro,899.0,2025-01-01,50,False,False,False,False,True,False,False,False,False,False,False,False,False,True
2,2025-02-21,1,2.4285714285714284,3.3333333333333335,4,2,0,Smartphone Galaxy Pro,899.0,2025-01-01,51,False,False,False,False,True,False,False,False,False,False,False,False,False,True
2,2025-02-22,4,2.5714285714285716,3.3333333333333335,5,2,1,Smartphone Galaxy Pro,899.0,2025-01-01,52,False,False,False,False,True,False,False,False,False,False,False,False,False,True
2,2025-02-23,6,3.142857142857143,3.3333333333333335,6,2,1,Smartphone Galaxy Pro,899.0,2025-01-01,53,False,False,False,False,True,False,False,False,False,False,False,False,False,True
2,2025-02-24,3,2.857142857142857,3.4,0,2,0,Smartphone Galaxy Pro,899.0,2025-01-01,54,False,False,False,False,True,False,False,False,False,False,False,False,False,True
2,2025-02-25,1,2.857142857142857,3.3,1,2,0,Smartphone Galaxy Pro,899.0,2025-01-01,55,False,False,False,False,True,False,False,False,False,False,False,False,False,True
2,2025-02-27,3,2.857142857142857,3.1333333333333333,3,2,0,Smartphone Galaxy Pro,899.0,2025-01-01,57,False,False,False,False,True,False,False,False,False,False,False,False,False,True
2,2025-03-01,6,3.4285714285714284,3.2333333333333334,5,3,1,Smartphone Galaxy Pro,899.0,2025-01-01,59,False,False,False,False,True,False,False,False,False,False,False,False,False,True
2,2025-03-02,7,4.285714285714286,3.3,6,3,1,Smartphone Galaxy Pro,899.0,2025-01-01,60,False,False,False,False,True,False,False,False,False,False,False,False,False,True
2,2025-03-03,1,3.857142857142857,3.2333333333333334,0,3,0,Smartphone Galaxy Pro,899.0,2025-01-01,61,False,False,False,False,True,False,False,False,False,False,False,False,False,True
2,2025-03-04,3,3.4285714285714284,3.3,1,3,0,Smartphone Galaxy Pro,899.0,2025-01-01,62,False,False,False,False,True,False,False,False,False,False,False,False,False,True
2,2025-03-05,1,3.142857142857143,3.2,2,3,0,Smartphone Galaxy Pro,899.0,2025-01-01,63,False,False,False,False,True,False,False,False,False,False,False,False,False,True
2,2025-03-06,1,3.142857142857143,3.066666666666667,3,3,0,Smartphone Galaxy Pro,899.0,2025-01-01,64,False,False,False,False,True,False,False,False,False,False,False,False,False,True
2,2025-03-08,1,2.857142857142857,3.0,5,3,1,Smartphone Galaxy Pro,899.0,2025-01-01,66,False,False,False,False,True,False,False,False,False,False,False,False,False,True
2,2025-03-09,3,2.4285714285714284,2.933333333333333,6,3,1,Smartphone Galaxy Pro,899.0,2025-01-01,67,False,False,False,False,True,False,False,False,False,False,False,False,False,True
2,2025-03-10,1,1.5714285714285714,2.8,0,3,0,Smartphone Galaxy Pro,899.0,2025-01-01,68,False,False,False,False,True,False,False,False,False,False,False,False,False,True
2,2025-03-12,1,1.5714285714285714,2.8,2,3,0,Smartphone Galaxy Pro,899.0,2025-01-01,70,False,False,False,False,True,False,False,False,False,False,False,False,False,True
2,2025-03-13,3,1.5714285714285714,2.8666666666666667,3,3,0,Smartphone Galaxy Pro,899.0,2025-01-01,71,False,False,False,False,True,False,False,False,False,False,False,False,False,True
2,2025-03-14,3,1.8571428571428572,2.8666666666666667,4,3,0,Smartphone Galaxy Pro,899.0,2025-01-01,72,False,False,False,False,True,False,False,False,False,False,False,False,False,True
2,2025-03-15,2,2.0,2.8666666666666667,5,3,1,Smartphone Galaxy Pro,899.0,2025-01-01,73,False,False,False,False,True,False,False,False,False,False,False,False,False,True
2,2025-03-16,1,2.0,2.7333333333333334,6,3,1,Smartphone Galaxy Pro,899.0,2025-01-01,74,False,False,False,False,True,False,False,False,False,False,False,False,False,True
2,2025-03-17,3,2.0,2.6666666666666665,0,3,0,Smartphone Galaxy Pro,899.0,2025-01-01,75,False,False,False,False,True,False,False,False,False,False,False,False,False,True
2,2025-03-19,3,2.2857142857142856,2.6333333333333333,2,3,0,Smartphone Galaxy Pro,899.0,2025-01-01,77,False,False,False,False,True,False,False,False,False,False,False,False,False,True
2,2025-03-21,3,2.5714285714285716,2.6,4,3,0,Smartphone Galaxy Pro,899.0,2025-01-01,79,False,False,False,False,True,False,False,False,False,False,False,False,False,True
2,2025-03-22,5,2.857142857142857,2.7333333333333334,5,3,1,Smartphone Galaxy Pro,899.0,2025-01-01,80,False,False,False,False,True,False,False,False,False,False,False,False,False,True
2,2025-03-23,2,2.7142857142857144,2.7,6,3,1,Smartphone Galaxy Pro,899.0,2025-01-01,81,False,False,False,False,True,False,False,False,False,False,False,False,False,True
2,2025-03-24,2,2.7142857142857144,2.7,0,3,0,Smartphone Galaxy Pro,899.0,2025-01-01,82,False,False,False,False,True,False,False,False,False,False,False,False,False,True
2,2025-03-25,1,2.7142857142857144,2.566666666666667,1,3,0,Smartphone Galaxy Pro,899.0,2025-01-01,83,False,False,False,False,True,False,False,False,False,False,False,False,False,True
2,2025-03-26,2,2.5714285714285716,2.6,2,3,0,Smartphone Galaxy Pro,899.0,2025-01-01,84,False,False,False,False,True,False,False,False,False,False,False,False,False,True
2,2025-03-27,3,2.5714285714285716,2.6,3,3,0,Smartphone Galaxy Pro,899.0,2025-01-01,85,False,False,False,False,True,False,False,False,False,False,False,False,False,True
2,2025-03-28,5,2.857142857142857,2.7,4,3,0,Smartphone Galaxy Pro,899.0,2025-01-01,86,False,False,False,False,True,False,False,False,False,False,False,False,False,True
2,2025-03-29,2,2.4285714285714284,2.7333333333333334,5,3,1,Smartphone Galaxy Pro,899.0,2025-01-01,87,False,False,False,False,True,False,False,False,False,False,False,False,False,True
2,2025-03-30,4,2.7142857142857144,2.7333333333333334,6,3,1,Smartphone Galaxy Pro,899.0,2025-01-01,88,False,False,False,False,True,False,False,False,False,False,False,False,False,True
2,2025-03-31,8,3.5714285714285716,2.8,0,3,0,Smartphone Galaxy Pro,899.0,2025-01-01,89,False,False,False,False,True,False,False,False,False,False,False,False,False,True
2,2025-04-02,8,4.571428571428571,2.966666666666667,2,4,0,Smartphone Galaxy Pro,899.0,2025-01-01,91,False,False,False,False,True,False,False,False,False,False,False,False,False,True
2,2025-04-03,5,5.0,3.1,3,4,0,Smartphone Galaxy Pro,899.0,2025-01-01,92,False,False,False,False,True,False,False,False,False,False,False,False,False,True
2,2025-04-04,2,4.857142857142857,3.066666666666667,4,4,0,Smartphone Galaxy Pro,899.0,2025-01-01,93,False,False,False,False,True,False,False,False,False,False,False,False,False,True
2,2025-04-05,11,5.714285714285714,3.2333333333333334,5,4,1,Smartphone Galaxy Pro,899.0,2025-01-01,94,False,False,False,False,True,False,False,False,False,False,False,False,False,True
2,2025-04-06,1,5.571428571428571,3.033333333333333,6,4,1,Smartphone Galaxy Pro,899.0,2025-01-01,95,False,False,False,False,True,False,False,False,False,False,False,False,False,True
2,2025-04-08,1,5.142857142857143,3.033333333333333,1,4,0,Smartphone Galaxy Pro,899.0,2025-01-01,97,False,False,False,False,True,False,False,False,False,False,False,False,False,True
2,2025-04-09,3,4.428571428571429,3.033333333333333,2,4,0,Smartphone Galaxy Pro,899.0,2025-01-01,98,False,False,False,False,True,False,False,False,False,False,False,False,False,True
2,2025-04-11,1,3.4285714285714284,3.033333333333333,4,4,0,Smartphone Galaxy Pro,899.0,2025-01-01,100,False,False,False,False,True,False,False,False,False,False,False,False,False,True
2,2025-04-12,6,3.5714285714285716,3.2,5,4,1,Smartphone Galaxy Pro,899.0,2025-01-01,101,False,False,False,False,True,False,False,False,False,False,False,False,False,True
2,2025-04-14,1,3.4285714285714284,3.2,0,4,0,Smartphone Galaxy Pro,899.0,2025-01-01,103,False,False,False,False,True,False,False,False,False,False,False,False,False,True
2,2025-04-15,5,2.5714285714285716,3.2666666666666666,1,4,0,Smartphone Galaxy Pro,899.0,2025-01-01,104,False,False,False,False,True,False,False,False,False,False,False,False,False,True
2,2025-04-16,4,3.0,3.3666666666666667,2,4,0,Smartphone Galaxy Pro,899.0,2025-01-01,105,False,False,False,False,True,False,False,False,False,False,False,False,False,True
2,2025-04-17,1,3.0,3.3666666666666667,3,4,0,Smartphone Galaxy Pro,899.0,2025-01-01,106,False,False,False,False,True,False,False,False,False,False,False,False,False,True
2,2025-04-19,1,2.7142857142857144,3.3,5,4,1,Smartphone Galaxy Pro,899.0,2025-01-01,108,False,False,False,False,True,False,False,False,False,False,False,False,False,True
2,2025-04-20,3,3.0,3.3,6,4,1,Smartphone Galaxy Pro,899.0,2025-01-01,109,False,False,False,False,True,False,False,False,False,False,False,False,False,True
2,2025-04-21,2,2.4285714285714284,3.3,0,4,0,Smartphone Galaxy Pro,899.0,2025-01-01,110,False,False,False,False,True,False,False,False,False,False,False,False,False,True
2,2025-04-24,1,2.4285714285714284,3.3,3,4,0,Smartphone Galaxy Pro,899.0,2025-01-01,113,False,False,False,False,True,False,False,False,False,False,False,False,False,True
2,2025-04-25,1,1.8571428571428572,3.2333333333333334,4,4,0,Smartphone Galaxy Pro,899.0,2025-01-01,114,False,False,False,False,True,False,False,False,False,False,False,False,False,True
2,2025-04-26,1,1.4285714285714286,3.1666666666666665,5,4,1,Smartphone Galaxy Pro,899.0,2025-01-01,115,False,False,False,False,True,False,False,False,False,False,False,False,False,True
2,2025-04-27,7,2.2857142857142856,3.3,6,4,1,Smartphone Galaxy Pro,899.0,2025-01-01,116,False,False,False,False,True,False,False,False,False,False,False,False,False,True
2,2025-04-28,1,2.2857142857142856,3.1666666666666665,0,4,0,Smartphone Galaxy Pro,899.0,2025-01-01,117,False,False,False,False,True,False,False,False,False,False,False,False,False,True
2,2025-04-29,8,3.0,3.3666666666666667,1,4,0,Smartphone Galaxy Pro,899.0,2025-01-01,118,False,False,False,False,True,False,False,False,False,False,False,False,False,True
2,2025-04-30,5,3.4285714285714284,3.466666666666667,2,4,0,Smartphone Galaxy Pro,899.0,2025-01-01,119,False,False,False,False,True,False,False,False,False,False,False,False,False,True
2,2025-05-01,3,3.7142857142857144,3.533333333333333,3,5,0,Smartphone Galaxy Pro,899.0,2025-01-01,120,False,False,False,False,True,False,False,False,False,False,False,False,False,True
2,2025-05-02,2,3.857142857142857,3.533333333333333,4,5,0,Smartphone Galaxy Pro,899.0,2025-01-01,121,False,False,False,False,True,False,False,False,False,False,False,False,False,True
2,2025-05-03,3,4.142857142857143,3.533333333333333,5,5,1,Smartphone Galaxy Pro,899.0,2025-01-01,122,False,False,False,False,True,False,False,False,False,False,False,False,False,True
2,2025-05-05,2,3.4285714285714284,3.433333333333333,0,5,0,Smartphone Galaxy Pro,899.0,2025-01-01,124,False,False,False,False,True,False,False,False,False,False,False,False,False,True
2,2025-05-06,2,3.5714285714285716,3.433333333333333,1,5,0,Smartphone Galaxy Pro,899.0,2025-01-01,125,False,False,False,False,True,False,False,False,False,False,False,False,False,True
2,2025-05-07,1,2.5714285714285716,3.3333333333333335,2,5,0,Smartphone Galaxy Pro,899.0,2025-01-01,126,False,False,False,False,True,False,False,False,False,False,False,False,False,True
2,2025-05-08,5,2.5714285714285716,3.2333333333333334,3,5,0,Smartphone Galaxy Pro,899.0,2025-01-01,127,False,False,False,False,True,False,False,False,False,False,False,False,False,True
2,2025-05-09,7,3.142857142857143,3.2,4,5,0,Smartphone Galaxy Pro,899.0,2025-01-01,128,False,False,False,False,True,False,False,False,False,False,False,False,False,True
2,2025-05-11,5,3.5714285714285716,3.2,6,5,1,Smartphone Galaxy Pro,899.0,2025-01-01,130,False,False,False,False,True,False,False,False,False,False,False,False,False,True
2,2025-05-12,2,3.4285714285714284,3.2,0,5,0,Smartphone Galaxy Pro,899.0,2025-01-01,131,False,False,False,False,True,False,False,False,False,False,False,False,False,True
2,2025-05-13,4,3.7142857142857144,2.966666666666667,1,5,0,Smartphone Galaxy Pro,899.0,2025-01-01,132,False,False,False,False,True,False,False,False,False,False,False,False,False,True
2,2025-05-15,1,3.5714285714285716,2.966666666666667,3,5,0,Smartphone Galaxy Pro,899.0,2025-01-01,134,False,False,False,False,True,False,False,False,False,False,False,False,False,True
2,2025-05-16,1,3.5714285714285716,2.966666666666667,4,5,0,Smartphone Galaxy Pro,899.0,2025-01-01,135,False,False,False,False,True,False,False,False,False,False,False,False,False,True
2,2025-05-17,2,3.142857142857143,2.933333333333333,5,5,1,Smartphone Galaxy Pro,899.0,2025-01-01,136,False,False,False,False,True,False,False,False,False,False,False,False,False,True
2,2025-05-18,2,2.4285714285714284,2.966666666666667,6,5,1,Smartphone Galaxy Pro,899.0,2025-01-01,137,False,False,False,False,True,False,False,False,False,False,False,False,False,True
2,2025-05-21,4,2.2857142857142856,2.9,2,5,0,Smartphone Galaxy Pro,899.0,2025-01-01,140,False,False,False,False,True,False,False,False,False,False,False,False,False,True
2,2025-05-23,1,2.142857142857143,2.9,4,5,0,Smartphone Galaxy Pro,899.0,2025-01-01,142,False,False,False,False,True,False,False,False,False,False,False,False,False,True
2,2025-05-24,7,2.5714285714285716,2.966666666666667,5,5,1,Smartphone Galaxy Pro,899.0,2025-01-01,143,False,False,False,False,True,False,False,False,False,False,False,False,False,True
2,2025-05-25,1,2.5714285714285716,2.8666666666666667,6,5,1,Smartphone Galaxy Pro,899.0,2025-01-01,144,False,False,False,False,True,False,False,False,False,False,False,False,False,True
2,2025-05-30,3,2.857142857142857,2.933333333333333,4,5,0,Smartphone Galaxy Pro,899.0,2025-01-01,149,False,False,False,False,True,False,False,False,False,False,False,False,False,True
2,2025-06-01,5,3.2857142857142856,3.066666666666667,6,6,1,Smartphone Galaxy Pro,899.0,2025-01-01,151,False,False,False,False,True,False,False,False,False,False,False,False,False,True
2,2025-06-03,3,3.4285714285714284,3.066666666666667,1,6,0,Smartphone Galaxy Pro,899.0,2025-01-01,153,False,False,False,False,True,False,False,False,False,False,False,False,False,True
2,2025-06-04,2,3.142857142857143,3.066666666666667,2,6,0,Smartphone Galaxy Pro,899.0,2025-01-01,154,False,False,False,False,True,False,False,False,False,False,False,False,False,True
2,2025-06-07,1,3.142857142857143,3.066666666666667,5,6,1,Smartphone Galaxy Pro,899.0,2025-01-01,157,False,False,False,False,True,False,False,False,False,False,False,False,False,True
2,2025-06-10,5,2.857142857142857,3.2,1,6,0,Smartphone Galaxy Pro,899.0,2025-01-01,160,False,False,False,False,True,False,False,False,False,False,False,False,False,True
2,2025-06-12,1,2.857142857142857,3.2,3,6,0,Smartphone Galaxy Pro,899.0,2025-01-01,162,False,False,False,False,True,False,False,False,False,False,False,False,False,True
2,2025-06-13,2,2.7142857142857144,3.033333333333333,4,6,0,Smartphone Galaxy Pro,899.0,2025-01-01,163,False,False,False,False,True,False,False,False,False,False,False,False,False,True
2,2025-06-14,4,2.5714285714285716,3.1333333333333333,5,6,1,Smartphone Galaxy Pro,899.0,2025-01-01,164,False,False,False,False,True,False,False,False,False,False,False,False,False,True
2,2025-06-15,2,2.4285714285714284,2.933333333333333,6,6,1,Smartphone Galaxy Pro,899.0,2025-01-01,165,False,False,False,False,True,False,False,False,False,False,False,False,False,True
2,2025-06-18,1,2.2857142857142856,2.8,2,6,0,Smartphone Galaxy Pro,899.0,2025-01-01,168,False,False,False,False,True,False,False,False,False,False,False,False,False,True
2,2025-06-20,1,2.2857142857142856,2.7333333333333334,4,6,0,Smartphone Galaxy Pro,899.0,2025-01-01,170,False,False,False,False,True,False,False,False,False,False,False,False,False,True
2,2025-06-21,4,2.142857142857143,2.8,5,6,1,Smartphone Galaxy Pro,899.0,2025-01-01,171,False,False,False,False,True,False,False,False,False,False,False,False,False,True
2,2025-06-22,1,2.142857142857143,2.7333333333333334,6,6,1,Smartphone Galaxy Pro,899.0,2025-01-01,172,False,False,False,False,True,False,False,False,False,False,False,False,False,True
2,2025-06-24,2,2.142857142857143,2.7333333333333334,1,6,0,Smartphone Galaxy Pro,899.0,2025-01-01,174,False,False,False,False,True,False,False,False,False,False,False,False,False,True
2,2025-06-25,3,2.0,2.7666666666666666,2,6,0,Smartphone Galaxy Pro,899.0,2025-01-01,175,False,False,False,False,True,False,False,False,False,False,False,False,False,True
2,2025-06-26,3,2.142857142857143,2.8333333333333335,3,6,0,Smartphone Galaxy Pro,899.0,2025-01-01,176,False,False,False,False,True,False,False,False,False,False,False,False,False,True
2,2025-06-27,1,2.142857142857143,2.7,4,6,0,Smartphone Galaxy Pro,899.0,2025-01-01,177,False,False,False,False,True,False,False,False,False,False,False,False,False,True
2,2025-06-28,3,2.4285714285714284,2.566666666666667,5,6,1,Smartphone Galaxy Pro,899.0,2025-01-01,178,False,False,False,False,True,False,False,False,False,False,False,False,False,True
2,2025-06-29,3,2.2857142857142856,2.5,6,6,1,Smartphone Galaxy Pro,899.0,2025-01-01,179,False,False,False,False,True,False,False,False,False,False,False,False,False,True
3,2025-01-01,7,7.0,7.0,2,1,0,Café Moulu Bio,12.5,2025-01-01,0,False,False,False,False,False,True,False,False,False,True,False,False,False,False
3,2025-01-02,5,6.0,6.0,3,1,0,Café Moulu Bio,12.5,2025-01-01,1,False,False,False,False,False,True,False,False,False,True,False,False,False,False
3,2025-01-03,2,4.666666666666667,4.666666666666667,4,1,0,Café Moulu Bio,12.5,2025-01-01,2,False,False,False,False,False,True,False,False,False,True,False,False,False,False
3,2025-01-04,2,4.0,4.0,5,1,1,Café Moulu Bio,12.5,2025-01-01,3,False,False,False,False,False,True,False,False,False,True,False,False,False,False
3,2025-01-05,9,5.0,5.0,6,1,1,Café Moulu Bio,12.5,2025-01-01,4,False,False,False,False,False,True,False,False,False,True,False,False,False,False
3,2025-01-06,1,4.333333333333333,4.333333333333333,0,1,0,Café Moulu Bio,12.5,2025-01-01,5,False,False,False,False,False,True,False,False,False,True,False,False,False,False
3,2025-01-07,1,3.857142857142857,3.857142857142857,1,1,0,Café Moulu Bio,12.5,2025-01-01,6,False,False,False,False,False,True,False,False,False,True,False,False,False,False
3,2025-01-08,2,3.142857142857143,3.625,2,1,0,Café Moulu Bio,12.5,2025-01-01,7,False,False,False,False,False,True,False,False,False,True,False,False,False,False
3,2025-01-09,3,2.857142857142857,3.5555555555555554,3,1,0,Café Moulu Bio,12.5,2025-01-01,8,False,False,False,False,False,True,False,False,False,True,False,False,False,False
3,2025-01-10,3,3.0,3.5,4,1,0,Café Moulu Bio,12.5,2025-01-01,9,False,False,False,False,False,True,False,False,False,True,False,False,False,False
3,2025-01-11,4,3.2857142857142856,3.5454545454545454,5,1,1,Café Moulu Bio,12.5,2025-01-01,10,False,False,False,False,False,True,False,False,False,True,False,False,False,False
3,2025-01-12,2,2.2857142857142856,3.4166666666666665,6,1,1,Café Moulu Bio,12.5,2025-01-01,11,False,False,False,False,False,True,False,False,False,True,False,False,False,False
3,2025-01-13,5,2.857142857142857,3.5384615384615383,0,1,0,Café Moulu Bio,12.5,2025-01-01,12,False,False,False,False,False,True,False,False,False,True,False,False,False,False
3,2025-01-14,2,3.0,3.4285714285714284,1,1,0,Café Moulu Bio,12.5,2025-01-01,13,False,False,False,False,False,True,False,False,False,True,False,False,False,False
3,2025-01-15,2,3.0,3.3333333333333335,2,1,0,Café Moulu Bio,12.5,2025-01-01,14,False,False,False,False,False,True,False,False,False,True,False,False,False,False
3,2025-01-16,2,2.857142857142857,3.25,3,1,0,Café Moulu Bio,12.5,2025-01-01,15,False,False,False,False,False,True,False,False,False,True,False,False,False,False
3,2025-01-17,1,2.5714285714285716,3.1176470588235294,4,1,0,Café Moulu Bio,12.5,2025-01-01,16,False,False,False,False,False,True,False,False,False,True,False,False,False,False
3,2025-01-18,7,3.0,3.3333333333333335,5,1,1,Café Moulu Bio,12.5,2025-01-01,17,False,False,False,False,False,True,False,False,False,True,False,False,False,False
3,2025-01-20,1,2.857142857142857,3.210526315789474,0,1,0,Café Moulu Bio,12.5,2025-01-01,19,False,False,False,False,False,True,False,False,False,True,False,False,False,False
3,2025-01-23,3,2.5714285714285716,3.2,3,1,0,Café Moulu Bio,12.5,2025-01-01,22,False,False,False,False,False,True,False,False,False,True,False,False,False,False
3,2025-01-24,4,2.857142857142857,3.238095238095238,4,1,0,Café Moulu Bio,12.5,2025-01-01,23,False,False,False,False,False,True,False,False,False,True,False,False,False,False
3,2025-01-25,2,2.857142857142857,3.1818181818181817,5,1,1,Café Moulu Bio,12.5,2025-01-01,24,False,False,False,False,False,True,False,False,False,True,False,False,False,False
3,2025-01-26,8,3.7142857142857144,3.391304347826087,6,1,1,Café Moulu Bio,12.5,2025-01-01,25,False,False,False,False,False,True,False,False,False,True,False,False,False,False
3,2025-01-27,4,4.142857142857143,3.4166666666666665,0,1,0,Café Moulu Bio,12.5,2025-01-01,26,False,False,False,False,False,True,False,False,False,True,False,False,False,False
3,2025-01-28,1,3.2857142857142856,3.32,1,1,0,Café Moulu Bio,12.5,2025-01-01,27,False,False,False,False,False,True,False,False,False,True,False,False,False,False
3,2025-01-31,2,3.4285714285714284,3.269230769230769,4,1,0,Café Moulu Bio,12.5,2025-01-01,30,False,False,False,False,False,True,False,False,False,True,False,False,False,False
3,2025-02-01,13,4.857142857142857,3.6296296296296298,5,2,1,Café Moulu Bio,12.5,2025-01-01,31,False,False,False,False,False,True,False,False,False,True,False,False,False,False
3,2025-02-02,6,5.142857142857143,3.7142857142857144,6,2,1,Café Moulu Bio,12.5,2025-01-01,32,False,False,False,False,False,True,False,False,False,True,False,False,False,False
3,2025-02-03,2,5.142857142857143,3.6551724137931036,0,2,0,Café Moulu Bio,12.5,2025-01-01,33,False,False,False,False,False,True,False,False,False,True,False,False,False,False
3,2025-02-05,3,4.428571428571429,3.6333333333333333,2,2,0,Café Moulu Bio,12.5,2025-01-01,35,False,False,False,False,False,True,False,False,False,True,False,False,False,False
3,2025-02-06,1,4.0,3.433333333333333,3,2,0,Café Moulu Bio,12.5,2025-01-01,36,False,False,False,False,False,True,False,False,False,True,False,False,False,False
3,2025-02-07,3,4.285714285714286,3.3666666666666667,4,2,0,Café Moulu Bio,12.5,2025-01-01,37,False,False,False,False,False,True,False,False,False,True,False,False,False,False
3,2025-02-11,2,4.285714285714286,3.3666666666666667,1,2,0,Café Moulu Bio,12.5,2025-01-01,41,False,False,False,False,False,True,False,False,False,True,False,False,False,False
3,2025-02-12,1,2.5714285714285716,3.3333333333333335,2,2,0,Café Moulu Bio,12.5,2025-01-01,42,False,False,False,False,False,True,False,False,False,True,False,False,False,False
3,2025-02-13,2,2.0,3.1,3,2,0,Café Moulu Bio,12.5,2025-01-01,43,False,False,False,False,False,True,False,False,False,True,False,False,False,False
3,2025-02-14,2,2.0,3.1333333333333333,4,2,0,Café Moulu Bio,12.5,2025-01-01,44,False,False,False,False,False,True,False,False,False,True,False,False,False,False
3,2025-02-15,3,2.0,3.2,5,2,1,Café Moulu Bio,12.5,2025-01-01,45,False,False,False,False,False,True,False,False,False,True,False,False,False,False
3,2025-02-16,2,2.142857142857143,3.2,6,2,1,Café Moulu Bio,12.5,2025-01-01,46,False,False,False,False,False,True,False,False,False,True,False,False,False,False
3,2025-02-17,2,2.0,3.1666666666666665,0,2,0,Café Moulu Bio,12.5,2025-01-01,47,False,False,False,False,False,True,False,False,False,True,False,False,False,False
3,2025-02-18,3,2.142857142857143,3.1666666666666665,1,2,0,Café Moulu Bio,12.5,2025-01-01,48,False,False,False,False,False,True,False,False,False,True,False,False,False,False
3,2025-02-21,5,2.7142857142857144,3.2,4,2,0,Café Moulu Bio,12.5,2025-01-01,51,False,False,False,False,False,True,False,False,False,True,False,False,False,False
3,2025-02-22,4,3.0,3.2666666666666666,5,2,1,Café Moulu Bio,12.5,2025-01-01,52,False,False,False,False,False,True,False,False,False,True,False,False,False,False
3,2025-02-23,7,3.7142857142857144,3.3333333333333335,6,2,1,Café Moulu Bio,12.5,2025-01-01,53,False,False,False,False,False,True,False,False,False,True,False,False,False,False
3,2025-02-25,3,3.7142857142857144,3.3666666666666667,1,2,0,Café Moulu Bio,12.5,2025-01-01,55,False,False,False,False,False,True,False,False,False,True,False,False,False,False
3,2025-02-26,1,3.5714285714285716,3.3333333333333335,2,2,0,Café Moulu Bio,12.5,2025-01-01,56,False,False,False,False,False,True,False,False,False,True,False,False,False,False
3,2025-02-28,1,3.4285714285714284,3.3,4,2,0,Café Moulu Bio,12.5,2025-01-01,58,False,False,False,False,False,True,False,False,False,True,False,False,False,False
3,2025-03-01,1,3.142857142857143,3.3,5,3,1,Café Moulu Bio,12.5,2025-01-01,59,False,False,False,False,False,True,False,False,False,True,False,False,False,False
3,2025-03-02,2,2.7142857142857144,3.1333333333333333,6,3,1,Café Moulu Bio,12.5,2025-01-01,60,False,False,False,False,False,True,False,False,False,True,False,False,False,False
3,2025-03-03,2,2.4285714285714284,3.1666666666666665,0,3,0,Café Moulu Bio,12.5,2025-01-01,61,False,False,False,False,False,True,False,False,False,True,False,False,False,False
3,2025-03-05,2,1.7142857142857142,3.1333333333333333,2,3,0,Café Moulu Bio,12.5,2025-01-01,63,False,False,False,False,False,True,False,False,False,True,False,False,False,False
3,2025-03-06,3,1.7142857142857142,3.1,3,3,0,Café Moulu Bio,12.5,2025-01-01,64,False,False,False,False,False,True,False,False,False,True,False,False,False,False
3,2025-03-07,1,1.7142857142857142,3.066666666666667,4,3,0,Café Moulu Bio,12.5,2025-01-01,65,False,False,False,False,False,True,False,False,False,True,False,False,False,False
3,2025-03-08,2,1.8571428571428572,2.8666666666666667,5,3,1,Café Moulu Bio,12.5,2025-01-01,66,False,False,False,False,False,True,False,False,False,True,False,False,False,False
3,2025-03-09,6,2.5714285714285716,2.933333333333333,6,3,1,Café Moulu Bio,12.5,2025-01-01,67,False,False,False,False,False,True,False,False,False,True,False,False,False,False
3,2025-03-11,1,2.4285714285714284,2.933333333333333,1,3,0,Café Moulu Bio,12.5,2025-01-01,69,False,False,False,False,False,True,False,False,False,True,False,False,False,False
3,2025-03-14,3,2.5714285714285716,2.966666666666667,4,3,0,Café Moulu Bio,12.5,2025-01-01,72,False,False,False,False,False,True,False,False,False,True,False,False,False,False
3,2025-03-15,2,2.5714285714285716,2.6,5,3,1,Café Moulu Bio,12.5,2025-01-01,73,False,False,False,False,False,True,False,False,False,True,False,False,False,False
3,2025-03-16,1,2.2857142857142856,2.433333333333333,6,3,1,Café Moulu Bio,12.5,2025-01-01,74,False,False,False,False,False,True,False,False,False,True,False,False,False,False
3,2025-03-17,2,2.4285714285714284,2.433333333333333,0,3,0,Café Moulu Bio,12.5,2025-01-01,75,False,False,False,False,False,True,False,False,False,True,False,False,False,False
3,2025-03-20,5,2.857142857142857,2.5,3,3,0,Café Moulu Bio,12.5,2025-01-01,78,False,False,False,False,False,True,False,False,False,True,False,False,False,False
3,2025-03-24,6,2.857142857142857,2.6666666666666665,0,3,0,Café Moulu Bio,12.5,2025-01-01,82,False,False,False,False,False,True,False,False,False,True,False,False,False,False
3,2025-03-26,11,4.285714285714286,2.933333333333333,2,3,0,Café Moulu Bio,12.5,2025-01-01,84,False,False,False,False,False,True,False,False,False,True,False,False,False,False
3,2025-03-27,1,4.0,2.9,3,3,0,Café Moulu Bio,12.5,2025-01-01,85,False,False,False,False,False,True,False,False,False,True,False,False,False,False
3,2025-03-28,1,3.857142857142857,2.9,4,3,0,Café Moulu Bio,12.5,2025-01-01,86,False,False,False,False,False,True,False,False,False,True,False,False,False,False
3,2025-03-29,4,4.285714285714286,2.966666666666667,5,3,1,Café Moulu Bio,12.5,2025-01-01,87,False,False,False,False,False,True,False,False,False,True,False,False,False,False
3,2025-03-30,6,4.857142857142857,3.1,6,3,1,Café Moulu Bio,12.5,2025-01-01,88,False,False,False,False,False,True,False,False,False,True,False,False,False,False
3,2025-03-31,3,4.571428571428571,3.1,0,3,0,Café Moulu Bio,12.5,2025-01-01,89,False,False,False,False,False,True,False,False,False,True,False,False,False,False
3,2025-04-01,2,4.0,3.1,1,4,0,Café Moulu Bio,12.5,2025-01-01,90,False,False,False,False,False,True,False,False,False,True,False,False,False,False
3,2025-04-02,3,2.857142857142857,3.1333333333333333,2,4,0,Café Moulu Bio,12.5,2025-01-01,91,False,False,False,False,False,True,False,False,False,True,False,False,False,False
3,2025-04-03,2,3.0,3.1,3,4,0,Café Moulu Bio,12.5,2025-01-01,92,False,False,False,False,False,True,False,False,False,True,False,False,False,False
3,2025-04-04,1,3.0,2.966666666666667,4,4,0,Café Moulu Bio,12.5,2025-01-01,93,False,False,False,False,False,True,False,False,False,True,False,False,False,False
3,2025-04-05,7,3.4285714285714284,3.066666666666667,5,4,1,Café Moulu Bio,12.5,2025-01-01,94,False,False,False,False,False,True,False,False,False,True,False,False,False,False
3,2025-04-06,2,2.857142857142857,2.9,6,4,1,Café Moulu Bio,12.5,2025-01-01,95,False,False,False,False,False,True,False,False,False,True,False,False,False,False
3,2025-04-07,3,2.857142857142857,2.9,0,4,0,Café Moulu Bio,12.5,2025-01-01,96,False,False,False,False,False,True,False,False,False,True,False,False,False,False
3,2025-04-08,1,2.7142857142857144,2.9,1,4,0,Café Moulu Bio,12.5,2025-01-01,97,False,False,False,False,False,True,False,False,False,True,False,False,False,False
3,2025-04-09,3,2.7142857142857144,2.966666666666667,2,4,0,Café Moulu Bio,12.5,2025-01-01,98,False,False,False,False,False,True,False,False,False,True,False,False,False,False
3,2025-04-10,4,3.0,3.066666666666667,3,4,0,Café Moulu Bio,12.5,2025-01-01,99,False,False,False,False,False,True,False,False,False,True,False,False,False,False
3,2025-04-11,9,4.142857142857143,3.3,4,4,0,Café Moulu Bio,12.5,2025-01-01,100,False,False,False,False,False,True,False,False,False,True,False,False,False,False
3,2025-04-12,5,3.857142857142857,3.4,5,4,1,Café Moulu Bio,12.5,2025-01-01,101,False,False,False,False,False,True,False,False,False,True,False,False,False,False
3,2025-04-13,1,3.7142857142857144,3.3666666666666667,6,4,1,Café Moulu Bio,12.5,2025-01-01,102,False,False,False,False,False,True,False,False,False,True,False,False,False,False
3,2025-04-14,1,3.4285714285714284,3.3,0,4,0,Café Moulu Bio,12.5,2025-01-01,103,False,False,False,False,False,True,False,False,False,True,False,False,False,False
3,2025-04-15,1,3.4285714285714284,3.3,1,4,0,Café Moulu Bio,12.5,2025-01-01,104,False,False,False,False,False,True,False,False,False,True,False,False,False,False
3,2025-04-16,4,3.5714285714285716,3.3666666666666667,2,4,0,Café Moulu Bio,12.5,2025-01-01,105,False,False,False,False,False,True,False,False,False,True,False,False,False,False
3,2025-04-18,3,3.4285714285714284,3.2666666666666666,4,4,0,Café Moulu Bio,12.5,2025-01-01,107,False,False,False,False,False,True,False,False,False,True,False,False,False,False
3,2025-04-19,1,2.2857142857142856,3.2666666666666666,5,4,1,Café Moulu Bio,12.5,2025-01-01,108,False,False,False,False,False,True,False,False,False,True,False,False,False,False
3,2025-04-20,9,2.857142857142857,3.466666666666667,6,4,1,Café Moulu Bio,12.5,2025-01-01,109,False,False,False,False,False,True,False,False,False,True,False,False,False,False
3,2025-04-22,1,2.857142857142857,3.433333333333333,1,4,0,Café Moulu Bio,12.5,2025-01-01,111,False,False,False,False,False,True,False,False,False,True,False,False,False,False
3,2025-04-23,2,3.0,3.466666666666667,2,4,0,Café Moulu Bio,12.5,2025-01-01,112,False,False,False,False,False,True,False,False,False,True,False,False,False,False
3,2025-04-25,1,3.0,3.433333333333333,4,4,0,Café Moulu Bio,12.5,2025-01-01,114,False,False,False,False,False,True,False,False,False,True,False,False,False,False
3,2025-04-26,2,2.7142857142857144,3.3333333333333335,5,4,1,Café Moulu Bio,12.5,2025-01-01,115,False,False,False,False,False,True,False,False,False,True,False,False,False,False
3,2025-04-27,2,2.5714285714285716,3.2,6,4,1,Café Moulu Bio,12.5,2025-01-01,116,False,False,False,False,False,True,False,False,False,True,False,False,False,False
3,2025-04-28,4,3.0,2.966666666666667,0,4,0,Café Moulu Bio,12.5,2025-01-01,117,False,False,False,False,False,True,False,False,False,True,False,False,False,False
3,2025-04-30,1,1.8571428571428572,2.966666666666667,2,4,0,Café Moulu Bio,12.5,2025-01-01,119,False,False,False,False,False,True,False,False,False,True,False,False,False,False
3,2025-05-01,2,2.0,3.0,3,5,0,Café Moulu Bio,12.5,2025-01-01,120,False,False,False,False,False,True,False,False,False,True,False,False,False,False
3,2025-05-02,1,1.8571428571428572,2.9,4,5,0,Café Moulu Bio,12.5,2025-01-01,121,False,False,False,False,False,True,False,False,False,True,False,False,False,False
3,2025-05-03,1,1.8571428571428572,2.7333333333333334,5,5,1,Café Moulu Bio,12.5,2025-01-01,122,False,False,False,False,False,True,False,False,False,True,False,False,False,False
3,2025-05-05,3,2.0,2.7333333333333334,0,5,0,Café Moulu Bio,12.5,2025-01-01,124,False,False,False,False,False,True,False,False,False,True,False,False,False,False
3,2025-05-09,2,2.0,2.7333333333333334,4,5,0,Café Moulu Bio,12.5,2025-01-01,128,False,False,False,False,False,True,False,False,False,True,False,False,False,False
3,2025-05-10,4,2.0,2.7666666666666666,5,5,1,Café Moulu Bio,12.5,2025-01-01,129,False,False,False,False,False,True,False,False,False,True,False,False,False,False
3,2025-05-11,6,2.7142857142857144,2.9,6,5,1,Café Moulu Bio,12.5,2025-01-01,130,False,False,False,False,False,True,False,False,False,True,False,False,False,False
3,2025-05-12,1,2.5714285714285716,2.9,0,5,0,Café Moulu Bio,12.5,2025-01-01,131,False,False,False,False,False,True,False,False,False,True,False,False,False,False
3,2025-05-13,3,2.857142857142857,2.7666666666666666,1,5,0,Café Moulu Bio,12.5,2025-01-01,132,False,False,False,False,False,True,False,False,False,True,False,False,False,False
3,2025-05-15,1,2.857142857142857,2.7333333333333334,3,5,0,Café Moulu Bio,12.5,2025-01-01,134,False,False,False,False,False,True,False,False,False,True,False,False,False,False
3,2025-05-16,3,2.857142857142857,2.7333333333333334,4,5,0,Café Moulu Bio,12.5,2025-01-01,135,False,False,False,False,False,True,False,False,False,True,False,False,False,False
3,2025-05-17,2,2.857142857142857,2.7666666666666666,5,5,1,Café Moulu Bio,12.5,2025-01-01,136,False,False,False,False,False,True,False,False,False,True,False,False,False,False
3,2025-05-18,4,2.857142857142857,2.8,6,5,1,Café Moulu Bio,12.5,2025-01-01,137,False,False,False,False,False,True,False,False,False,True,False,False,False,False
3,2025-05-19,8,3.142857142857143,2.933333333333333,0,5,0,Café Moulu Bio,12.5,2025-01-01,138,False,False,False,False,False,True,False,False,False,True,False,False,False,False
3,2025-05-20,3,3.4285714285714284,2.7333333333333334,1,5,0,Café Moulu Bio,12.5,2025-01-01,139,False,False,False,False,False,True,False,False,False,True,False,False,False,False
3,2025-05-21,2,3.2857142857142856,2.6333333333333333,2,5,0,Café Moulu Bio,12.5,2025-01-01,140,False,False,False,False,False,True,False,False,False,True,False,False,False,False
3,2025-05-24,9,4.428571428571429,2.9,5,5,1,Café Moulu Bio,12.5,2025-01-01,143,False,False,False,False,False,True,False,False,False,True,False,False,False,False
3,2025-05-25,2,4.285714285714286,2.933333333333333,6,5,1,Café Moulu Bio,12.5,2025-01-01,144,False,False,False,False,False,True,False,False,False,True,False,False,False,False
3,2025-05-26,2,4.285714285714286,2.966666666666667,0,5,0,Café Moulu Bio,12.5,2025-01-01,145,False,False,False,False,False,True,False,False,False,True,False,False,False,False
3,2025-05-27,1,3.857142857142857,2.8666666666666667,1,5,0,Café Moulu Bio,12.5,2025-01-01,146,False,False,False,False,False,True,False,False,False,True,False,False,False,False
3,2025-05-30,4,3.2857142857142856,2.9,4,5,0,Café Moulu Bio,12.5,2025-01-01,149,False,False,False,False,False,True,False,False,False,True,False,False,False,False
3,2025-05-31,4,3.4285714285714284,3.0,5,5,1,Café Moulu Bio,12.5,2025-01-01,150,False,False,False,False,False,True,False,False,False,True,False,False,False,False
3,2025-06-01,4,3.7142857142857144,2.8333333333333335,6,6,1,Café Moulu Bio,12.5,2025-01-01,151,False,False,False,False,False,True,False,False,False,True,False,False,False,False
3,2025-06-06,1,2.5714285714285716,2.8333333333333335,4,6,0,Café Moulu Bio,12.5,2025-01-01,156,False,False,False,False,False,True,False,False,False,True,False,False,False,False
3,2025-06-07,4,2.857142857142857,2.9,5,6,1,Café Moulu Bio,12.5,2025-01-01,157,False,False,False,False,False,True,False,False,False,True,False,False,False,False
3,2025-06-08,3,3.0,2.966666666666667,6,6,1,Café Moulu Bio,12.5,2025-01-01,158,False,False,False,False,False,True,False,False,False,True,False,False,False,False
3,2025-06-09,1,3.0,2.933333333333333,0,6,0,Café Moulu Bio,12.5,2025-01-01,159,False,False,False,False,False,True,False,False,False,True,False,False,False,False
3,2025-06-10,2,2.7142857142857144,2.933333333333333,1,6,0,Café Moulu Bio,12.5,2025-01-01,160,False,False,False,False,False,True,False,False,False,True,False,False,False,False
3,2025-06-11,2,2.4285714285714284,2.8666666666666667,2,6,0,Café Moulu Bio,12.5,2025-01-01,161,False,False,False,False,False,True,False,False,False,True,False,False,False,False
3,2025-06-12,2,2.142857142857143,2.9,3,6,0,Café Moulu Bio,12.5,2025-01-01,162,False,False,False,False,False,True,False,False,False,True,False,False,False,False
3,2025-06-15,6,2.857142857142857,3.033333333333333,6,6,1,Café Moulu Bio,12.5,2025-01-01,165,False,False,False,False,False,True,False,False,False,True,False,False,False,False
3,2025-06-18,1,2.4285714285714284,3.033333333333333,2,6,0,Café Moulu Bio,12.5,2025-01-01,168,False,False,False,False,False,True,False,False,False,True,False,False,False,False
3,2025-06-19,5,2.7142857142857144,3.1666666666666665,3,6,0,Café Moulu Bio,12.5,2025-01-01,169,False,False,False,False,False,True,False,False,False,True,False,False,False,False
3,2025-06-21,5,3.2857142857142856,3.2333333333333334,5,6,1,Café Moulu Bio,12.5,2025-01-01,171,False,False,False,False,False,True,False,False,False,True,False,False,False,False
3,2025-06-22,4,3.5714285714285716,3.3,6,6,1,Café Moulu Bio,12.5,2025-01-01,172,False,False,False,False,False,True,False,False,False,True,False,False,False,False
3,2025-06-23,1,3.4285714285714284,3.2,0,6,0,Café Moulu Bio,12.5,2025-01-01,173,False,False,False,False,False,True,False,False,False,True,False,False,False,False
3,2025-06-25,6,4.0,3.2,2,6,0,Café Moulu Bio,12.5,2025-01-01,175,False,False,False,False,False,True,False,False,False,True,False,False,False,False
3,2025-06-26,4,3.7142857142857144,3.3,3,6,0,Café Moulu Bio,12.5,2025-01-01,176,False,False,False,False,False,True,False,False,False,True,False,False,False,False
3,2025-06-27,4,4.142857142857143,3.3333333333333335,4,6,0,Café Moulu Bio,12.5,2025-01-01,177,False,False,False,False,False,True,False,False,False,True,False,False,False,False
3,2025-06-28,3,3.857142857142857,3.4,5,6,1,Café Moulu Bio,12.5,2025-01-01,178,False,False,False,False,False,True,False,False,False,True,False,False,False,False
3,2025-06-29,2,3.4285714285714284,3.3666666666666667,6,6,1,Café Moulu Bio,12.5,2025-01-01,179,False,False,False,False,False,True,False,False,False,True,False,False,False,False
3,2025-06-30,2,3.142857142857143,3.3666666666666667,0,6,0,Café Moulu Bio,12.5,2025-01-01,180,False,False,False,False,False,True,False,False,False,True,False,False,False,False
4,2025-01-01,13,13.0,13.0,2,1,0,Écouteurs Bluetooth,59.99,2025-01-01,0,False,False,False,False,True,False,False,False,False,False,False,True,False,False
4,2025-01-02,4,8.5,8.5,3,1,0,Écouteurs Bluetooth,59.99,2025-01-01,1,False,False,False,False,True,False,False,False,False,False,False,True,False,False
4,2025-01-03,3,6.666666666666667,6.666666666666667,4,1,0,Écouteurs Bluetooth,59.99,2025-01-01,2,False,False,False,False,True,False,False,False,False,False,False,True,False,False
4,2025-01-04,5,6.25,6.25,5,1,1,Écouteurs Bluetooth,59.99,2025-01-01,3,False,False,False,False,True,False,False,False,False,False,False,True,False,False
4,2025-01-05,2,5.4,5.4,6,1,1,Écouteurs Bluetooth,59.99,2025-01-01,4,False,False,False,False,True,False,False,False,False,False,False,True,False,False
4,2025-01-06,3,5.0,5.0,0,1,0,Écouteurs Bluetooth,59.99,2025-01-01,5,False,False,False,False,True,False,False,False,False,False,False,True,False,False
4,2025-01-07,1,4.428571428571429,4.428571428571429,1,1,0,Écouteurs Bluetooth,59.99,2025-01-01,6,False,False,False,False,True,False,False,False,False,False,False,True,False,False
4,2025-01-08,6,3.4285714285714284,4.625,2,1,0,Écouteurs Bluetooth,59.99,2025-01-01,7,False,False,False,False,True,False,False,False,False,False,False,True,False,False
4,2025-01-09,1,3.0,4.222222222222222,3,1,0,Écouteurs Bluetooth,59.99,2025-01-01,8,False,False,False,False,True,False,False,False,False,False,False,True,False,False
4,2025-01-10,1,2.7142857142857144,3.9,4,1,0,Écouteurs Bluetooth,59.99,2025-01-01,9,False,False,False,False,True,False,False,False,False,False,False,True,False,False
4,2025-01-11,5,2.7142857142857144,4.0,5,1,1,Écouteurs Bluetooth,59.99,2025-01-01,10,False,False,False,False,True,False,False,False,False,False,False,True,False,False
4,2025-01-12,3,2.857142857142857,3.9166666666666665,6,1,1,Écouteurs Bluetooth,59.99,2025-01-01,11,False,False,False,False,True,False,False,False,False,False,False,True,False,False
4,2025-01-14,1,2.5714285714285716,3.6923076923076925,1,1,0,Écouteurs Bluetooth,59.99,2025-01-01,13,False,False,False,False,True,False,False,False,False,False,False,True,False,False
4,2025-01-15,2,2.7142857142857144,3.5714285714285716,2,1,0,Écouteurs Bluetooth,59.99,2025-01-01,14,False,False,False,False,True,False,False,False,False,False,False,True,False,False
4,2025-01-16,1,2.0,3.4,3,1,0,Écouteurs Bluetooth,59.99,2025-01-01,15,False,False,False,False,True,False,False,False,False,False,False,True,False,False
4,2025-01-17,4,2.4285714285714284,3.4375,4,1,0,Écouteurs Bluetooth,59.99,2025-01-01,16,False,False,False,False,True,False,False,False,False,False,False,True,False,False
4,2025-01-18,2,2.5714285714285716,3.3529411764705883,5,1,1,Écouteurs Bluetooth,59.99,2025-01-01,17,False,False,False,False,True,False,False,False,False,False,False,True,False,False
4,2025-01-19,2,2.142857142857143,3.2777777777777777,6,1,1,Écouteurs Bluetooth,59.99,2025-01-01,18,False,False,False,False,True,False,False,False,False,False,False,True,False,False
4,2025-01-20,6,2.5714285714285716,3.4210526315789473,0,1,0,Écouteurs Bluetooth,59.99,2025-01-01,19,False,False,False,False,True,False,False,False,False,False,False,True,False,False
4,2025-01-21,2,2.7142857142857144,3.35,1,1,0,Écouteurs Bluetooth,59.99,2025-01-01,20,False,False,False,False,True,False,False,False,False,False,False,True,False,False
4,2025-01-22,6,3.2857142857142856,3.4761904761904763,2,1,0,Écouteurs Bluetooth,59.99,2025-01-01,21,False,False,False,False,True,False,False,False,False,False,False,True,False,False
4,2025-01-23,3,3.5714285714285716,3.4545454545454546,3,1,0,Écouteurs Bluetooth,59.99,2025-01-01,22,False,False,False,False,True,False,False,False,False,False,False,True,False,False
4,2025-01-24,3,3.4285714285714284,3.4347826086956523,4,1,0,Écouteurs Bluetooth,59.99,2025-01-01,23,False,False,False,False,True,False,False,False,False,False,False,True,False,False
4,2025-01-25,4,3.7142857142857144,3.4583333333333335,5,1,1,Écouteurs Bluetooth,59.99,2025-01-01,24,False,False,False,False,True,False,False,False,False,False,False,True,False,False
4,2025-01-26,1,3.5714285714285716,3.36,6,1,1,Écouteurs Bluetooth,59.99,2025-01-01,25,False,False,False,False,True,False,False,False,False,False,False,True,False,False
4,2025-01-27,1,2.857142857142857,3.269230769230769,0,1,0,Écouteurs Bluetooth,59.99,2025-01-01,26,False,False,False,False,True,False,False,False,False,False,False,True,False,False
4,2025-01-29,1,2.7142857142857144,3.185185185185185,2,1,0,Écouteurs Bluetooth,59.99,2025-01-01,28,False,False,False,False,True,False,False,False,False,False,False,True,False,False
4,2025-01-30,3,2.2857142857142856,3.1785714285714284,3,1,0,Écouteurs Bluetooth,59.99,2025-01-01,29,False,False,False,False,True,False,False,False,False,False,False,True,False,False
4,2025-01-31,3,2.2857142857142856,3.1724137931034484,4,1,0,Écouteurs Bluetooth,59.99,2025-01-01,30,False,False,False,False,True,False,False,False,False,False,False,True,False,False
4,2025-02-01,1,2.0,3.1,5,2,1,Écouteurs Bluetooth,59.99,2025-01-01,31,False,False,False,False,True,False,False,False,False,False,False,True,False,False
4,2025-02-03,2,1.7142857142857142,2.7333333333333334,0,2,0,Écouteurs Bluetooth,59.99,2025-01-01,33,False,False,False,False,True,False,False,False,False,False,False,True,False,False
4,2025-02-05,3,2.0,2.7,2,2,0,Écouteurs Bluetooth,59.99,2025-01-01,35,False,False,False,False,True,False,False,False,False,False,False,True,False,False
4,2025-02-06,3,2.2857142857142856,2.7,3,2,0,Écouteurs Bluetooth,59.99,2025-01-01,36,False,False,False,False,True,False,False,False,False,False,False,True,False,False
4,2025-02-07,6,3.0,2.7333333333333334,4,2,0,Écouteurs Bluetooth,59.99,2025-01-01,37,False,False,False,False,True,False,False,False,False,False,False,True,False,False
4,2025-02-08,1,2.7142857142857144,2.7,5,2,1,Écouteurs Bluetooth,59.99,2025-01-01,38,False,False,False,False,True,False,False,False,False,False,False,True,False,False
4,2025-02-09,1,2.4285714285714284,2.6333333333333333,6,2,1,Écouteurs Bluetooth,59.99,2025-01-01,39,False,False,False,False,True,False,False,False,False,False,False,True,False,False
4,2025-02-10,4,2.857142857142857,2.7333333333333334,0,2,0,Écouteurs Bluetooth,59.99,2025-01-01,40,False,False,False,False,True,False,False,False,False,False,False,True,False,False
4,2025-02-11,2,2.857142857142857,2.6,1,2,0,Écouteurs Bluetooth,59.99,2025-01-01,41,False,False,False,False,True,False,False,False,False,False,False,True,False,False
4,2025-02-12,4,3.0,2.7,2,2,0,Écouteurs Bluetooth,59.99,2025-01-01,42,False,False,False,False,True,False,False,False,False,False,False,True,False,False
4,2025-02-13,3,3.0,2.7666666666666666,3,2,0,Écouteurs Bluetooth,59.99,2025-01-01,43,False,False,False,False,True,False,False,False,False,False,False,True,False,False
4,2025-02-15,7,3.142857142857143,2.8333333333333335,5,2,1,Écouteurs Bluetooth,59.99,2025-01-01,45,False,False,False,False,True,False,False,False,False,False,False,True,False,False
4,2025-02-16,6,3.857142857142857,2.933333333333333,6,2,1,Écouteurs Bluetooth,59.99,2025-01-01,46,False,False,False,False,True,False,False,False,False,False,False,True,False,False
4,2025-02-17,7,4.714285714285714,3.1333333333333333,0,2,0,Écouteurs Bluetooth,59.99,2025-01-01,47,False,False,False,False,True,False,False,False,False,False,False,True,False,False
4,2025-02-18,1,4.285714285714286,3.1,1,2,0,Écouteurs Bluetooth,59.99,2025-01-01,48,False,False,False,False,True,False,False,False,False,False,False,True,False,False
4,2025-02-19,4,4.571428571428571,3.2,2,2,0,Écouteurs Bluetooth,59.99,2025-01-01,49,False,False,False,False,True,False,False,False,False,False,False,True,False,False
4,2025-02-20,3,4.428571428571429,3.1666666666666665,3,2,0,Écouteurs Bluetooth,59.99,2025-01-01,50,False,False,False,False,True,False,False,False,False,False,False,True,False,False
4,2025-02-21,4,4.571428571428571,3.2333333333333334,4,2,0,Écouteurs Bluetooth,59.99,2025-01-01,51,False,False,False,False,True,False,False,False,False,False,False,True,False,False
4,2025-02-22,9,4.857142857142857,3.466666666666667,5,2,1,Écouteurs Bluetooth,59.99,2025-01-01,52,False,False,False,False,True,False,False,False,False,False,False,True,False,False
4,2025-02-23,11,5.571428571428571,3.6333333333333333,6,2,1,Écouteurs Bluetooth,59.99,2025-01-01,53,False,False,False,False,True,False,False,False,False,False,False,True,False,False
4,2025-02-25,1,4.714285714285714,3.6,1,2,0,Écouteurs Bluetooth,59.99,2025-01-01,55,False,False,False,False,True,False,False,False,False,False,False,True,False,False
4,2025-02-26,4,5.142857142857143,3.533333333333333,2,2,0,Écouteurs Bluetooth,59.99,2025-01-01,56,False,False,False,False,True,False,False,False,False,False,False,True,False,False
4,2025-02-27,2,4.857142857142857,3.5,3,2,0,Écouteurs Bluetooth,59.99,2025-01-01,57,False,False,False,False,True,False,False,False,False,False,False,True,False,False
4,2025-02-28,3,4.857142857142857,3.5,4,2,0,Écouteurs Bluetooth,59.99,2025-01-01,58,False,False,False,False,True,False,False,False,False,False,False,True,False,False
4,2025-03-01,4,4.857142857142857,3.5,5,3,1,Écouteurs Bluetooth,59.99,2025-01-01,59,False,False,False,False,True,False,False,False,False,False,False,True,False,False
4,2025-03-02,6,4.428571428571429,3.6666666666666665,6,3,1,Écouteurs Bluetooth,59.99,2025-01-01,60,False,False,False,False,True,False,False,False,False,False,False,True,False,False
4,2025-03-04,1,3.0,3.6666666666666665,1,3,0,Écouteurs Bluetooth,59.99,2025-01-01,62,False,False,False,False,True,False,False,False,False,False,False,True,False,False
4,2025-03-05,1,3.0,3.6666666666666665,2,3,0,Écouteurs Bluetooth,59.99,2025-01-01,63,False,False,False,False,True,False,False,False,False,False,False,True,False,False
4,2025-03-07,2,2.7142857142857144,3.6333333333333333,4,3,0,Écouteurs Bluetooth,59.99,2025-01-01,65,False,False,False,False,True,False,False,False,False,False,False,True,False,False
4,2025-03-08,3,2.857142857142857,3.6333333333333333,5,3,1,Écouteurs Bluetooth,59.99,2025-01-01,66,False,False,False,False,True,False,False,False,False,False,False,True,False,False
4,2025-03-09,3,2.857142857142857,3.7,6,3,1,Écouteurs Bluetooth,59.99,2025-01-01,67,False,False,False,False,True,False,False,False,False,False,False,True,False,False
4,2025-03-11,1,2.4285714285714284,3.6666666666666665,1,3,0,Écouteurs Bluetooth,59.99,2025-01-01,69,False,False,False,False,True,False,False,False,False,False,False,True,False,False
4,2025-03-14,2,1.8571428571428572,3.6333333333333333,4,3,0,Écouteurs Bluetooth,59.99,2025-01-01,72,False,False,False,False,True,False,False,False,False,False,False,True,False,False
4,2025-03-15,5,2.4285714285714284,3.7,5,3,1,Écouteurs Bluetooth,59.99,2025-01-01,73,False,False,False,False,True,False,False,False,False,False,False,True,False,False
4,2025-03-16,2,2.5714285714285716,3.566666666666667,6,3,1,Écouteurs Bluetooth,59.99,2025-01-01,74,False,False,False,False,True,False,False,False,False,False,False,True,False,False
4,2025-03-18,1,2.4285714285714284,3.566666666666667,1,3,0,Écouteurs Bluetooth,59.99,2025-01-01,76,False,False,False,False,True,False,False,False,False,False,False,True,False,False
4,2025-03-20,3,2.4285714285714284,3.6333333333333333,3,3,0,Écouteurs Bluetooth,59.99,2025-01-01,78,False,False,False,False,True,False,False,False,False,False,False,True,False,False
4,2025-03-21,4,2.5714285714285716,3.6333333333333333,4,3,0,Écouteurs Bluetooth,59.99,2025-01-01,79,False,False,False,False,True,False,False,False,False,False,False,True,False,False
4,2025-03-23,2,2.7142857142857144,3.6333333333333333,6,3,1,Écouteurs Bluetooth,59.99,2025-01-01,81,False,False,False,False,True,False,False,False,False,False,False,True,False,False
4,2025-03-26,3,2.857142857142857,3.6,2,3,0,Écouteurs Bluetooth,59.99,2025-01-01,84,False,False,False,False,True,False,False,False,False,False,False,True,False,False
4,2025-03-27,3,2.5714285714285716,3.6,3,3,0,Écouteurs Bluetooth,59.99,2025-01-01,85,False,False,False,False,True,False,False,False,False,False,False,True,False,False
4,2025-03-28,7,3.2857142857142856,3.6,4,3,0,Écouteurs Bluetooth,59.99,2025-01-01,86,False,False,False,False,True,False,False,False,False,False,False,True,False,False
4,2025-03-29,3,3.5714285714285716,3.5,5,3,1,Écouteurs Bluetooth,59.99,2025-01-01,87,False,False,False,False,True,False,False,False,False,False,False,True,False,False
4,2025-03-31,5,3.857142857142857,3.433333333333333,0,3,0,Écouteurs Bluetooth,59.99,2025-01-01,89,False,False,False,False,True,False,False,False,False,False,False,True,False,False
4,2025-04-01,4,3.857142857142857,3.533333333333333,1,4,0,Écouteurs Bluetooth,59.99,2025-01-01,90,False,False,False,False,True,False,False,False,False,False,False,True,False,False
4,2025-04-02,3,4.0,3.5,2,4,0,Écouteurs Bluetooth,59.99,2025-01-01,91,False,False,False,False,True,False,False,False,False,False,False,True,False,False
4,2025-04-03,4,4.142857142857143,3.533333333333333,3,4,0,Écouteurs Bluetooth,59.99,2025-01-01,92,False,False,False,False,True,False,False,False,False,False,False,True,False,False
4,2025-04-04,1,3.857142857142857,3.433333333333333,4,4,0,Écouteurs Bluetooth,59.99,2025-01-01,93,False,False,False,False,True,False,False,False,False,False,False,True,False,False
4,2025-04-05,2,3.142857142857143,3.2,5,4,1,Écouteurs Bluetooth,59.99,2025-01-01,94,False,False,False,False,True,False,False,False,False,False,False,True,False,False
4,2025-04-06,1,2.857142857142857,2.8666666666666667,6,4,1,Écouteurs Bluetooth,59.99,2025-01-01,95,False,False,False,False,True,False,False,False,False,False,False,True,False,False
4,2025-04-07,1,2.2857142857142856,2.8666666666666667,0,4,0,Écouteurs Bluetooth,59.99,2025-01-01,96,False,False,False,False,True,False,False,False,False,False,False,True,False,False
4,2025-04-09,2,2.0,2.8,2,4,0,Écouteurs Bluetooth,59.99,2025-01-01,98,False,False,False,False,True,False,False,False,False,False,False,True,False,False
4,2025-04-11,6,2.4285714285714284,2.933333333333333,4,4,0,Écouteurs Bluetooth,59.99,2025-01-01,100,False,False,False,False,True,False,False,False,False,False,False,True,False,False
4,2025-04-12,6,2.7142857142857144,3.033333333333333,5,4,1,Écouteurs Bluetooth,59.99,2025-01-01,101,False,False,False,False,True,False,False,False,False,False,False,True,False,False
4,2025-04-13,4,3.142857142857143,3.033333333333333,6,4,1,Écouteurs Bluetooth,59.99,2025-01-01,102,False,False,False,False,True,False,False,False,False,False,False,True,False,False
4,2025-04-15,6,3.7142857142857144,3.033333333333333,1,4,0,Écouteurs Bluetooth,59.99,2025-01-01,104,False,False,False,False,True,False,False,False,False,False,False,True,False,False
4,2025-04-17,2,3.857142857142857,3.066666666666667,3,4,0,Écouteurs Bluetooth,59.99,2025-01-01,106,False,False,False,False,True,False,False,False,False,False,False,True,False,False
4,2025-04-18,2,4.0,3.1,4,4,0,Écouteurs Bluetooth,59.99,2025-01-01,107,False,False,False,False,True,False,False,False,False,False,False,True,False,False
4,2025-04-19,7,4.714285714285714,3.2666666666666666,5,4,1,Écouteurs Bluetooth,59.99,2025-01-01,108,False,False,False,False,True,False,False,False,False,False,False,True,False,False
4,2025-04-20,2,4.142857142857143,3.2333333333333334,6,4,1,Écouteurs Bluetooth,59.99,2025-01-01,109,False,False,False,False,True,False,False,False,False,False,False,True,False,False
4,2025-04-21,1,3.4285714285714284,3.1666666666666665,0,4,0,Écouteurs Bluetooth,59.99,2025-01-01,110,False,False,False,False,True,False,False,False,False,False,False,True,False,False
4,2025-04-22,1,3.0,3.1666666666666665,1,4,0,Écouteurs Bluetooth,59.99,2025-01-01,111,False,False,False,False,True,False,False,False,False,False,False,True,False,False
4,2025-04-23,1,2.2857142857142856,3.1333333333333333,2,4,0,Écouteurs Bluetooth,59.99,2025-01-01,112,False,False,False,False,True,False,False,False,False,False,False,True,False,False
4,2025-04-24,2,2.2857142857142856,3.033333333333333,3,4,0,Écouteurs Bluetooth,59.99,2025-01-01,113,False,False,False,False,True,False,False,False,False,False,False,True,False,False
4,2025-04-25,1,2.142857142857143,3.0,4,4,0,Écouteurs Bluetooth,59.99,2025-01-01,114,False,False,False,False,True,False,False,False,False,False,False,True,False,False
4,2025-04-26,3,1.5714285714285714,3.066666666666667,5,4,1,Écouteurs Bluetooth,59.99,2025-01-01,115,False,False,False,False,True,False,False,False,False,False,False,True,False,False
4,2025-04-27,4,1.8571428571428572,3.1,6,4,1,Écouteurs Bluetooth,59.99,2025-01-01,116,False,False,False,False,True,False,False,False,False,False,False,True,False,False
4,2025-04-28,4,2.2857142857142856,3.1,0,4,0,Écouteurs Bluetooth,59.99,2025-01-01,117,False,False,False,False,True,False,False,False,False,False,False,True,False,False
4,2025-04-29,1,2.2857142857142856,3.066666666666667,1,4,0,Écouteurs Bluetooth,59.99,2025-01-01,118,False,False,False,False,True,False,False,False,False,False,False,True,False,False
4,2025-05-01,1,2.2857142857142856,3.0,3,5,0,Écouteurs Bluetooth,59.99,2025-01-01,120,False,False,False,False,True,False,False,False,False,False,False,True,False,False
4,2025-05-02,1,2.142857142857143,2.933333333333333,4,5,0,Écouteurs Bluetooth,59.99,2025-01-01,121,False,False,False,False,True,False,False,False,False,False,False,True,False,False
4,2025-05-03,4,2.5714285714285716,2.8333333333333335,5,5,1,Écouteurs Bluetooth,59.99,2025-01-01,122,False,False,False,False,True,False,False,False,False,False,False,True,False,False
4,2025-05-04,3,2.5714285714285716,2.8333333333333335,6,5,1,Écouteurs Bluetooth,59.99,2025-01-01,123,False,False,False,False,True,False,False,False,False,False,False,True,False,False
4,2025-05-07,5,2.7142857142857144,2.8333333333333335,2,5,0,Écouteurs Bluetooth,59.99,2025-01-01,126,False,False,False,False,True,False,False,False,False,False,False,True,False,False
4,2025-05-08,3,2.5714285714285716,2.8,3,5,0,Écouteurs Bluetooth,59.99,2025-01-01,127,False,False,False,False,True,False,False,False,False,False,False,True,False,False
4,2025-05-09,7,3.4285714285714284,2.933333333333333,4,5,0,Écouteurs Bluetooth,59.99,2025-01-01,128,False,False,False,False,True,False,False,False,False,False,False,True,False,False
4,2025-05-10,1,3.4285714285714284,2.8333333333333335,5,5,1,Écouteurs Bluetooth,59.99,2025-01-01,129,False,False,False,False,True,False,False,False,False,False,False,True,False,False
4,2025-05-11,5,4.0,2.966666666666667,6,5,1,Écouteurs Bluetooth,59.99,2025-01-01,130,False,False,False,False,True,False,False,False,False,False,False,True,False,False
4,2025-05-13,3,3.857142857142857,3.0,1,5,0,Écouteurs Bluetooth,59.99,2025-01-01,132,False,False,False,False,True,False,False,False,False,False,False,True,False,False
4,2025-05-15,5,4.142857142857143,3.1333333333333333,3,5,0,Écouteurs Bluetooth,59.99,2025-01-01,134,False,False,False,False,True,False,False,False,False,False,False,True,False,False
4,2025-05-16,2,3.7142857142857144,3.1666666666666665,4,5,0,Écouteurs Bluetooth,59.99,2025-01-01,135,False,False,False,False,True,False,False,False,False,False,False,True,False,False
4,2025-05-17,2,3.5714285714285716,3.1666666666666665,5,5,1,Écouteurs Bluetooth,59.99,2025-01-01,136,False,False,False,False,True,False,False,False,False,False,False,True,False,False
4,2025-05-18,4,3.142857142857143,3.1,6,5,1,Écouteurs Bluetooth,59.99,2025-01-01,137,False,False,False,False,True,False,False,False,False,False,False,True,False,False
4,2025-05-22,2,3.2857142857142856,2.966666666666667,3,5,0,Écouteurs Bluetooth,59.99,2025-01-01,141,False,False,False,False,True,False,False,False,False,False,False,True,False,False
4,2025-05-23,2,2.857142857142857,2.9,4,5,0,Écouteurs Bluetooth,59.99,2025-01-01,142,False,False,False,False,True,False,False,False,False,False,False,True,False,False
4,2025-05-24,4,3.0,2.8333333333333335,5,5,1,Écouteurs Bluetooth,59.99,2025-01-01,143,False,False,False,False,True,False,False,False,False,False,False,True,False,False
4,2025-05-25,6,3.142857142857143,2.966666666666667,6,5,1,Écouteurs Bluetooth,59.99,2025-01-01,144,False,False,False,False,True,False,False,False,False,False,False,True,False,False
4,2025-05-27,1,3.0,2.933333333333333,1,5,0,Écouteurs Bluetooth,59.99,2025-01-01,146,False,False,False,False,True,False,False,False,False,False,False,True,False,False
4,2025-05-28,1,2.857142857142857,2.7333333333333334,2,5,0,Écouteurs Bluetooth,59.99,2025-01-01,147,False,False,False,False,True,False,False,False,False,False,False,True,False,False
4,2025-05-29,1,2.4285714285714284,2.7,3,5,0,Écouteurs Bluetooth,59.99,2025-01-01,148,False,False,False,False,True,False,False,False,False,False,False,True,False,False
4,2025-05-30,6,3.0,2.8666666666666667,4,5,0,Écouteurs Bluetooth,59.99,2025-01-01,149,False,False,False,False,True,False,False,False,False,False,False,True,False,False
4,2025-05-31,1,2.857142857142857,2.8666666666666667,5,5,1,Écouteurs Bluetooth,59.99,2025-01-01,150,False,False,False,False,True,False,False,False,False,False,False,True,False,False
4,2025-06-01,1,2.4285714285714284,2.8666666666666667,6,6,1,Écouteurs Bluetooth,59.99,2025-01-01,151,False,False,False,False,True,False,False,False,False,False,False,True,False,False
4,2025-06-02,2,1.8571428571428572,2.8666666666666667,0,6,0,Écouteurs Bluetooth,59.99,2025-01-01,152,False,False,False,False,True,False,False,False,False,False,False,True,False,False
4,2025-06-03,2,2.0,2.9,1,6,0,Écouteurs Bluetooth,59.99,2025-01-01,153,False,False,False,False,True,False,False,False,False,False,False,True,False,False
4,2025-06-05,2,2.142857142857143,2.8666666666666667,3,6,0,Écouteurs Bluetooth,59.99,2025-01-01,155,False,False,False,False,True,False,False,False,False,False,False,True,False,False
4,2025-06-06,5,2.7142857142857144,2.9,4,6,0,Écouteurs Bluetooth,59.99,2025-01-01,156,False,False,False,False,True,False,False,False,False,False,False,True,False,False
4,2025-06-07,3,2.2857142857142856,2.8666666666666667,5,6,1,Écouteurs Bluetooth,59.99,2025-01-01,157,False,False,False,False,True,False,False,False,False,False,False,True,False,False
4,2025-06-08,2,2.4285714285714284,2.9,6,6,1,Écouteurs Bluetooth,59.99,2025-01-01,158,False,False,False,False,True,False,False,False,False,False,False,True,False,False
4,2025-06-09,1,2.4285714285714284,2.9,0,6,0,Écouteurs Bluetooth,59.99,2025-01-01,159,False,False,False,False,True,False,False,False,False,False,False,True,False,False
4,2025-06-10,4,2.7142857142857144,3.0,1,6,0,Écouteurs Bluetooth,59.99,2025-01-01,160,False,False,False,False,True,False,False,False,False,False,False,True,False,False
4,2025-06-14,1,2.5714285714285716,2.9,5,6,1,Écouteurs Bluetooth,59.99,2025-01-01,164,False,False,False,False,True,False,False,False,False,False,False,True,False,False
4,2025-06-15,3,2.7142857142857144,2.9,6,6,1,Écouteurs Bluetooth,59.99,2025-01-01,165,False,False,False,False,True,False,False,False,False,False,False,True,False,False
4,2025-06-16,7,3.0,2.966666666666667,0,6,0,Écouteurs Bluetooth,59.99,2025-01-01,166,False,False,False,False,True,False,False,False,False,False,False,True,False,False
4,2025-06-17,1,2.7142857142857144,2.9,1,6,0,Écouteurs Bluetooth,59.99,2025-01-01,167,False,False,False,False,True,False,False,False,False,False,False,True,False,False
4,2025-06-20,1,2.5714285714285716,2.7,4,6,0,Écouteurs Bluetooth,59.99,2025-01-01,170,False,False,False,False,True,False,False,False,False,False,False,True,False,False
4,2025-06-21,5,3.142857142857143,2.8333333333333335,5,6,1,Écouteurs Bluetooth,59.99,2025-01-01,171,False,False,False,False,True,False,False,False,False,False,False,True,False,False
4,2025-06-22,5,3.2857142857142856,2.8333333333333335,6,6,1,Écouteurs Bluetooth,59.99,2025-01-01,172,False,False,False,False,True,False,False,False,False,False,False,True,False,False
4,2025-06-24,2,3.4285714285714284,2.8,1,6,0,Écouteurs Bluetooth,59.99,2025-01-01,174,False,False,False,False,True,False,False,False,False,False,False,True,False,False
4,2025-06-25,1,3.142857142857143,2.6666666666666665,2,6,0,Écouteurs Bluetooth,59.99,2025-01-01,175,False,False,False,False,True,False,False,False,False,False,False,True,False,False
4,2025-06-26,1,2.2857142857142856,2.6333333333333333,3,6,0,Écouteurs Bluetooth,59.99,2025-01-01,176,False,False,False,False,True,False,False,False,False,False,False,True,False,False
4,2025-06-27,1,2.2857142857142856,2.6,4,6,0,Écouteurs Bluetooth,59.99,2025-01-01,177,False,False,False,False,True,False,False,False,False,False,False,True,False,False
4,2025-06-28,1,2.2857142857142856,2.5,5,6,1,Écouteurs Bluetooth,59.99,2025-01-01,178,False,False,False,False,True,False,False,False,False,False,False,True,False,False
4,2025-06-29,2,1.8571428571428572,2.5,6,6,1,Écouteurs Bluetooth,59.99,2025-01-01,179,False,False,False,False,True,False,False,False,False,False,False,True,False,False
4,2025-06-30,3,1.5714285714285714,2.533333333333333,0,6,0,Écouteurs Bluetooth,59.99,2025-01-01,180,False,False,False,False,True,False,False,False,False,False,False,True,False,False
5,2025-01-02,4,4.0,4.0,3,1,0,Jean Slim Noir,69.99,2025-01-02,0,False,False,False,True,False,False,False,False,False,False,False,True,False,False
5,2025-01-03,8,6.0,6.0,4,1,0,Jean Slim Noir,69.99,2025-01-02,1,False,False,False,True,False,False,False,False,False,False,False,True,False,False
5,2025-01-04,8,6.666666666666667,6.666666666666667,5,1,1,Jean Slim Noir,69.99,2025-01-02,2,False,False,False,True,False,False,False,False,False,False,False,True,False,False
5,2025-01-05,9,7.25,7.25,6,1,1,Jean Slim Noir,69.99,2025-01-02,3,False,False,False,True,False,False,False,False,False,False,False,True,False,False
5,2025-01-07,8,7.4,7.4,1,1,0,Jean Slim Noir,69.99,2025-01-02,5,False,False,False,True,False,False,False,False,False,False,False,True,False,False
5,2025-01-08,6,7.166666666666667,7.166666666666667,2,1,0,Jean Slim Noir,69.99,2025-01-02,6,False,False,False,True,False,False,False,False,False,False,False,True,False,False
5,2025-01-10,5,6.857142857142857,6.857142857142857,4,1,0,Jean Slim Noir,69.99,2025-01-02,8,False,False,False,True,False,False,False,False,False,False,False,True,False,False
5,2025-01-11,10,7.714285714285714,7.25,5,1,1,Jean Slim Noir,69.99,2025-01-02,9,False,False,False,True,False,False,False,False,False,False,False,True,False,False
5,2025-01-12,3,7.0,6.777777777777778,6,1,1,Jean Slim Noir,69.99,2025-01-02,10,False,False,False,True,False,False,False,False,False,False,False,True,False,False
5,2025-01-13,3,6.285714285714286,6.4,0,1,0,Jean Slim Noir,69.99,2025-01-02,11,False,False,False,True,False,False,False,False,False,False,False,True,False,False
5,2025-01-14,1,5.142857142857143,5.909090909090909,1,1,0,Jean Slim Noir,69.99,2025-01-02,12,False,False,False,True,False,False,False,False,False,False,False,True,False,False
5,2025-01-15,1,4.142857142857143,5.5,2,1,0,Jean Slim Noir,69.99,2025-01-02,13,False,False,False,True,False,False,False,False,False,False,False,True,False,False
5,2025-01-17,3,3.7142857142857144,5.3076923076923075,4,1,0,Jean Slim Noir,69.99,2025-01-02,15,False,False,False,True,False,False,False,False,False,False,False,True,False,False
5,2025-01-18,2,3.2857142857142856,5.071428571428571,5,1,1,Jean Slim Noir,69.99,2025-01-02,16,False,False,False,True,False,False,False,False,False,False,False,True,False,False
5,2025-01-19,8,3.0,5.266666666666667,6,1,1,Jean Slim Noir,69.99,2025-01-02,17,False,False,False,True,False,False,False,False,False,False,False,True,False,False
5,2025-01-20,8,3.7142857142857144,5.4375,0,1,0,Jean Slim Noir,69.99,2025-01-02,18,False,False,False,True,False,False,False,False,False,False,False,True,False,False
5,2025-01-21,1,3.4285714285714284,5.176470588235294,1,1,0,Jean Slim Noir,69.99,2025-01-02,19,False,False,False,True,False,False,False,False,False,False,False,True,False,False
5,2025-01-22,4,3.857142857142857,5.111111111111111,2,1,0,Jean Slim Noir,69.99,2025-01-02,20,False,False,False,True,False,False,False,False,False,False,False,True,False,False
5,2025-01-23,6,4.571428571428571,5.157894736842105,3,1,0,Jean Slim Noir,69.99,2025-01-02,21,False,False,False,True,False,False,False,False,False,False,False,True,False,False
5,2025-01-24,6,5.0,5.2,4,1,0,Jean Slim Noir,69.99,2025-01-02,22,False,False,False,True,False,False,False,False,False,False,False,True,False,False
5,2025-01-25,11,6.285714285714286,5.476190476190476,5,1,1,Jean Slim Noir,69.99,2025-01-02,23,False,False,False,True,False,False,False,False,False,False,False,True,False,False
5,2025-01-28,6,6.0,5.5,1,1,0,Jean Slim Noir,69.99,2025-01-02,26,False,False,False,True,False,False,False,False,False,False,False,True,False,False
5,2025-01-29,2,5.142857142857143,5.3478260869565215,2,1,0,Jean Slim Noir,69.99,2025-01-02,27,False,False,False,True,False,False,False,False,False,False,False,True,False,False
5,2025-01-30,2,5.285714285714286,5.208333333333333,3,1,0,Jean Slim Noir,69.99,2025-01-02,28,False,False,False,True,False,False,False,False,False,False,False,True,False,False
5,2025-01-31,1,4.857142857142857,5.04,4,1,0,Jean Slim Noir,69.99,2025-01-02,29,False,False,False,True,False,False,False,False,False,False,False,True,False,False
5,2025-02-01,10,5.428571428571429,5.230769230769231,5,2,1,Jean Slim Noir,69.99,2025-01-02,30,False,False,False,True,False,False,False,False,False,False,False,True,False,False
5,2025-02-02,4,5.142857142857143,5.185185185185185,6,2,1,Jean Slim Noir,69.99,2025-01-02,31,False,False,False,True,False,False,False,False,False,False,False,True,False,False
5,2025-02-03,2,3.857142857142857,5.071428571428571,0,2,0,Jean Slim Noir,69.99,2025-01-02,32,False,False,False,True,False,False,False,False,False,False,False,True,False,False
5,2025-02-05,4,3.5714285714285716,5.0344827586206895,2,2,0,Jean Slim Noir,69.99,2025-01-02,34,False,False,False,True,False,False,False,False,False,False,False,True,False,False
5,2025-02-06,4,3.857142857142857,5.0,3,2,0,Jean Slim Noir,69.99,2025-01-02,35,False,False,False,True,False,False,False,False,False,False,False,True,False,False
5,2025-02-07,2,3.857142857142857,4.933333333333334,4,2,0,Jean Slim Noir,69.99,2025-01-02,36,False,False,False,True,False,False,False,False,False,False,False,True,False,False
5,2025-02-08,1,3.857142857142857,4.7,5,2,1,Jean Slim Noir,69.99,2025-01-02,37,False,False,False,True,False,False,False,False,False,False,False,True,False,False
5,2025-02-09,3,2.857142857142857,4.533333333333333,6,2,1,Jean Slim Noir,69.99,2025-01-02,38,False,False,False,True,False,False,False,False,False,False,False,True,False,False
5,2025-02-10,2,2.5714285714285716,4.3,0,2,0,Jean Slim Noir,69.99,2025-01-02,39,False,False,False,True,False,False,False,False,False,False,False,True,False,False
5,2025-02-11,4,2.857142857142857,4.166666666666667,1,2,0,Jean Slim Noir,69.99,2025-01-02,40,False,False,False,True,False,False,False,False,False,False,False,True,False,False
5,2025-02-12,4,2.857142857142857,4.1,2,2,0,Jean Slim Noir,69.99,2025-01-02,41,False,False,False,True,False,False,False,False,False,False,False,True,False,False
5,2025-02-14,1,2.4285714285714284,3.966666666666667,4,2,0,Jean Slim Noir,69.99,2025-01-02,43,False,False,False,True,False,False,False,False,False,False,False,True,False,False
5,2025-02-15,4,2.7142857142857144,3.7666666666666666,5,2,1,Jean Slim Noir,69.99,2025-01-02,44,False,False,False,True,False,False,False,False,False,False,False,True,False,False
5,2025-02-16,4,3.142857142857143,3.8,6,2,1,Jean Slim Noir,69.99,2025-01-02,45,False,False,False,True,False,False,False,False,False,False,False,True,False,False
5,2025-02-19,1,2.857142857142857,3.7333333333333334,2,2,0,Jean Slim Noir,69.99,2025-01-02,48,False,False,False,True,False,False,False,False,False,False,False,True,False,False
5,2025-02-20,6,3.4285714285714284,3.9,3,2,0,Jean Slim Noir,69.99,2025-01-02,49,False,False,False,True,False,False,False,False,False,False,False,True,False,False
5,2025-02-21,1,3.0,3.9,4,2,0,Jean Slim Noir,69.99,2025-01-02,50,False,False,False,True,False,False,False,False,False,False,False,True,False,False
5,2025-02-22,6,3.2857142857142856,4.0,5,2,1,Jean Slim Noir,69.99,2025-01-02,51,False,False,False,True,False,False,False,False,False,False,False,True,False,False
5,2025-02-23,9,4.428571428571429,4.233333333333333,6,2,1,Jean Slim Noir,69.99,2025-01-02,52,False,False,False,True,False,False,False,False,False,False,False,True,False,False
5,2025-02-24,1,4.0,4.0,0,2,0,Jean Slim Noir,69.99,2025-01-02,53,False,False,False,True,False,False,False,False,False,False,False,True,False,False
5,2025-02-25,5,4.142857142857143,3.9,1,2,0,Jean Slim Noir,69.99,2025-01-02,54,False,False,False,True,False,False,False,False,False,False,False,True,False,False
5,2025-02-28,3,4.428571428571429,3.966666666666667,4,2,0,Jean Slim Noir,69.99,2025-01-02,57,False,False,False,True,False,False,False,False,False,False,False,True,False,False
5,2025-03-01,4,4.142857142857143,3.966666666666667,5,3,1,Jean Slim Noir,69.99,2025-01-02,58,False,False,False,True,False,False,False,False,False,False,False,True,False,False
5,2025-03-02,8,5.142857142857143,4.033333333333333,6,3,1,Jean Slim Noir,69.99,2025-01-02,59,False,False,False,True,False,False,False,False,False,False,False,True,False,False
5,2025-03-03,2,4.571428571428571,3.9,0,3,0,Jean Slim Noir,69.99,2025-01-02,60,False,False,False,True,False,False,False,False,False,False,False,True,False,False
5,2025-03-04,3,3.7142857142857144,3.6333333333333333,1,3,0,Jean Slim Noir,69.99,2025-01-02,61,False,False,False,True,False,False,False,False,False,False,False,True,False,False
5,2025-03-07,2,3.857142857142857,3.5,4,3,0,Jean Slim Noir,69.99,2025-01-02,64,False,False,False,True,False,False,False,False,False,False,False,True,False,False
5,2025-03-08,5,3.857142857142857,3.6,5,3,1,Jean Slim Noir,69.99,2025-01-02,65,False,False,False,True,False,False,False,False,False,False,False,True,False,False
5,2025-03-09,1,3.5714285714285716,3.566666666666667,6,3,1,Jean Slim Noir,69.99,2025-01-02,66,False,False,False,True,False,False,False,False,False,False,False,True,False,False
5,2025-03-10,3,3.4285714285714284,3.6333333333333333,0,3,0,Jean Slim Noir,69.99,2025-01-02,67,False,False,False,True,False,False,False,False,False,False,False,True,False,False
5,2025-03-12,1,2.4285714285714284,3.3333333333333335,2,3,0,Jean Slim Noir,69.99,2025-01-02,69,False,False,False,True,False,False,False,False,False,False,False,True,False,False
5,2025-03-13,2,2.4285714285714284,3.2666666666666666,3,3,0,Jean Slim Noir,69.99,2025-01-02,70,False,False,False,True,False,False,False,False,False,False,False,True,False,False
5,2025-03-14,5,2.7142857142857144,3.3666666666666667,4,3,0,Jean Slim Noir,69.99,2025-01-02,71,False,False,False,True,False,False,False,False,False,False,False,True,False,False
5,2025-03-15,2,2.7142857142857144,3.3,5,3,1,Jean Slim Noir,69.99,2025-01-02,72,False,False,False,True,False,False,False,False,False,False,False,True,False,False
5,2025-03-16,1,2.142857142857143,3.2,6,3,1,Jean Slim Noir,69.99,2025-01-02,73,False,False,False,True,False,False,False,False,False,False,False,True,False,False
5,2025-03-17,2,2.2857142857142856,3.2,0,3,0,Jean Slim Noir,69.99,2025-01-02,74,False,False,False,True,False,False,False,False,False,False,False,True,False,False
5,2025-03-18,6,2.7142857142857144,3.3666666666666667,1,3,0,Jean Slim Noir,69.99,2025-01-02,75,False,False,False,True,False,False,False,False,False,False,False,True,False,False
5,2025-03-19,2,2.857142857142857,3.3333333333333335,2,3,0,Jean Slim Noir,69.99,2025-01-02,76,False,False,False,True,False,False,False,False,False,False,False,True,False,False
5,2025-03-20,3,3.0,3.3666666666666667,3,3,0,Jean Slim Noir,69.99,2025-01-02,77,False,False,False,True,False,False,False,False,False,False,False,True,False,False
5,2025-03-22,5,3.0,3.4,5,3,1,Jean Slim Noir,69.99,2025-01-02,79,False,False,False,True,False,False,False,False,False,False,False,True,False,False
5,2025-03-23,5,3.4285714285714284,3.433333333333333,6,3,1,Jean Slim Noir,69.99,2025-01-02,80,False,False,False,True,False,False,False,False,False,False,False,True,False,False
5,2025-03-25,1,3.4285714285714284,3.433333333333333,1,3,0,Jean Slim Noir,69.99,2025-01-02,82,False,False,False,True,False,False,False,False,False,False,False,True,False,False
5,2025-03-26,3,3.5714285714285716,3.4,2,3,0,Jean Slim Noir,69.99,2025-01-02,83,False,False,False,True,False,False,False,False,False,False,False,True,False,False
5,2025-03-28,4,3.2857142857142856,3.4,4,3,0,Jean Slim Noir,69.99,2025-01-02,85,False,False,False,True,False,False,False,False,False,False,False,True,False,False
5,2025-03-29,1,3.142857142857143,3.4,5,3,1,Jean Slim Noir,69.99,2025-01-02,86,False,False,False,True,False,False,False,False,False,False,False,True,False,False
5,2025-03-31,4,3.2857142857142856,3.3333333333333335,0,3,0,Jean Slim Noir,69.99,2025-01-02,88,False,False,False,True,False,False,False,False,False,False,False,True,False,False
5,2025-04-01,3,3.0,3.4,1,4,0,Jean Slim Noir,69.99,2025-01-02,89,False,False,False,True,False,False,False,False,False,False,False,True,False,False
5,2025-04-02,3,2.7142857142857144,3.3,2,4,0,Jean Slim Noir,69.99,2025-01-02,90,False,False,False,True,False,False,False,False,False,False,False,True,False,False
5,2025-04-03,1,2.7142857142857144,3.033333333333333,3,4,0,Jean Slim Noir,69.99,2025-01-02,91,False,False,False,True,False,False,False,False,False,False,False,True,False,False
5,2025-04-04,3,2.7142857142857144,3.1,4,4,0,Jean Slim Noir,69.99,2025-01-02,92,False,False,False,True,False,False,False,False,False,False,False,True,False,False
5,2025-04-05,2,2.4285714285714284,3.0,5,4,1,Jean Slim Noir,69.99,2025-01-02,93,False,False,False,True,False,False,False,False,False,False,False,True,False,False
5,2025-04-06,5,3.0,3.066666666666667,6,4,1,Jean Slim Noir,69.99,2025-01-02,94,False,False,False,True,False,False,False,False,False,False,False,True,False,False
5,2025-04-07,1,2.5714285714285716,2.966666666666667,0,4,0,Jean Slim Noir,69.99,2025-01-02,95,False,False,False,True,False,False,False,False,False,False,False,True,False,False
5,2025-04-09,3,2.5714285714285716,2.8,2,4,0,Jean Slim Noir,69.99,2025-01-02,97,False,False,False,True,False,False,False,False,False,False,False,True,False,False
5,2025-04-10,2,2.4285714285714284,2.8,3,4,0,Jean Slim Noir,69.99,2025-01-02,98,False,False,False,True,False,False,False,False,False,False,False,True,False,False
5,2025-04-11,2,2.5714285714285716,2.7666666666666666,4,4,0,Jean Slim Noir,69.99,2025-01-02,99,False,False,False,True,False,False,False,False,False,False,False,True,False,False
5,2025-04-12,4,2.7142857142857144,2.8333333333333335,5,4,1,Jean Slim Noir,69.99,2025-01-02,100,False,False,False,True,False,False,False,False,False,False,False,True,False,False
5,2025-04-13,5,3.142857142857143,2.8333333333333335,6,4,1,Jean Slim Noir,69.99,2025-01-02,101,False,False,False,True,False,False,False,False,False,False,False,True,False,False
5,2025-04-15,1,2.5714285714285716,2.8333333333333335,1,4,0,Jean Slim Noir,69.99,2025-01-02,103,False,False,False,True,False,False,False,False,False,False,False,True,False,False
5,2025-04-16,1,2.5714285714285716,2.7666666666666666,2,4,0,Jean Slim Noir,69.99,2025-01-02,104,False,False,False,True,False,False,False,False,False,False,False,True,False,False
5,2025-04-17,4,2.7142857142857144,2.8666666666666667,3,4,0,Jean Slim Noir,69.99,2025-01-02,105,False,False,False,True,False,False,False,False,False,False,False,True,False,False
5,2025-04-18,2,2.7142857142857144,2.8666666666666667,4,4,0,Jean Slim Noir,69.99,2025-01-02,106,False,False,False,True,False,False,False,False,False,False,False,True,False,False
5,2025-04-19,4,3.0,2.8333333333333335,5,4,1,Jean Slim Noir,69.99,2025-01-02,107,False,False,False,True,False,False,False,False,False,False,False,True,False,False
5,2025-04-20,1,2.5714285714285716,2.8,6,4,1,Jean Slim Noir,69.99,2025-01-02,108,False,False,False,True,False,False,False,False,False,False,False,True,False,False
5,2025-04-22,4,2.4285714285714284,2.9,1,4,0,Jean Slim Noir,69.99,2025-01-02,110,False,False,False,True,False,False,False,False,False,False,False,True,False,False
5,2025-04-23,4,2.857142857142857,2.966666666666667,2,4,0,Jean Slim Noir,69.99,2025-01-02,111,False,False,False,True,False,False,False,False,False,False,False,True,False,False
5,2025-04-25,1,2.857142857142857,2.8,4,4,0,Jean Slim Noir,69.99,2025-01-02,113,False,False,False,True,False,False,False,False,False,False,False,True,False,False
5,2025-04-26,4,2.857142857142857,2.8666666666666667,5,4,1,Jean Slim Noir,69.99,2025-01-02,114,False,False,False,True,False,False,False,False,False,False,False,True,False,False
5,2025-04-27,2,2.857142857142857,2.8333333333333335,6,4,1,Jean Slim Noir,69.99,2025-01-02,115,False,False,False,True,False,False,False,False,False,False,False,True,False,False
5,2025-04-29,4,2.857142857142857,2.8,1,4,0,Jean Slim Noir,69.99,2025-01-02,117,False,False,False,True,False,False,False,False,False,False,False,True,False,False
5,2025-04-30,1,2.857142857142857,2.6666666666666665,2,4,0,Jean Slim Noir,69.99,2025-01-02,118,False,False,False,True,False,False,False,False,False,False,False,True,False,False
5,2025-05-01,1,2.4285714285714284,2.6666666666666665,3,5,0,Jean Slim Noir,69.99,2025-01-02,119,False,False,False,True,False,False,False,False,False,False,False,True,False,False
5,2025-05-02,1,2.0,2.6,4,5,0,Jean Slim Noir,69.99,2025-01-02,120,False,False,False,True,False,False,False,False,False,False,False,True,False,False
5,2025-05-03,2,2.142857142857143,2.533333333333333,5,5,1,Jean Slim Noir,69.99,2025-01-02,121,False,False,False,True,False,False,False,False,False,False,False,True,False,False
5,2025-05-06,2,1.8571428571428572,2.566666666666667,1,5,0,Jean Slim Noir,69.99,2025-01-02,124,False,False,False,True,False,False,False,False,False,False,False,True,False,False
5,2025-05-07,5,2.2857142857142856,2.6,2,5,0,Jean Slim Noir,69.99,2025-01-02,125,False,False,False,True,False,False,False,False,False,False,False,True,False,False
5,2025-05-09,1,1.8571428571428572,2.533333333333333,4,5,0,Jean Slim Noir,69.99,2025-01-02,127,False,False,False,True,False,False,False,False,False,False,False,True,False,False
5,2025-05-11,6,2.5714285714285716,2.6333333333333333,6,5,1,Jean Slim Noir,69.99,2025-01-02,129,False,False,False,True,False,False,False,False,False,False,False,True,False,False
5,2025-05-12,4,3.0,2.7333333333333334,0,5,0,Jean Slim Noir,69.99,2025-01-02,130,False,False,False,True,False,False,False,False,False,False,False,True,False,False
5,2025-05-13,1,3.0,2.6666666666666665,1,5,0,Jean Slim Noir,69.99,2025-01-02,131,False,False,False,True,False,False,False,False,False,False,False,True,False,False
5,2025-05-14,1,2.857142857142857,2.6333333333333333,2,5,0,Jean Slim Noir,69.99,2025-01-02,132,False,False,False,True,False,False,False,False,False,False,False,True,False,False
5,2025-05-15,1,2.7142857142857144,2.5,3,5,0,Jean Slim Noir,69.99,2025-01-02,133,False,False,False,True,False,False,False,False,False,False,False,True,False,False
5,2025-05-17,2,2.2857142857142856,2.533333333333333,5,5,1,Jean Slim Noir,69.99,2025-01-02,135,False,False,False,True,False,False,False,False,False,False,False,True,False,False
5,2025-05-18,1,2.2857142857142856,2.466666666666667,6,5,1,Jean Slim Noir,69.99,2025-01-02,136,False,False,False,True,False,False,False,False,False,False,False,True,False,False
5,2025-05-22,5,2.142857142857143,2.566666666666667,3,5,0,Jean Slim Noir,69.99,2025-01-02,140,False,False,False,True,False,False,False,False,False,False,False,True,False,False
5,2025-05-23,2,1.8571428571428572,2.566666666666667,4,5,0,Jean Slim Noir,69.99,2025-01-02,141,False,False,False,True,False,False,False,False,False,False,False,True,False,False
5,2025-05-24,1,1.8571428571428572,2.466666666666667,5,5,1,Jean Slim Noir,69.99,2025-01-02,142,False,False,False,True,False,False,False,False,False,False,False,True,False,False
5,2025-05-25,2,2.0,2.3666666666666667,6,5,1,Jean Slim Noir,69.99,2025-01-02,143,False,False,False,True,False,False,False,False,False,False,False,True,False,False
5,2025-05-26,4,2.4285714285714284,2.466666666666667,0,5,0,Jean Slim Noir,69.99,2025-01-02,144,False,False,False,True,False,False,False,False,False,False,False,True,False,False
5,2025-05-28,1,2.2857142857142856,2.466666666666667,2,5,0,Jean Slim Noir,69.99,2025-01-02,146,False,False,False,True,False,False,False,False,False,False,False,True,False,False
5,2025-05-30,6,3.0,2.533333333333333,4,5,0,Jean Slim Noir,69.99,2025-01-02,148,False,False,False,True,False,False,False,False,False,False,False,True,False,False
5,2025-05-31,3,2.7142857142857144,2.566666666666667,5,5,1,Jean Slim Noir,69.99,2025-01-02,149,False,False,False,True,False,False,False,False,False,False,False,True,False,False
5,2025-06-02,1,2.5714285714285716,2.466666666666667,0,6,0,Jean Slim Noir,69.99,2025-01-02,151,False,False,False,True,False,False,False,False,False,False,False,True,False,False
5,2025-06-03,2,2.7142857142857144,2.5,1,6,0,Jean Slim Noir,69.99,2025-01-02,152,False,False,False,True,False,False,False,False,False,False,False,True,False,False
5,2025-06-04,2,2.7142857142857144,2.433333333333333,2,6,0,Jean Slim Noir,69.99,2025-01-02,153,False,False,False,True,False,False,False,False,False,False,False,True,False,False
5,2025-06-05,3,2.5714285714285716,2.4,3,6,0,Jean Slim Noir,69.99,2025-01-02,154,False,False,False,True,False,False,False,False,False,False,False,True,False,False
5,2025-06-06,2,2.7142857142857144,2.433333333333333,4,6,0,Jean Slim Noir,69.99,2025-01-02,155,False,False,False,True,False,False,False,False,False,False,False,True,False,False
5,2025-06-07,5,2.5714285714285716,2.466666666666667,5,6,1,Jean Slim Noir,69.99,2025-01-02,156,False,False,False,True,False,False,False,False,False,False,False,True,False,False
5,2025-06-08,2,2.4285714285714284,2.466666666666667,6,6,1,Jean Slim Noir,69.99,2025-01-02,157,False,False,False,True,False,False,False,False,False,False,False,True,False,False
5,2025-06-13,2,2.5714285714285716,2.4,4,6,0,Jean Slim Noir,69.99,2025-01-02,162,False,False,False,True,False,False,False,False,False,False,False,True,False,False
5,2025-06-15,9,3.5714285714285716,2.6666666666666665,6,6,1,Jean Slim Noir,69.99,2025-01-02,164,False,False,False,True,False,False,False,False,False,False,False,True,False,False
5,2025-06-18,1,3.4285714285714284,2.6666666666666665,2,6,0,Jean Slim Noir,69.99,2025-01-02,167,False,False,False,True,False,False,False,False,False,False,False,True,False,False
5,2025-06-21,5,3.7142857142857144,2.8,5,6,1,Jean Slim Noir,69.99,2025-01-02,170,False,False,False,True,False,False,False,False,False,False,False,True,False,False
5,2025-06-22,6,4.285714285714286,2.933333333333333,6,6,1,Jean Slim Noir,69.99,2025-01-02,171,False,False,False,True,False,False,False,False,False,False,False,True,False,False
5,2025-06-23,1,3.7142857142857144,2.9,0,6,0,Jean Slim Noir,69.99,2025-01-02,172,False,False,False,True,False,False,False,False,False,False,False,True,False,False
5,2025-06-25,2,3.7142857142857144,2.8,2,6,0,Jean Slim Noir,69.99,2025-01-02,174,False,False,False,True,False,False,False,False,False,False,False,True,False,False
5,2025-06-26,6,4.285714285714286,2.966666666666667,3,6,0,Jean Slim Noir,69.99,2025-01-02,175,False,False,False,True,False,False,False,False,False,False,False,True,False,False
5,2025-06-28,2,3.2857142857142856,2.8333333333333335,5,6,1,Jean Slim Noir,69.99,2025-01-02,177,False,False,False,True,False,False,False,False,False,False,False,True,False,False
5,2025-06-29,2,3.4285714285714284,2.7666666666666666,6,6,1,Jean Slim Noir,69.99,2025-01-02,178,False,False,False,True,False,False,False,False,False,False,False,True,False,False
5,2025-06-30,1,2.857142857142857,2.7666666666666666,0,6,0,Jean Slim Noir,69.99,2025-01-02,179,False,False,False,True,False,False,False,False,False,False,False,True,False,False
6,2025-01-01,1,1.0,1.0,2,1,0,Thé Vert Matcha,18.75,2025-01-01,0,False,False,False,False,False,True,False,False,False,True,False,False,False,False
6,2025-01-03,8,4.5,4.5,4,1,0,Thé Vert Matcha,18.75,2025-01-01,2,False,False,False,False,False,True,False,False,False,True,False,False,False,False
6,2025-01-04,6,5.0,5.0,5,1,1,Thé Vert Matcha,18.75,2025-01-01,3,False,False,False,False,False,True,False,False,False,True,False,False,False,False
6,2025-01-05,5,5.0,5.0,6,1,1,Thé Vert Matcha,18.75,2025-01-01,4,False,False,False,False,False,True,False,False,False,True,False,False,False,False
6,2025-01-07,2,4.4,4.4,1,1,0,Thé Vert Matcha,18.75,2025-01-01,6,False,False,False,False,False,True,False,False,False,True,False,False,False,False
6,2025-01-08,4,4.333333333333333,4.333333333333333,2,1,0,Thé Vert Matcha,18.75,2025-01-01,7,False,False,False,False,False,True,False,False,False,True,False,False,False,False
6,2025-01-09,2,4.0,4.0,3,1,0,Thé Vert Matcha,18.75,2025-01-01,8,False,False,False,False,False,True,False,False,False,True,False,False,False,False
6,2025-01-10,1,4.0,3.625,4,1,0,Thé Vert Matcha,18.75,2025-01-01,9,False,False,False,False,False,True,False,False,False,True,False,False,False,False
6,2025-01-11,4,3.4285714285714284,3.6666666666666665,5,1,1,Thé Vert Matcha,18.75,2025-01-01,10,False,False,False,False,False,True,False,False,False,True,False,False,False,False
6,2025-01-12,1,2.7142857142857144,3.4,6,1,1,Thé Vert Matcha,18.75,2025-01-01,11,False,False,False,False,False,True,False,False,False,True,False,False,False,False
6,2025-01-13,1,2.142857142857143,3.1818181818181817,0,1,0,Thé Vert Matcha,18.75,2025-01-01,12,False,False,False,False,False,True,False,False,False,True,False,False,False,False
6,2025-01-14,9,3.142857142857143,3.6666666666666665,1,1,0,Thé Vert Matcha,18.75,2025-01-01,13,False,False,False,False,False,True,False,False,False,True,False,False,False,False
6,2025-01-15,2,2.857142857142857,3.5384615384615383,2,1,0,Thé Vert Matcha,18.75,2025-01-01,14,False,False,False,False,False,True,False,False,False,True,False,False,False,False
6,2025-01-17,1,2.7142857142857144,3.357142857142857,4,1,0,Thé Vert Matcha,18.75,2025-01-01,16,False,False,False,False,False,True,False,False,False,True,False,False,False,False
6,2025-01-18,2,2.857142857142857,3.2666666666666666,5,1,1,Thé Vert Matcha,18.75,2025-01-01,17,False,False,False,False,False,True,False,False,False,True,False,False,False,False
6,2025-01-19,1,2.4285714285714284,3.125,6,1,1,Thé Vert Matcha,18.75,2025-01-01,18,False,False,False,False,False,True,False,False,False,True,False,False,False,False
6,2025-01-22,2,2.5714285714285716,3.0588235294117645,2,1,0,Thé Vert Matcha,18.75,2025-01-01,21,False,False,False,False,False,True,False,False,False,True,False,False,False,False
6,2025-01-24,8,3.5714285714285716,3.3333333333333335,4,1,0,Thé Vert Matcha,18.75,2025-01-01,23,False,False,False,False,False,True,False,False,False,True,False,False,False,False
6,2025-01-25,7,3.2857142857142856,3.526315789473684,5,1,1,Thé Vert Matcha,18.75,2025-01-01,24,False,False,False,False,False,True,False,False,False,True,False,False,False,False
6,2025-01-26,1,3.142857142857143,3.4,6,1,1,Thé Vert Matcha,18.75,2025-01-01,25,False,False,False,False,False,True,False,False,False,True,False,False,False,False
6,2025-01-29,1,3.142857142857143,3.2857142857142856,2,1,0,Thé Vert Matcha,18.75,2025-01-01,28,False,False,False,False,False,True,False,False,False,True,False,False,False,False
6,2025-01-30,2,3.142857142857143,3.227272727272727,3,1,0,Thé Vert Matcha,18.75,2025-01-01,29,False,False,False,False,False,True,False,False,False,True,False,False,False,False
6,2025-02-01,2,3.2857142857142856,3.1739130434782608,5,2,1,Thé Vert Matcha,18.75,2025-01-01,31,False,False,False,False,False,True,False,False,False,True,False,False,False,False
6,2025-02-02,2,3.2857142857142856,3.125,6,2,1,Thé Vert Matcha,18.75,2025-01-01,32,False,False,False,False,False,True,False,False,False,True,False,False,False,False
6,2025-02-03,1,2.2857142857142856,3.04,0,2,0,Thé Vert Matcha,18.75,2025-01-01,33,False,False,False,False,False,True,False,False,False,True,False,False,False,False
6,2025-02-05,2,1.5714285714285714,3.0,2,2,0,Thé Vert Matcha,18.75,2025-01-01,35,False,False,False,False,False,True,False,False,False,True,False,False,False,False
6,2025-02-06,2,1.7142857142857142,2.962962962962963,3,2,0,Thé Vert Matcha,18.75,2025-01-01,36,False,False,False,False,False,True,False,False,False,True,False,False,False,False
6,2025-02-07,2,1.8571428571428572,2.9285714285714284,4,2,0,Thé Vert Matcha,18.75,2025-01-01,37,False,False,False,False,False,True,False,False,False,True,False,False,False,False
6,2025-02-08,5,2.2857142857142856,3.0,5,2,1,Thé Vert Matcha,18.75,2025-01-01,38,False,False,False,False,False,True,False,False,False,True,False,False,False,False
6,2025-02-09,1,2.142857142857143,2.933333333333333,6,2,1,Thé Vert Matcha,18.75,2025-01-01,39,False,False,False,False,False,True,False,False,False,True,False,False,False,False
6,2025-02-10,2,2.142857142857143,2.966666666666667,0,2,0,Thé Vert Matcha,18.75,2025-01-01,40,False,False,False,False,False,True,False,False,False,True,False,False,False,False
6,2025-02-11,3,2.4285714285714284,2.8,1,2,0,Thé Vert Matcha,18.75,2025-01-01,41,False,False,False,False,False,True,False,False,False,True,False,False,False,False
6,2025-02-12,2,2.4285714285714284,2.6666666666666665,2,2,0,Thé Vert Matcha,18.75,2025-01-01,42,False,False,False,False,False,True,False,False,False,True,False,False,False,False
6,2025-02-13,5,2.857142857142857,2.6666666666666665,3,2,0,Thé Vert Matcha,18.75,2025-01-01,43,False,False,False,False,False,True,False,False,False,True,False,False,False,False
6,2025-02-14,1,2.7142857142857144,2.6333333333333333,4,2,0,Thé Vert Matcha,18.75,2025-01-01,44,False,False,False,False,False,True,False,False,False,True,False,False,False,False
6,2025-02-15,3,2.4285714285714284,2.6,5,2,1,Thé Vert Matcha,18.75,2025-01-01,45,False,False,False,False,False,True,False,False,False,True,False,False,False,False
6,2025-02-16,5,3.0,2.7,6,2,1,Thé Vert Matcha,18.75,2025-01-01,46,False,False,False,False,False,True,False,False,False,True,False,False,False,False
6,2025-02-17,1,2.857142857142857,2.7,0,2,0,Thé Vert Matcha,18.75,2025-01-01,47,False,False,False,False,False,True,False,False,False,True,False,False,False,False
6,2025-02-19,1,2.5714285714285716,2.6,2,2,0,Thé Vert Matcha,18.75,2025-01-01,49,False,False,False,False,False,True,False,False,False,True,False,False,False,False
6,2025-02-20,9,3.5714285714285716,2.8666666666666667,3,2,0,Thé Vert Matcha,18.75,2025-01-01,50,False,False,False,False,False,True,False,False,False,True,False,False,False,False
6,2025-02-21,2,3.142857142857143,2.9,4,2,0,Thé Vert Matcha,18.75,2025-01-01,51,False,False,False,False,False,True,False,False,False,True,False,False,False,False
6,2025-02-22,3,3.4285714285714284,2.7,5,2,1,Thé Vert Matcha,18.75,2025-01-01,52,False,False,False,False,False,True,False,False,False,True,False,False,False,False
6,2025-02-24,1,3.142857142857143,2.6666666666666665,0,2,0,Thé Vert Matcha,18.75,2025-01-01,54,False,False,False,False,False,True,False,False,False,True,False,False,False,False
6,2025-02-26,2,2.7142857142857144,2.7,2,2,0,Thé Vert Matcha,18.75,2025-01-01,56,False,False,False,False,False,True,False,False,False,True,False,False,False,False
6,2025-02-27,2,2.857142857142857,2.7,3,2,0,Thé Vert Matcha,18.75,2025-01-01,57,False,False,False,False,False,True,False,False,False,True,False,False,False,False
6,2025-02-28,2,3.0,2.7333333333333334,4,2,0,Thé Vert Matcha,18.75,2025-01-01,58,False,False,False,False,False,True,False,False,False,True,False,False,False,False
6,2025-03-01,4,2.2857142857142856,2.8,5,3,1,Thé Vert Matcha,18.75,2025-01-01,59,False,False,False,False,False,True,False,False,False,True,False,False,False,False
6,2025-03-02,6,2.857142857142857,2.7333333333333334,6,3,1,Thé Vert Matcha,18.75,2025-01-01,60,False,False,False,False,False,True,False,False,False,True,False,False,False,False
6,2025-03-03,1,2.5714285714285716,2.533333333333333,0,3,0,Thé Vert Matcha,18.75,2025-01-01,61,False,False,False,False,False,True,False,False,False,True,False,False,False,False
6,2025-03-04,2,2.7142857142857144,2.566666666666667,1,3,0,Thé Vert Matcha,18.75,2025-01-01,62,False,False,False,False,False,True,False,False,False,True,False,False,False,False
6,2025-03-06,1,2.5714285714285716,2.566666666666667,3,3,0,Thé Vert Matcha,18.75,2025-01-01,64,False,False,False,False,False,True,False,False,False,True,False,False,False,False
6,2025-03-07,2,2.5714285714285716,2.566666666666667,4,3,0,Thé Vert Matcha,18.75,2025-01-01,65,False,False,False,False,False,True,False,False,False,True,False,False,False,False
6,2025-03-08,2,2.5714285714285716,2.566666666666667,5,3,1,Thé Vert Matcha,18.75,2025-01-01,66,False,False,False,False,False,True,False,False,False,True,False,False,False,False
6,2025-03-10,2,2.2857142857142856,2.566666666666667,0,3,0,Thé Vert Matcha,18.75,2025-01-01,68,False,False,False,False,False,True,False,False,False,True,False,False,False,False
6,2025-03-11,1,1.5714285714285714,2.566666666666667,1,3,0,Thé Vert Matcha,18.75,2025-01-01,69,False,False,False,False,False,True,False,False,False,True,False,False,False,False
6,2025-03-12,1,1.5714285714285714,2.533333333333333,2,3,0,Thé Vert Matcha,18.75,2025-01-01,70,False,False,False,False,False,True,False,False,False,True,False,False,False,False
6,2025-03-13,3,1.7142857142857142,2.566666666666667,3,3,0,Thé Vert Matcha,18.75,2025-01-01,71,False,False,False,False,False,True,False,False,False,True,False,False,False,False
6,2025-03-14,2,1.8571428571428572,2.566666666666667,4,3,0,Thé Vert Matcha,18.75,2025-01-01,72,False,False,False,False,False,True,False,False,False,True,False,False,False,False
6,2025-03-15,1,1.7142857142857142,2.433333333333333,5,3,1,Thé Vert Matcha,18.75,2025-01-01,73,False,False,False,False,False,True,False,False,False,True,False,False,False,False
6,2025-03-16,4,2.0,2.533333333333333,6,3,1,Thé Vert Matcha,18.75,2025-01-01,74,False,False,False,False,False,True,False,False,False,True,False,False,False,False
6,2025-03-17,1,1.8571428571428572,2.5,0,3,0,Thé Vert Matcha,18.75,2025-01-01,75,False,False,False,False,False,True,False,False,False,True,False,False,False,False
6,2025-03-18,1,1.8571428571428572,2.433333333333333,1,3,0,Thé Vert Matcha,18.75,2025-01-01,76,False,False,False,False,False,True,False,False,False,True,False,False,False,False
6,2025-03-19,1,1.8571428571428572,2.4,2,3,0,Thé Vert Matcha,18.75,2025-01-01,77,False,False,False,False,False,True,False,False,False,True,False,False,False,False
6,2025-03-20,2,1.7142857142857142,2.3,3,3,0,Thé Vert Matcha,18.75,2025-01-01,78,False,False,False,False,False,True,False,False,False,True,False,False,False,False
6,2025-03-21,8,2.5714285714285716,2.533333333333333,4,3,0,Thé Vert Matcha,18.75,2025-01-01,79,False,False,False,False,False,True,False,False,False,True,False,False,False,False
6,2025-03-23,2,2.7142857142857144,2.5,6,3,1,Thé Vert Matcha,18.75,2025-01-01,81,False,False,False,False,False,True,False,False,False,True,False,False,False,False
6,2025-03-24,1,2.2857142857142856,2.3666666666666667,0,3,0,Thé Vert Matcha,18.75,2025-01-01,82,False,False,False,False,False,True,False,False,False,True,False,False,False,False
6,2025-03-25,2,2.4285714285714284,2.4,1,3,0,Thé Vert Matcha,18.75,2025-01-01,83,False,False,False,False,False,True,False,False,False,True,False,False,False,False
6,2025-03-26,2,2.5714285714285716,2.433333333333333,2,3,0,Thé Vert Matcha,18.75,2025-01-01,84,False,False,False,False,False,True,False,False,False,True,False,False,False,False
6,2025-03-28,5,3.142857142857143,2.3,4,3,0,Thé Vert Matcha,18.75,2025-01-01,86,False,False,False,False,False,True,False,False,False,True,False,False,False,False
6,2025-03-29,4,3.4285714285714284,2.3666666666666667,5,3,1,Thé Vert Matcha,18.75,2025-01-01,87,False,False,False,False,False,True,False,False,False,True,False,False,False,False
6,2025-03-30,1,2.4285714285714284,2.3,6,3,1,Thé Vert Matcha,18.75,2025-01-01,88,False,False,False,False,False,True,False,False,False,True,False,False,False,False
6,2025-04-01,2,2.4285714285714284,2.3333333333333335,1,4,0,Thé Vert Matcha,18.75,2025-01-01,90,False,False,False,False,False,True,False,False,False,True,False,False,False,False
6,2025-04-02,1,2.4285714285714284,2.3,2,4,0,Thé Vert Matcha,18.75,2025-01-01,91,False,False,False,False,False,True,False,False,False,True,False,False,False,False
6,2025-04-03,2,2.4285714285714284,2.3,3,4,0,Thé Vert Matcha,18.75,2025-01-01,92,False,False,False,False,False,True,False,False,False,True,False,False,False,False
6,2025-04-05,14,4.142857142857143,2.7,5,4,1,Thé Vert Matcha,18.75,2025-01-01,94,False,False,False,False,False,True,False,False,False,True,False,False,False,False
6,2025-04-06,2,3.7142857142857144,2.6333333333333333,6,4,1,Thé Vert Matcha,18.75,2025-01-01,95,False,False,False,False,False,True,False,False,False,True,False,False,False,False
6,2025-04-07,1,3.2857142857142856,2.466666666666667,0,4,0,Thé Vert Matcha,18.75,2025-01-01,96,False,False,False,False,False,True,False,False,False,True,False,False,False,False
6,2025-04-09,6,4.0,2.6333333333333333,2,4,0,Thé Vert Matcha,18.75,2025-01-01,98,False,False,False,False,False,True,False,False,False,True,False,False,False,False
6,2025-04-10,3,4.142857142857143,2.6666666666666665,3,4,0,Thé Vert Matcha,18.75,2025-01-01,99,False,False,False,False,False,True,False,False,False,True,False,False,False,False
6,2025-04-11,1,4.142857142857143,2.6666666666666665,4,4,0,Thé Vert Matcha,18.75,2025-01-01,100,False,False,False,False,False,True,False,False,False,True,False,False,False,False
6,2025-04-12,1,4.0,2.6333333333333333,5,4,1,Thé Vert Matcha,18.75,2025-01-01,101,False,False,False,False,False,True,False,False,False,True,False,False,False,False
6,2025-04-13,2,2.2857142857142856,2.6333333333333333,6,4,1,Thé Vert Matcha,18.75,2025-01-01,102,False,False,False,False,False,True,False,False,False,True,False,False,False,False
6,2025-04-15,1,2.142857142857143,2.6,1,4,0,Thé Vert Matcha,18.75,2025-01-01,104,False,False,False,False,False,True,False,False,False,True,False,False,False,False
6,2025-04-16,1,2.142857142857143,2.6,2,4,0,Thé Vert Matcha,18.75,2025-01-01,105,False,False,False,False,False,True,False,False,False,True,False,False,False,False
6,2025-04-17,1,1.4285714285714286,2.6,3,4,0,Thé Vert Matcha,18.75,2025-01-01,106,False,False,False,False,False,True,False,False,False,True,False,False,False,False
6,2025-04-18,1,1.1428571428571428,2.533333333333333,4,4,0,Thé Vert Matcha,18.75,2025-01-01,107,False,False,False,False,False,True,False,False,False,True,False,False,False,False
6,2025-04-20,3,1.4285714285714286,2.566666666666667,6,4,1,Thé Vert Matcha,18.75,2025-01-01,109,False,False,False,False,False,True,False,False,False,True,False,False,False,False
6,2025-04-22,2,1.5714285714285714,2.6,1,4,0,Thé Vert Matcha,18.75,2025-01-01,111,False,False,False,False,False,True,False,False,False,True,False,False,False,False
6,2025-04-23,2,1.5714285714285714,2.533333333333333,2,4,0,Thé Vert Matcha,18.75,2025-01-01,112,False,False,False,False,False,True,False,False,False,True,False,False,False,False
6,2025-04-25,2,1.7142857142857142,2.566666666666667,4,4,0,Thé Vert Matcha,18.75,2025-01-01,114,False,False,False,False,False,True,False,False,False,True,False,False,False,False
6,2025-04-26,1,1.7142857142857142,2.566666666666667,5,4,1,Thé Vert Matcha,18.75,2025-01-01,115,False,False,False,False,False,True,False,False,False,True,False,False,False,False
6,2025-04-28,2,1.8571428571428572,2.6,0,4,0,Thé Vert Matcha,18.75,2025-01-01,117,False,False,False,False,False,True,False,False,False,True,False,False,False,False
6,2025-05-01,3,2.142857142857143,2.6333333333333333,3,5,0,Thé Vert Matcha,18.75,2025-01-01,120,False,False,False,False,False,True,False,False,False,True,False,False,False,False
6,2025-05-03,5,2.4285714285714284,2.533333333333333,5,5,1,Thé Vert Matcha,18.75,2025-01-01,122,False,False,False,False,False,True,False,False,False,True,False,False,False,False
6,2025-05-04,9,3.4285714285714284,2.7666666666666666,6,5,1,Thé Vert Matcha,18.75,2025-01-01,123,False,False,False,False,False,True,False,False,False,True,False,False,False,False
6,2025-05-08,3,3.5714285714285716,2.8333333333333335,3,5,0,Thé Vert Matcha,18.75,2025-01-01,127,False,False,False,False,False,True,False,False,False,True,False,False,False,False
6,2025-05-09,2,3.5714285714285716,2.8333333333333335,4,5,0,Thé Vert Matcha,18.75,2025-01-01,128,False,False,False,False,False,True,False,False,False,True,False,False,False,False
6,2025-05-10,3,3.857142857142857,2.8666666666666667,5,5,1,Thé Vert Matcha,18.75,2025-01-01,129,False,False,False,False,False,True,False,False,False,True,False,False,False,False
6,2025-05-11,6,4.428571428571429,2.9,6,5,1,Thé Vert Matcha,18.75,2025-01-01,130,False,False,False,False,False,True,False,False,False,True,False,False,False,False
6,2025-05-13,2,4.285714285714286,2.8333333333333335,1,5,0,Thé Vert Matcha,18.75,2025-01-01,132,False,False,False,False,False,True,False,False,False,True,False,False,False,False
6,2025-05-15,2,3.857142857142857,2.8666666666666667,3,5,0,Thé Vert Matcha,18.75,2025-01-01,134,False,False,False,False,False,True,False,False,False,True,False,False,False,False
6,2025-05-16,5,3.2857142857142856,2.966666666666667,4,5,0,Thé Vert Matcha,18.75,2025-01-01,135,False,False,False,False,False,True,False,False,False,True,False,False,False,False
6,2025-05-18,1,3.0,2.966666666666667,6,5,1,Thé Vert Matcha,18.75,2025-01-01,137,False,False,False,False,False,True,False,False,False,True,False,False,False,False
6,2025-05-19,2,3.0,2.966666666666667,0,5,0,Thé Vert Matcha,18.75,2025-01-01,138,False,False,False,False,False,True,False,False,False,True,False,False,False,False
6,2025-05-20,3,3.0,2.6,1,5,0,Thé Vert Matcha,18.75,2025-01-01,139,False,False,False,False,False,True,False,False,False,True,False,False,False,False
6,2025-05-21,2,2.4285714285714284,2.6,2,5,0,Thé Vert Matcha,18.75,2025-01-01,140,False,False,False,False,False,True,False,False,False,True,False,False,False,False
6,2025-05-22,3,2.5714285714285716,2.6666666666666665,3,5,0,Thé Vert Matcha,18.75,2025-01-01,141,False,False,False,False,False,True,False,False,False,True,False,False,False,False
6,2025-05-23,5,3.0,2.6333333333333333,4,5,0,Thé Vert Matcha,18.75,2025-01-01,142,False,False,False,False,False,True,False,False,False,True,False,False,False,False
6,2025-05-24,8,3.4285714285714284,2.8,5,5,1,Thé Vert Matcha,18.75,2025-01-01,143,False,False,False,False,False,True,False,False,False,True,False,False,False,False
6,2025-05-26,5,4.0,2.933333333333333,0,5,0,Thé Vert Matcha,18.75,2025-01-01,145,False,False,False,False,False,True,False,False,False,True,False,False,False,False
6,2025-05-27,1,3.857142857142857,2.933333333333333,1,5,0,Thé Vert Matcha,18.75,2025-01-01,146,False,False,False,False,False,True,False,False,False,True,False,False,False,False
6,2025-05-28,3,3.857142857142857,2.966666666666667,2,5,0,Thé Vert Matcha,18.75,2025-01-01,147,False,False,False,False,False,True,False,False,False,True,False,False,False,False
6,2025-05-30,3,4.0,3.033333333333333,4,5,0,Thé Vert Matcha,18.75,2025-01-01,149,False,False,False,False,False,True,False,False,False,True,False,False,False,False
6,2025-05-31,2,3.857142857142857,3.066666666666667,5,5,1,Thé Vert Matcha,18.75,2025-01-01,150,False,False,False,False,False,True,False,False,False,True,False,False,False,False
6,2025-06-01,3,3.5714285714285716,3.1333333333333333,6,6,1,Thé Vert Matcha,18.75,2025-01-01,151,False,False,False,False,False,True,False,False,False,True,False,False,False,False
6,2025-06-02,1,2.5714285714285716,3.1333333333333333,0,6,0,Thé Vert Matcha,18.75,2025-01-01,152,False,False,False,False,False,True,False,False,False,True,False,False,False,False
6,2025-06-03,5,2.5714285714285716,3.2,1,6,0,Thé Vert Matcha,18.75,2025-01-01,153,False,False,False,False,False,True,False,False,False,True,False,False,False,False
6,2025-06-04,2,2.7142857142857144,3.2,2,6,0,Thé Vert Matcha,18.75,2025-01-01,154,False,False,False,False,False,True,False,False,False,True,False,False,False,False
6,2025-06-07,2,2.5714285714285716,3.2,5,6,1,Thé Vert Matcha,18.75,2025-01-01,157,False,False,False,False,False,True,False,False,False,True,False,False,False,False
6,2025-06-08,2,2.4285714285714284,3.2,6,6,1,Thé Vert Matcha,18.75,2025-01-01,158,False,False,False,False,False,True,False,False,False,True,False,False,False,False
6,2025-06-11,2,2.4285714285714284,3.2333333333333334,2,6,0,Thé Vert Matcha,18.75,2025-01-01,161,False,False,False,False,False,True,False,False,False,True,False,False,False,False
6,2025-06-12,5,2.7142857142857144,3.3333333333333335,3,6,0,Thé Vert Matcha,18.75,2025-01-01,162,False,False,False,False,False,True,False,False,False,True,False,False,False,False
6,2025-06-14,2,2.857142857142857,3.3,5,6,1,Thé Vert Matcha,18.75,2025-01-01,164,False,False,False,False,False,True,False,False,False,True,False,False,False,False
6,2025-06-15,1,2.2857142857142856,3.1666666666666665,6,6,1,Thé Vert Matcha,18.75,2025-01-01,165,False,False,False,False,False,True,False,False,False,True,False,False,False,False
6,2025-06-16,3,2.4285714285714284,2.966666666666667,0,6,0,Thé Vert Matcha,18.75,2025-01-01,166,False,False,False,False,False,True,False,False,False,True,False,False,False,False
6,2025-06-18,4,2.7142857142857144,3.0,2,6,0,Thé Vert Matcha,18.75,2025-01-01,168,False,False,False,False,False,True,False,False,False,True,False,False,False,False
6,2025-06-19,2,2.7142857142857144,3.0,3,6,0,Thé Vert Matcha,18.75,2025-01-01,169,False,False,False,False,False,True,False,False,False,True,False,False,False,False
6,2025-06-21,1,2.5714285714285716,2.933333333333333,5,6,1,Thé Vert Matcha,18.75,2025-01-01,171,False,False,False,False,False,True,False,False,False,True,False,False,False,False
6,2025-06-22,7,2.857142857142857,2.966666666666667,6,6,1,Thé Vert Matcha,18.75,2025-01-01,172,False,False,False,False,False,True,False,False,False,True,False,False,False,False
6,2025-06-24,7,3.5714285714285716,3.1333333333333333,1,6,0,Thé Vert Matcha,18.75,2025-01-01,174,False,False,False,False,False,True,False,False,False,True,False,False,False,False
6,2025-06-25,6,4.285714285714286,3.2666666666666666,2,6,0,Thé Vert Matcha,18.75,2025-01-01,175,False,False,False,False,False,True,False,False,False,True,False,False,False,False
6,2025-06-26,5,4.571428571428571,3.2666666666666666,3,6,0,Thé Vert Matcha,18.75,2025-01-01,176,False,False,False,False,False,True,False,False,False,True,False,False,False,False
6,2025-06-27,4,4.571428571428571,3.3666666666666667,4,6,0,Thé Vert Matcha,18.75,2025-01-01,177,False,False,False,False,False,True,False,False,False,True,False,False,False,False
6,2025-06-28,2,4.571428571428571,3.3666666666666667,5,6,1,Thé Vert Matcha,18.75,2025-01-01,178,False,False,False,False,False,True,False,False,False,True,False,False,False,False
6,2025-06-29,2,4.714285714285714,3.3333333333333335,6,6,1,Thé Vert Matcha,18.75,2025-01-01,179,False,False,False,False,False,True,False,False,False,True,False,False,False,False
7,2025-01-01,1,1.0,1.0,2,1,0,Lampe LED Connectée,49.99,2025-01-01,0,False,False,False,False,False,False,True,False,False,False,False,True,False,False
7,2025-01-04,1,1.0,1.0,5,1,1,Lampe LED Connectée,49.99,2025-01-01,3,False,False,False,False,False,False,True,False,False,False,False,True,False,False
7,2025-01-05,10,4.0,4.0,6,1,1,Lampe LED Connectée,49.99,2025-01-01,4,False,False,False,False,False,False,True,False,False,False,False,True,False,False
7,2025-01-06,1,3.25,3.25,0,1,0,Lampe LED Connectée,49.99,2025-01-01,5,False,False,False,False,False,False,True,False,False,False,False,True,False,False
7,2025-01-07,1,2.8,2.8,1,1,0,Lampe LED Connectée,49.99,2025-01-01,6,False,False,False,False,False,False,True,False,False,False,False,True,False,False
7,2025-01-08,1,2.5,2.5,2,1,0,Lampe LED Connectée,49.99,2025-01-01,7,False,False,False,False,False,False,True,False,False,False,False,True,False,False
7,2025-01-09,4,2.7142857142857144,2.7142857142857144,3,1,0,Lampe LED Connectée,49.99,2025-01-01,8,False,False,False,False,False,False,True,False,False,False,False,True,False,False
7,2025-01-10,7,3.5714285714285716,3.25,4,1,0,Lampe LED Connectée,49.99,2025-01-01,9,False,False,False,False,False,False,True,False,False,False,False,True,False,False
7,2025-01-11,11,5.0,4.111111111111111,5,1,1,Lampe LED Connectée,49.99,2025-01-01,10,False,False,False,False,False,False,True,False,False,False,False,True,False,False
7,2025-01-12,3,4.0,4.0,6,1,1,Lampe LED Connectée,49.99,2025-01-01,11,False,False,False,False,False,False,True,False,False,False,False,True,False,False
7,2025-01-13,3,4.285714285714286,3.909090909090909,0,1,0,Lampe LED Connectée,49.99,2025-01-01,12,False,False,False,False,False,False,True,False,False,False,False,True,False,False
7,2025-01-14,7,5.142857142857143,4.166666666666667,1,1,0,Lampe LED Connectée,49.99,2025-01-01,13,False,False,False,False,False,False,True,False,False,False,False,True,False,False
7,2025-01-15,4,5.571428571428571,4.153846153846154,2,1,0,Lampe LED Connectée,49.99,2025-01-01,14,False,False,False,False,False,False,True,False,False,False,False,True,False,False
7,2025-01-18,5,5.714285714285714,4.214285714285714,5,1,1,Lampe LED Connectée,49.99,2025-01-01,17,False,False,False,False,False,False,True,False,False,False,False,True,False,False
7,2025-01-19,4,5.285714285714286,4.2,6,1,1,Lampe LED Connectée,49.99,2025-01-01,18,False,False,False,False,False,False,True,False,False,False,False,True,False,False
7,2025-01-20,1,3.857142857142857,4.0,0,1,0,Lampe LED Connectée,49.99,2025-01-01,19,False,False,False,False,False,False,True,False,False,False,False,True,False,False
7,2025-01-21,1,3.5714285714285716,3.823529411764706,1,1,0,Lampe LED Connectée,49.99,2025-01-01,20,False,False,False,False,False,False,True,False,False,False,False,True,False,False
7,2025-01-22,5,3.857142857142857,3.888888888888889,2,1,0,Lampe LED Connectée,49.99,2025-01-01,21,False,False,False,False,False,False,True,False,False,False,False,True,False,False
7,2025-01-24,3,3.2857142857142856,3.8421052631578947,4,1,0,Lampe LED Connectée,49.99,2025-01-01,23,False,False,False,False,False,False,True,False,False,False,False,True,False,False
7,2025-01-25,7,3.7142857142857144,4.0,5,1,1,Lampe LED Connectée,49.99,2025-01-01,24,False,False,False,False,False,False,True,False,False,False,False,True,False,False
7,2025-01-27,2,3.2857142857142856,3.9047619047619047,0,1,0,Lampe LED Connectée,49.99,2025-01-01,26,False,False,False,False,False,False,True,False,False,False,False,True,False,False
7,2025-01-29,2,3.0,3.8181818181818183,2,1,0,Lampe LED Connectée,49.99,2025-01-01,28,False,False,False,False,False,False,True,False,False,False,False,True,False,False
7,2025-02-01,5,3.5714285714285716,3.869565217391304,5,2,1,Lampe LED Connectée,49.99,2025-01-01,31,False,False,False,False,False,False,True,False,False,False,False,True,False,False
7,2025-02-02,2,3.7142857142857144,3.7916666666666665,6,2,1,Lampe LED Connectée,49.99,2025-01-01,32,False,False,False,False,False,False,True,False,False,False,False,True,False,False
7,2025-02-03,1,3.142857142857143,3.68,0,2,0,Lampe LED Connectée,49.99,2025-01-01,33,False,False,False,False,False,False,True,False,False,False,False,True,False,False
7,2025-02-04,6,3.5714285714285716,3.769230769230769,1,2,0,Lampe LED Connectée,49.99,2025-01-01,34,False,False,False,False,False,False,True,False,False,False,False,True,False,False
7,2025-02-05,7,3.5714285714285716,3.888888888888889,2,2,0,Lampe LED Connectée,49.99,2025-01-01,35,False,False,False,False,False,False,True,False,False,False,False,True,False,False
7,2025-02-07,11,4.857142857142857,4.142857142857143,4,2,0,Lampe LED Connectée,49.99,2025-01-01,37,False,False,False,False,False,False,True,False,False,False,False,True,False,False
7,2025-02-08,8,5.714285714285714,4.275862068965517,5,2,1,Lampe LED Connectée,49.99,2025-01-01,38,False,False,False,False,False,False,True,False,False,False,False,True,False,False
7,2025-02-09,1,5.142857142857143,4.166666666666667,6,2,1,Lampe LED Connectée,49.99,2025-01-01,39,False,False,False,False,False,False,True,False,False,False,False,True,False,False
7,2025-02-10,2,5.142857142857143,4.2,0,2,0,Lampe LED Connectée,49.99,2025-01-01,40,False,False,False,False,False,False,True,False,False,False,False,True,False,False
7,2025-02-11,2,5.285714285714286,4.233333333333333,1,2,0,Lampe LED Connectée,49.99,2025-01-01,41,False,False,False,False,False,False,True,False,False,False,False,True,False,False
7,2025-02-12,2,4.714285714285714,3.966666666666667,2,2,0,Lampe LED Connectée,49.99,2025-01-01,42,False,False,False,False,False,False,True,False,False,False,False,True,False,False
7,2025-02-15,4,4.285714285714286,4.066666666666666,5,2,1,Lampe LED Connectée,49.99,2025-01-01,45,False,False,False,False,False,False,True,False,False,False,False,True,False,False
7,2025-02-16,3,3.142857142857143,4.133333333333334,6,2,1,Lampe LED Connectée,49.99,2025-01-01,46,False,False,False,False,False,False,True,False,False,False,False,True,False,False
7,2025-02-17,4,2.5714285714285716,4.233333333333333,0,2,0,Lampe LED Connectée,49.99,2025-01-01,47,False,False,False,False,False,False,True,False,False,False,False,True,False,False
7,2025-02-18,1,2.5714285714285716,4.133333333333334,1,2,0,Lampe LED Connectée,49.99,2025-01-01,48,False,False,False,False,False,False,True,False,False,False,False,True,False,False
7,2025-02-19,6,3.142857142857143,4.1,2,2,0,Lampe LED Connectée,49.99,2025-01-01,49,False,False,False,False,False,False,True,False,False,False,False,True,False,False
7,2025-02-20,1,3.0,3.7666666666666666,3,2,0,Lampe LED Connectée,49.99,2025-01-01,50,False,False,False,False,False,False,True,False,False,False,False,True,False,False
7,2025-02-21,2,3.0,3.7333333333333334,4,2,0,Lampe LED Connectée,49.99,2025-01-01,51,False,False,False,False,False,False,True,False,False,False,False,True,False,False
7,2025-02-22,1,2.5714285714285716,3.6666666666666665,5,2,1,Lampe LED Connectée,49.99,2025-01-01,52,False,False,False,False,False,False,True,False,False,False,False,True,False,False
7,2025-02-23,5,2.857142857142857,3.6,6,2,1,Lampe LED Connectée,49.99,2025-01-01,53,False,False,False,False,False,False,True,False,False,False,False,True,False,False
7,2025-02-24,1,2.4285714285714284,3.5,0,2,0,Lampe LED Connectée,49.99,2025-01-01,54,False,False,False,False,False,False,True,False,False,False,False,True,False,False
7,2025-02-27,1,2.4285714285714284,3.3666666666666667,3,2,0,Lampe LED Connectée,49.99,2025-01-01,57,False,False,False,False,False,False,True,False,False,False,False,True,False,False
7,2025-02-28,2,1.8571428571428572,3.3,4,2,0,Lampe LED Connectée,49.99,2025-01-01,58,False,False,False,False,False,False,True,False,False,False,False,True,False,False
7,2025-03-01,6,2.5714285714285716,3.466666666666667,5,3,1,Lampe LED Connectée,49.99,2025-01-01,59,False,False,False,False,False,False,True,False,False,False,False,True,False,False
7,2025-03-02,3,2.7142857142857144,3.533333333333333,6,3,1,Lampe LED Connectée,49.99,2025-01-01,60,False,False,False,False,False,False,True,False,False,False,False,True,False,False
7,2025-03-03,3,3.0,3.466666666666667,0,3,0,Lampe LED Connectée,49.99,2025-01-01,61,False,False,False,False,False,False,True,False,False,False,False,True,False,False
7,2025-03-06,3,2.7142857142857144,3.466666666666667,3,3,0,Lampe LED Connectée,49.99,2025-01-01,64,False,False,False,False,False,False,True,False,False,False,False,True,False,False
7,2025-03-08,3,3.0,3.3333333333333335,5,3,1,Lampe LED Connectée,49.99,2025-01-01,66,False,False,False,False,False,False,True,False,False,False,False,True,False,False
7,2025-03-09,13,4.714285714285714,3.7,6,3,1,Lampe LED Connectée,49.99,2025-01-01,67,False,False,False,False,False,False,True,False,False,False,False,True,False,False
7,2025-03-11,4,5.0,3.7666666666666666,1,3,0,Lampe LED Connectée,49.99,2025-01-01,69,False,False,False,False,False,False,True,False,False,False,False,True,False,False
7,2025-03-12,2,4.428571428571429,3.6666666666666665,2,3,0,Lampe LED Connectée,49.99,2025-01-01,70,False,False,False,False,False,False,True,False,False,False,False,True,False,False
7,2025-03-13,1,4.142857142857143,3.6333333333333333,3,3,0,Lampe LED Connectée,49.99,2025-01-01,71,False,False,False,False,False,False,True,False,False,False,False,True,False,False
7,2025-03-15,2,4.0,3.6666666666666665,5,3,1,Lampe LED Connectée,49.99,2025-01-01,73,False,False,False,False,False,False,True,False,False,False,False,True,False,False
7,2025-03-16,6,4.428571428571429,3.6666666666666665,6,3,1,Lampe LED Connectée,49.99,2025-01-01,74,False,False,False,False,False,False,True,False,False,False,False,True,False,False
7,2025-03-17,6,4.857142857142857,3.6333333333333333,0,3,0,Lampe LED Connectée,49.99,2025-01-01,75,False,False,False,False,False,False,True,False,False,False,False,True,False,False
7,2025-03-18,5,3.7142857142857144,3.433333333333333,1,3,0,Lampe LED Connectée,49.99,2025-01-01,76,False,False,False,False,False,False,True,False,False,False,False,True,False,False
7,2025-03-20,4,3.7142857142857144,3.3,3,3,0,Lampe LED Connectée,49.99,2025-01-01,78,False,False,False,False,False,False,True,False,False,False,False,True,False,False
7,2025-03-22,3,3.857142857142857,3.3666666666666667,5,3,1,Lampe LED Connectée,49.99,2025-01-01,80,False,False,False,False,False,False,True,False,False,False,False,True,False,False
7,2025-03-23,1,3.857142857142857,3.3333333333333335,6,3,1,Lampe LED Connectée,49.99,2025-01-01,81,False,False,False,False,False,False,True,False,False,False,False,True,False,False
7,2025-03-24,3,4.0,3.3666666666666667,0,3,0,Lampe LED Connectée,49.99,2025-01-01,82,False,False,False,False,False,False,True,False,False,False,False,True,False,False
7,2025-03-26,5,3.857142857142857,3.466666666666667,2,3,0,Lampe LED Connectée,49.99,2025-01-01,84,False,False,False,False,False,False,True,False,False,False,False,True,False,False
7,2025-03-28,3,3.4285714285714284,3.433333333333333,4,3,0,Lampe LED Connectée,49.99,2025-01-01,86,False,False,False,False,False,False,True,False,False,False,False,True,False,False
7,2025-03-29,6,3.5714285714285716,3.533333333333333,5,3,1,Lampe LED Connectée,49.99,2025-01-01,87,False,False,False,False,False,False,True,False,False,False,False,True,False,False
7,2025-03-30,2,3.2857142857142856,3.466666666666667,6,3,1,Lampe LED Connectée,49.99,2025-01-01,88,False,False,False,False,False,False,True,False,False,False,False,True,False,False
7,2025-03-31,6,3.7142857142857144,3.6333333333333333,0,3,0,Lampe LED Connectée,49.99,2025-01-01,89,False,False,False,False,False,False,True,False,False,False,False,True,False,False
7,2025-04-02,4,4.142857142857143,3.566666666666667,2,4,0,Lampe LED Connectée,49.99,2025-01-01,91,False,False,False,False,False,False,True,False,False,False,False,True,False,False
7,2025-04-04,4,4.285714285714286,3.6666666666666665,4,4,0,Lampe LED Connectée,49.99,2025-01-01,93,False,False,False,False,False,False,True,False,False,False,False,True,False,False
7,2025-04-05,2,3.857142857142857,3.6666666666666665,5,4,1,Lampe LED Connectée,49.99,2025-01-01,94,False,False,False,False,False,False,True,False,False,False,False,True,False,False
7,2025-04-06,1,3.5714285714285716,3.6666666666666665,6,4,1,Lampe LED Connectée,49.99,2025-01-01,95,False,False,False,False,False,False,True,False,False,False,False,True,False,False
7,2025-04-07,2,3.0,3.566666666666667,0,4,0,Lampe LED Connectée,49.99,2025-01-01,96,False,False,False,False,False,False,True,False,False,False,False,True,False,False
7,2025-04-08,1,2.857142857142857,3.566666666666667,1,4,0,Lampe LED Connectée,49.99,2025-01-01,97,False,False,False,False,False,False,True,False,False,False,False,True,False,False
7,2025-04-10,1,2.142857142857143,3.566666666666667,3,4,0,Lampe LED Connectée,49.99,2025-01-01,99,False,False,False,False,False,False,True,False,False,False,False,True,False,False
7,2025-04-11,1,1.7142857142857142,3.533333333333333,4,4,0,Lampe LED Connectée,49.99,2025-01-01,100,False,False,False,False,False,False,True,False,False,False,False,True,False,False
7,2025-04-12,3,1.5714285714285714,3.433333333333333,5,4,1,Lampe LED Connectée,49.99,2025-01-01,101,False,False,False,False,False,False,True,False,False,False,False,True,False,False
7,2025-04-13,1,1.4285714285714286,3.3666666666666667,6,4,1,Lampe LED Connectée,49.99,2025-01-01,102,False,False,False,False,False,False,True,False,False,False,False,True,False,False
7,2025-04-15,2,1.5714285714285714,3.3333333333333335,1,4,0,Lampe LED Connectée,49.99,2025-01-01,104,False,False,False,False,False,False,True,False,False,False,False,True,False,False
7,2025-04-16,1,1.4285714285714286,3.2666666666666666,2,4,0,Lampe LED Connectée,49.99,2025-01-01,105,False,False,False,False,False,False,True,False,False,False,False,True,False,False
7,2025-04-17,6,2.142857142857143,3.3666666666666667,3,4,0,Lampe LED Connectée,49.99,2025-01-01,106,False,False,False,False,False,False,True,False,False,False,False,True,False,False
7,2025-04-18,5,2.7142857142857144,3.1,4,4,0,Lampe LED Connectée,49.99,2025-01-01,107,False,False,False,False,False,False,True,False,False,False,False,True,False,False
7,2025-04-19,3,3.0,3.066666666666667,5,4,1,Lampe LED Connectée,49.99,2025-01-01,108,False,False,False,False,False,False,True,False,False,False,False,True,False,False
7,2025-04-20,6,3.4285714285714284,3.2,6,4,1,Lampe LED Connectée,49.99,2025-01-01,109,False,False,False,False,False,False,True,False,False,False,False,True,False,False
7,2025-04-22,1,3.4285714285714284,3.2,1,4,0,Lampe LED Connectée,49.99,2025-01-01,111,False,False,False,False,False,False,True,False,False,False,False,True,False,False
7,2025-04-23,2,3.4285714285714284,3.2,2,4,0,Lampe LED Connectée,49.99,2025-01-01,112,False,False,False,False,False,False,True,False,False,False,False,True,False,False
7,2025-04-24,2,3.5714285714285716,3.066666666666667,3,4,0,Lampe LED Connectée,49.99,2025-01-01,113,False,False,False,False,False,False,True,False,False,False,False,True,False,False
7,2025-04-25,3,3.142857142857143,2.966666666666667,4,4,0,Lampe LED Connectée,49.99,2025-01-01,114,False,False,False,False,False,False,True,False,False,False,False,True,False,False
7,2025-04-26,8,3.5714285714285716,3.066666666666667,5,4,1,Lampe LED Connectée,49.99,2025-01-01,115,False,False,False,False,False,False,True,False,False,False,False,True,False,False
7,2025-04-29,1,3.2857142857142856,2.966666666666667,1,4,0,Lampe LED Connectée,49.99,2025-01-01,118,False,False,False,False,False,False,True,False,False,False,False,True,False,False
7,2025-04-30,7,3.4285714285714284,3.1,2,4,0,Lampe LED Connectée,49.99,2025-01-01,119,False,False,False,False,False,False,True,False,False,False,False,True,False,False
7,2025-05-01,5,4.0,3.2333333333333334,3,5,0,Lampe LED Connectée,49.99,2025-01-01,120,False,False,False,False,False,False,True,False,False,False,False,True,False,False
7,2025-05-03,5,4.428571428571429,3.3,5,5,1,Lampe LED Connectée,49.99,2025-01-01,122,False,False,False,False,False,False,True,False,False,False,False,True,False,False
7,2025-05-05,5,4.857142857142857,3.3,0,5,0,Lampe LED Connectée,49.99,2025-01-01,124,False,False,False,False,False,False,True,False,False,False,False,True,False,False
7,2025-05-07,1,4.571428571428571,3.2333333333333334,2,5,0,Lampe LED Connectée,49.99,2025-01-01,126,False,False,False,False,False,False,True,False,False,False,False,True,False,False
7,2025-05-08,5,4.142857142857143,3.2,3,5,0,Lampe LED Connectée,49.99,2025-01-01,127,False,False,False,False,False,False,True,False,False,False,False,True,False,False
7,2025-05-09,3,4.428571428571429,3.2333333333333334,4,5,0,Lampe LED Connectée,49.99,2025-01-01,128,False,False,False,False,False,False,True,False,False,False,False,True,False,False
7,2025-05-12,2,3.7142857142857144,3.1,0,5,0,Lampe LED Connectée,49.99,2025-01-01,131,False,False,False,False,False,False,True,False,False,False,False,True,False,False
7,2025-05-14,5,3.7142857142857144,3.1333333333333333,2,5,0,Lampe LED Connectée,49.99,2025-01-01,133,False,False,False,False,False,False,True,False,False,False,False,True,False,False
7,2025-05-17,1,3.142857142857143,3.033333333333333,5,5,1,Lampe LED Connectée,49.99,2025-01-01,136,False,False,False,False,False,False,True,False,False,False,False,True,False,False
7,2025-05-18,5,3.142857142857143,3.1333333333333333,6,5,1,Lampe LED Connectée,49.99,2025-01-01,137,False,False,False,False,False,False,True,False,False,False,False,True,False,False
7,2025-05-19,8,4.142857142857143,3.3666666666666667,0,5,0,Lampe LED Connectée,49.99,2025-01-01,138,False,False,False,False,False,False,True,False,False,False,False,True,False,False
7,2025-05-20,1,3.5714285714285716,3.3333333333333335,1,5,0,Lampe LED Connectée,49.99,2025-01-01,139,False,False,False,False,False,False,True,False,False,False,False,True,False,False
7,2025-05-21,1,3.2857142857142856,3.3333333333333335,2,5,0,Lampe LED Connectée,49.99,2025-01-01,140,False,False,False,False,False,False,True,False,False,False,False,True,False,False
7,2025-05-23,4,3.5714285714285716,3.433333333333333,4,5,0,Lampe LED Connectée,49.99,2025-01-01,142,False,False,False,False,False,False,True,False,False,False,False,True,False,False
7,2025-05-24,4,3.4285714285714284,3.533333333333333,5,5,1,Lampe LED Connectée,49.99,2025-01-01,143,False,False,False,False,False,False,True,False,False,False,False,True,False,False
7,2025-05-26,1,3.4285714285714284,3.466666666666667,0,5,0,Lampe LED Connectée,49.99,2025-01-01,145,False,False,False,False,False,False,True,False,False,False,False,True,False,False
7,2025-05-27,6,3.5714285714285716,3.6333333333333333,1,5,0,Lampe LED Connectée,49.99,2025-01-01,146,False,False,False,False,False,False,True,False,False,False,False,True,False,False
7,2025-05-28,11,4.0,3.933333333333333,2,5,0,Lampe LED Connectée,49.99,2025-01-01,147,False,False,False,False,False,False,True,False,False,False,False,True,False,False
7,2025-05-30,1,4.0,3.933333333333333,4,5,0,Lampe LED Connectée,49.99,2025-01-01,149,False,False,False,False,False,False,True,False,False,False,False,True,False,False
7,2025-06-01,3,4.285714285714286,3.8333333333333335,6,6,1,Lampe LED Connectée,49.99,2025-01-01,151,False,False,False,False,False,False,True,False,False,False,False,True,False,False
7,2025-06-02,1,3.857142857142857,3.7,0,6,0,Lampe LED Connectée,49.99,2025-01-01,152,False,False,False,False,False,False,True,False,False,False,False,True,False,False
7,2025-06-05,2,3.5714285714285716,3.6666666666666665,3,6,0,Lampe LED Connectée,49.99,2025-01-01,155,False,False,False,False,False,False,True,False,False,False,False,True,False,False
7,2025-06-06,1,3.5714285714285716,3.5,4,6,0,Lampe LED Connectée,49.99,2025-01-01,156,False,False,False,False,False,False,True,False,False,False,False,True,False,False
7,2025-06-07,3,3.142857142857143,3.566666666666667,5,6,1,Lampe LED Connectée,49.99,2025-01-01,157,False,False,False,False,False,False,True,False,False,False,False,True,False,False
7,2025-06-08,1,1.7142857142857142,3.533333333333333,6,6,1,Lampe LED Connectée,49.99,2025-01-01,158,False,False,False,False,False,False,True,False,False,False,False,True,False,False
7,2025-06-09,1,1.7142857142857142,3.5,0,6,0,Lampe LED Connectée,49.99,2025-01-01,159,False,False,False,False,False,False,True,False,False,False,False,True,False,False
7,2025-06-10,1,1.4285714285714286,3.433333333333333,1,6,0,Lampe LED Connectée,49.99,2025-01-01,160,False,False,False,False,False,False,True,False,False,False,False,True,False,False
7,2025-06-13,2,1.5714285714285714,3.2333333333333334,4,6,0,Lampe LED Connectée,49.99,2025-01-01,163,False,False,False,False,False,False,True,False,False,False,False,True,False,False
7,2025-06-14,3,1.7142857142857142,3.3,5,6,1,Lampe LED Connectée,49.99,2025-01-01,164,False,False,False,False,False,False,True,False,False,False,False,True,False,False
7,2025-06-15,3,2.0,3.1666666666666665,6,6,1,Lampe LED Connectée,49.99,2025-01-01,165,False,False,False,False,False,False,True,False,False,False,False,True,False,False
7,2025-06-16,3,2.0,3.1,0,6,0,Lampe LED Connectée,49.99,2025-01-01,166,False,False,False,False,False,False,True,False,False,False,False,True,False,False
7,2025-06-18,6,2.7142857142857144,3.1333333333333333,2,6,0,Lampe LED Connectée,49.99,2025-01-01,168,False,False,False,False,False,False,True,False,False,False,False,True,False,False
7,2025-06-19,1,2.7142857142857144,3.0,3,6,0,Lampe LED Connectée,49.99,2025-01-01,169,False,False,False,False,False,False,True,False,False,False,False,True,False,False
7,2025-06-20,1,2.7142857142857144,3.0,4,6,0,Lampe LED Connectée,49.99,2025-01-01,170,False,False,False,False,False,False,True,False,False,False,False,True,False,False
7,2025-06-21,3,2.857142857142857,2.933333333333333,5,6,1,Lampe LED Connectée,49.99,2025-01-01,171,False,False,False,False,False,False,True,False,False,False,False,True,False,False
7,2025-06-22,4,3.0,2.966666666666667,6,6,1,Lampe LED Connectée,49.99,2025-01-01,172,False,False,False,False,False,False,True,False,False,False,False,True,False,False
7,2025-06-23,1,2.7142857142857144,2.933333333333333,0,6,0,Lampe LED Connectée,49.99,2025-01-01,173,False,False,False,False,False,False,True,False,False,False,False,True,False,False
7,2025-06-25,1,2.4285714285714284,2.8,2,6,0,Lampe LED Connectée,49.99,2025-01-01,175,False,False,False,False,False,False,True,False,False,False,False,True,False,False
7,2025-06-26,1,1.7142857142857142,2.8,3,6,0,Lampe LED Connectée,49.99,2025-01-01,176,False,False,False,False,False,False,True,False,False,False,False,True,False,False
7,2025-06-28,4,2.142857142857143,2.7666666666666666,5,6,1,Lampe LED Connectée,49.99,2025-01-01,178,False,False,False,False,False,False,True,False,False,False,False,True,False,False
7,2025-06-29,3,2.4285714285714284,2.6,6,6,1,Lampe LED Connectée,49.99,2025-01-01,179,False,False,False,False,False,False,True,False,False,False,False,True,False,False
7,2025-06-30,2,2.2857142857142856,2.6333333333333333,0,6,0,Lampe LED Connectée,49.99,2025-01-01,180,False,False,False,False,False,False,True,False,False,False,False,True,False,False
8,2025-01-02,3,3.0,3.0,3,1,0,Casque Audio Sans Fil,129.99,2025-01-02,0,False,False,False,False,True,False,False,False,False,False,False,False,False,True
8,2025-01-03,6,4.5,4.5,4,1,0,Casque Audio Sans Fil,129.99,2025-01-02,1,False,False,False,False,True,False,False,False,False,False,False,False,False,True
8,2025-01-04,7,5.333333333333333,5.333333333333333,5,1,1,Casque Audio Sans Fil,129.99,2025-01-02,2,False,False,False,False,True,False,False,False,False,False,False,False,False,True
8,2025-01-05,3,4.75,4.75,6,1,1,Casque Audio Sans Fil,129.99,2025-01-02,3,False,False,False,False,True,False,False,False,False,False,False,False,False,True
8,2025-01-06,3,4.4,4.4,0,1,0,Casque Audio Sans Fil,129.99,2025-01-02,4,False,False,False,False,True,False,False,False,False,False,False,False,False,True
8,2025-01-07,3,4.166666666666667,4.166666666666667,1,1,0,Casque Audio Sans Fil,129.99,2025-01-02,5,False,False,False,False,True,False,False,False,False,False,False,False,False,True
8,2025-01-08,2,3.857142857142857,3.857142857142857,2,1,0,Casque Audio Sans Fil,129.99,2025-01-02,6,False,False,False,False,True,False,False,False,False,False,False,False,False,True
8,2025-01-09,3,3.857142857142857,3.75,3,1,0,Casque Audio Sans Fil,129.99,2025-01-02,7,False,False,False,False,True,False,False,False,False,False,False,False,False,True
8,2025-01-11,5,3.7142857142857144,3.888888888888889,5,1,1,Casque Audio Sans Fil,129.99,2025-01-02,9,False,False,False,False,True,False,False,False,False,False,False,False,False,True
8,2025-01-12,9,4.0,4.4,6,1,1,Casque Audio Sans Fil,129.99,2025-01-02,10,False,False,False,False,True,False,False,False,False,False,False,False,False,True
8,2025-01-13,1,3.7142857142857144,4.090909090909091,0,1,0,Casque Audio Sans Fil,129.99,2025-01-02,11,False,False,False,False,True,False,False,False,False,False,False,False,False,True
8,2025-01-14,7,4.285714285714286,4.333333333333333,1,1,0,Casque Audio Sans Fil,129.99,2025-01-02,12,False,False,False,False,True,False,False,False,False,False,False,False,False,True
8,2025-01-15,2,4.142857142857143,4.153846153846154,2,1,0,Casque Audio Sans Fil,129.99,2025-01-02,13,False,False,False,False,True,False,False,False,False,False,False,False,False,True
8,2025-01-16,2,4.142857142857143,4.0,3,1,0,Casque Audio Sans Fil,129.99,2025-01-02,14,False,False,False,False,True,False,False,False,False,False,False,False,False,True
8,2025-01-17,1,3.857142857142857,3.8,4,1,0,Casque Audio Sans Fil,129.99,2025-01-02,15,False,False,False,False,True,False,False,False,False,False,False,False,False,True
8,2025-01-18,6,4.0,3.9375,5,1,1,Casque Audio Sans Fil,129.99,2025-01-02,16,False,False,False,False,True,False,False,False,False,False,False,False,False,True
8,2025-01-20,2,3.0,3.823529411764706,0,1,0,Casque Audio Sans Fil,129.99,2025-01-02,18,False,False,False,False,True,False,False,False,False,False,False,False,False,True
8,2025-01-23,7,3.857142857142857,4.0,3,1,0,Casque Audio Sans Fil,129.99,2025-01-02,21,False,False,False,False,True,False,False,False,False,False,False,False,False,True
8,2025-01-24,4,3.4285714285714284,4.0,4,1,0,Casque Audio Sans Fil,129.99,2025-01-02,22,False,False,False,False,True,False,False,False,False,False,False,False,False,True
8,2025-01-25,3,3.5714285714285716,3.95,5,1,1,Casque Audio Sans Fil,129.99,2025-01-02,23,False,False,False,False,True,False,False,False,False,False,False,False,False,True
8,2025-01-26,1,3.4285714285714284,3.8095238095238093,6,1,1,Casque Audio Sans Fil,129.99,2025-01-02,24,False,False,False,False,True,False,False,False,False,False,False,False,False,True
8,2025-01-27,3,3.7142857142857144,3.772727272727273,0,1,0,Casque Audio Sans Fil,129.99,2025-01-02,25,False,False,False,False,True,False,False,False,False,False,False,False,False,True
8,2025-01-28,3,3.2857142857142856,3.739130434782609,1,1,0,Casque Audio Sans Fil,129.99,2025-01-02,26,False,False,False,False,True,False,False,False,False,False,False,False,False,True
8,2025-01-29,5,3.7142857142857144,3.7916666666666665,2,1,0,Casque Audio Sans Fil,129.99,2025-01-02,27,False,False,False,False,True,False,False,False,False,False,False,False,False,True
8,2025-01-30,2,3.0,3.72,3,1,0,Casque Audio Sans Fil,129.99,2025-01-02,28,False,False,False,False,True,False,False,False,False,False,False,False,False,True
8,2025-01-31,2,2.7142857142857144,3.6538461538461537,4,1,0,Casque Audio Sans Fil,129.99,2025-01-02,29,False,False,False,False,True,False,False,False,False,False,False,False,False,True
8,2025-02-01,3,2.7142857142857144,3.6296296296296298,5,2,1,Casque Audio Sans Fil,129.99,2025-01-02,30,False,False,False,False,True,False,False,False,False,False,False,False,False,True
8,2025-02-02,3,3.0,3.607142857142857,6,2,1,Casque Audio Sans Fil,129.99,2025-01-02,31,False,False,False,False,True,False,False,False,False,False,False,False,False,True
8,2025-02-03,3,3.0,3.586206896551724,0,2,0,Casque Audio Sans Fil,129.99,2025-01-02,32,False,False,False,False,True,False,False,False,False,False,False,False,False,True
8,2025-02-04,1,2.7142857142857144,3.5,1,2,0,Casque Audio Sans Fil,129.99,2025-01-02,33,False,False,False,False,True,False,False,False,False,False,False,False,False,True
8,2025-02-05,3,2.4285714285714284,3.5,2,2,0,Casque Audio Sans Fil,129.99,2025-01-02,34,False,False,False,False,True,False,False,False,False,False,False,False,False,True
8,2025-02-07,2,2.4285714285714284,3.3666666666666667,4,2,0,Casque Audio Sans Fil,129.99,2025-01-02,36,False,False,False,False,True,False,False,False,False,False,False,False,False,True
8,2025-02-08,1,2.2857142857142856,3.1666666666666665,5,2,1,Casque Audio Sans Fil,129.99,2025-01-02,37,False,False,False,False,True,False,False,False,False,False,False,False,False,True
8,2025-02-09,2,2.142857142857143,3.1333333333333333,6,2,1,Casque Audio Sans Fil,129.99,2025-01-02,38,False,False,False,False,True,False,False,False,False,False,False,False,False,True
8,2025-02-11,4,2.2857142857142856,3.1666666666666665,1,2,0,Casque Audio Sans Fil,129.99,2025-01-02,40,False,False,False,False,True,False,False,False,False,False,False,False,False,True
8,2025-02-12,4,2.4285714285714284,3.2,2,2,0,Casque Audio Sans Fil,129.99,2025-01-02,41,False,False,False,False,True,False,False,False,False,False,False,False,False,True
8,2025-02-13,2,2.5714285714285716,3.2,3,2,0,Casque Audio Sans Fil,129.99,2025-01-02,42,False,False,False,False,True,False,False,False,False,False,False,False,False,True
8,2025-02-14,2,2.4285714285714284,3.1666666666666665,4,2,0,Casque Audio Sans Fil,129.99,2025-01-02,43,False,False,False,False,True,False,False,False,False,False,False,False,False,True
8,2025-02-15,3,2.5714285714285716,3.1,5,2,1,Casque Audio Sans Fil,129.99,2025-01-02,44,False,False,False,False,True,False,False,False,False,False,False,False,False,True
8,2025-02-18,1,2.5714285714285716,2.8333333333333335,1,2,0,Casque Audio Sans Fil,129.99,2025-01-02,47,False,False,False,False,True,False,False,False,False,False,False,False,False,True
8,2025-02-19,3,2.7142857142857144,2.9,2,2,0,Casque Audio Sans Fil,129.99,2025-01-02,48,False,False,False,False,True,False,False,False,False,False,False,False,False,True
8,2025-02-20,2,2.4285714285714284,2.7333333333333334,3,2,0,Casque Audio Sans Fil,129.99,2025-01-02,49,False,False,False,False,True,False,False,False,False,False,False,False,False,True
8,2025-02-21,3,2.2857142857142856,2.7666666666666666,4,2,0,Casque Audio Sans Fil,129.99,2025-01-02,50,False,False,False,False,True,False,False,False,False,False,False,False,False,True
8,2025-02-22,3,2.4285714285714284,2.8,5,2,1,Casque Audio Sans Fil,129.99,2025-01-02,51,False,False,False,False,True,False,False,False,False,False,False,False,False,True
8,2025-02-23,1,2.2857142857142856,2.8,6,2,1,Casque Audio Sans Fil,129.99,2025-01-02,52,False,False,False,False,True,False,False,False,False,False,False,False,False,True
8,2025-02-24,2,2.142857142857143,2.6666666666666665,0,2,0,Casque Audio Sans Fil,129.99,2025-01-02,53,False,False,False,False,True,False,False,False,False,False,False,False,False,True
8,2025-02-25,4,2.5714285714285716,2.7333333333333334,1,2,0,Casque Audio Sans Fil,129.99,2025-01-02,54,False,False,False,False,True,False,False,False,False,False,False,False,False,True
8,2025-02-26,2,2.4285714285714284,2.566666666666667,2,2,0,Casque Audio Sans Fil,129.99,2025-01-02,55,False,False,False,False,True,False,False,False,False,False,False,False,False,True
8,2025-02-27,1,2.2857142857142856,2.466666666666667,3,2,0,Casque Audio Sans Fil,129.99,2025-01-02,56,False,False,False,False,True,False,False,False,False,False,False,False,False,True
8,2025-02-28,4,2.4285714285714284,2.5,4,2,0,Casque Audio Sans Fil,129.99,2025-01-02,57,False,False,False,False,True,False,False,False,False,False,False,False,False,True
8,2025-03-01,3,2.4285714285714284,2.566666666666667,5,3,1,Casque Audio Sans Fil,129.99,2025-01-02,58,False,False,False,False,True,False,False,False,False,False,False,False,False,True
8,2025-03-02,1,2.4285714285714284,2.5,6,3,1,Casque Audio Sans Fil,129.99,2025-01-02,59,False,False,False,False,True,False,False,False,False,False,False,False,False,True
8,2025-03-04,1,2.2857142857142856,2.433333333333333,1,3,0,Casque Audio Sans Fil,129.99,2025-01-02,61,False,False,False,False,True,False,False,False,False,False,False,False,False,True
8,2025-03-05,2,2.0,2.3333333333333335,2,3,0,Casque Audio Sans Fil,129.99,2025-01-02,62,False,False,False,False,True,False,False,False,False,False,False,False,False,True
8,2025-03-06,3,2.142857142857143,2.3666666666666667,3,3,0,Casque Audio Sans Fil,129.99,2025-01-02,63,False,False,False,False,True,False,False,False,False,False,False,False,False,True
8,2025-03-07,1,2.142857142857143,2.3333333333333335,4,3,0,Casque Audio Sans Fil,129.99,2025-01-02,64,False,False,False,False,True,False,False,False,False,False,False,False,False,True
8,2025-03-08,3,2.0,2.3333333333333335,5,3,1,Casque Audio Sans Fil,129.99,2025-01-02,65,False,False,False,False,True,False,False,False,False,False,False,False,False,True
8,2025-03-09,5,2.2857142857142856,2.4,6,3,1,Casque Audio Sans Fil,129.99,2025-01-02,66,False,False,False,False,True,False,False,False,False,False,False,False,False,True
8,2025-03-11,3,2.5714285714285716,2.4,1,3,0,Casque Audio Sans Fil,129.99,2025-01-02,68,False,False,False,False,True,False,False,False,False,False,False,False,False,True
8,2025-03-12,1,2.5714285714285716,2.4,2,3,0,Casque Audio Sans Fil,129.99,2025-01-02,69,False,False,False,False,True,False,False,False,False,False,False,False,False,True
8,2025-03-13,3,2.7142857142857144,2.4,3,3,0,Casque Audio Sans Fil,129.99,2025-01-02,70,False,False,False,False,True,False,False,False,False,False,False,False,False,True
8,2025-03-14,1,2.4285714285714284,2.3666666666666667,4,3,0,Casque Audio Sans Fil,129.99,2025-01-02,71,False,False,False,False,True,False,False,False,False,False,False,False,False,True
8,2025-03-15,2,2.5714285714285716,2.4,5,3,1,Casque Audio Sans Fil,129.99,2025-01-02,72,False,False,False,False,True,False,False,False,False,False,False,False,False,True
8,2025-03-16,2,2.4285714285714284,2.4,6,3,1,Casque Audio Sans Fil,129.99,2025-01-02,73,False,False,False,False,True,False,False,False,False,False,False,False,False,True
8,2025-03-19,5,2.4285714285714284,2.433333333333333,2,3,0,Casque Audio Sans Fil,129.99,2025-01-02,76,False,False,False,False,True,False,False,False,False,False,False,False,False,True
8,2025-03-20,1,2.142857142857143,2.3333333333333335,3,3,0,Casque Audio Sans Fil,129.99,2025-01-02,77,False,False,False,False,True,False,False,False,False,False,False,False,False,True
8,2025-03-21,6,2.857142857142857,2.466666666666667,4,3,0,Casque Audio Sans Fil,129.99,2025-01-02,78,False,False,False,False,True,False,False,False,False,False,False,False,False,True
8,2025-03-23,5,3.142857142857143,2.566666666666667,6,3,1,Casque Audio Sans Fil,129.99,2025-01-02,80,False,False,False,False,True,False,False,False,False,False,False,False,False,True
8,2025-03-24,3,3.4285714285714284,2.566666666666667,0,3,0,Casque Audio Sans Fil,129.99,2025-01-02,81,False,False,False,False,True,False,False,False,False,False,False,False,False,True
8,2025-03-25,2,3.4285714285714284,2.6,1,3,0,Casque Audio Sans Fil,129.99,2025-01-02,82,False,False,False,False,True,False,False,False,False,False,False,False,False,True
8,2025-03-26,3,3.5714285714285716,2.6,2,3,0,Casque Audio Sans Fil,129.99,2025-01-02,83,False,False,False,False,True,False,False,False,False,False,False,False,False,True
8,2025-03-27,1,3.0,2.566666666666667,3,3,0,Casque Audio Sans Fil,129.99,2025-01-02,84,False,False,False,False,True,False,False,False,False,False,False,False,False,True
8,2025-03-28,6,3.7142857142857144,2.6666666666666665,4,3,0,Casque Audio Sans Fil,129.99,2025-01-02,85,False,False,False,False,True,False,False,False,False,False,False,False,False,True
8,2025-03-30,1,3.0,2.6,6,3,1,Casque Audio Sans Fil,129.99,2025-01-02,87,False,False,False,False,True,False,False,False,False,False,False,False,False,True
8,2025-04-01,1,2.4285714285714284,2.6,1,4,0,Casque Audio Sans Fil,129.99,2025-01-02,89,False,False,False,False,True,False,False,False,False,False,False,False,False,True
8,2025-04-02,4,2.5714285714285716,2.6666666666666665,2,4,0,Casque Audio Sans Fil,129.99,2025-01-02,90,False,False,False,False,True,False,False,False,False,False,False,False,False,True
8,2025-04-03,3,2.7142857142857144,2.6333333333333333,3,4,0,Casque Audio Sans Fil,129.99,2025-01-02,91,False,False,False,False,True,False,False,False,False,False,False,False,False,True
8,2025-04-04,1,2.4285714285714284,2.6,4,4,0,Casque Audio Sans Fil,129.99,2025-01-02,92,False,False,False,False,True,False,False,False,False,False,False,False,False,True
8,2025-04-05,5,3.0,2.7333333333333334,5,4,1,Casque Audio Sans Fil,129.99,2025-01-02,93,False,False,False,False,True,False,False,False,False,False,False,False,False,True
8,2025-04-06,5,2.857142857142857,2.7666666666666666,6,4,1,Casque Audio Sans Fil,129.99,2025-01-02,94,False,False,False,False,True,False,False,False,False,False,False,False,False,True
8,2025-04-08,1,2.857142857142857,2.7,1,4,0,Casque Audio Sans Fil,129.99,2025-01-02,96,False,False,False,False,True,False,False,False,False,False,False,False,False,True
8,2025-04-09,2,3.0,2.7333333333333334,2,4,0,Casque Audio Sans Fil,129.99,2025-01-02,97,False,False,False,False,True,False,False,False,False,False,False,False,False,True
8,2025-04-10,3,2.857142857142857,2.8,3,4,0,Casque Audio Sans Fil,129.99,2025-01-02,98,False,False,False,False,True,False,False,False,False,False,False,False,False,True
8,2025-04-11,1,2.5714285714285716,2.7666666666666666,4,4,0,Casque Audio Sans Fil,129.99,2025-01-02,99,False,False,False,False,True,False,False,False,False,False,False,False,False,True
8,2025-04-12,3,2.857142857142857,2.7666666666666666,5,4,1,Casque Audio Sans Fil,129.99,2025-01-02,100,False,False,False,False,True,False,False,False,False,False,False,False,False,True
8,2025-04-13,6,3.0,2.933333333333333,6,4,1,Casque Audio Sans Fil,129.99,2025-01-02,101,False,False,False,False,True,False,False,False,False,False,False,False,False,True
8,2025-04-14,1,2.4285714285714284,2.8666666666666667,0,4,0,Casque Audio Sans Fil,129.99,2025-01-02,102,False,False,False,False,True,False,False,False,False,False,False,False,False,True
8,2025-04-15,1,2.4285714285714284,2.7333333333333334,1,4,0,Casque Audio Sans Fil,129.99,2025-01-02,103,False,False,False,False,True,False,False,False,False,False,False,False,False,True
8,2025-04-16,4,2.7142857142857144,2.7666666666666666,2,4,0,Casque Audio Sans Fil,129.99,2025-01-02,104,False,False,False,False,True,False,False,False,False,False,False,False,False,True
8,2025-04-18,4,2.857142857142857,2.8666666666666667,4,4,0,Casque Audio Sans Fil,129.99,2025-01-02,106,False,False,False,False,True,False,False,False,False,False,False,False,False,True
8,2025-04-19,2,3.0,2.8333333333333335,5,4,1,Casque Audio Sans Fil,129.99,2025-01-02,107,False,False,False,False,True,False,False,False,False,False,False,False,False,True
8,2025-04-23,1,2.7142857142857144,2.8333333333333335,2,4,0,Casque Audio Sans Fil,129.99,2025-01-02,111,False,False,False,False,True,False,False,False,False,False,False,False,False,True
8,2025-04-24,3,2.2857142857142856,2.8666666666666667,3,4,0,Casque Audio Sans Fil,129.99,2025-01-02,112,False,False,False,False,True,False,False,False,False,False,False,False,False,True
8,2025-04-27,3,2.5714285714285716,2.9,6,4,1,Casque Audio Sans Fil,129.99,2025-01-02,115,False,False,False,False,True,False,False,False,False,False,False,False,False,True
8,2025-04-28,3,2.857142857142857,2.8333333333333335,0,4,0,Casque Audio Sans Fil,129.99,2025-01-02,116,False,False,False,False,True,False,False,False,False,False,False,False,False,True
8,2025-04-29,2,2.5714285714285716,2.8666666666666667,1,4,0,Casque Audio Sans Fil,129.99,2025-01-02,117,False,False,False,False,True,False,False,False,False,False,False,False,False,True
8,2025-04-30,3,2.4285714285714284,2.7666666666666666,2,4,0,Casque Audio Sans Fil,129.99,2025-01-02,118,False,False,False,False,True,False,False,False,False,False,False,False,False,True
8,2025-05-02,3,2.5714285714285716,2.7,4,5,0,Casque Audio Sans Fil,129.99,2025-01-02,120,False,False,False,False,True,False,False,False,False,False,False,False,False,True
8,2025-05-05,1,2.5714285714285716,2.6333333333333333,0,5,0,Casque Audio Sans Fil,129.99,2025-01-02,123,False,False,False,False,True,False,False,False,False,False,False,False,False,True
8,2025-05-06,3,2.5714285714285716,2.6666666666666665,1,5,0,Casque Audio Sans Fil,129.99,2025-01-02,124,False,False,False,False,True,False,False,False,False,False,False,False,False,True
8,2025-05-07,1,2.2857142857142856,2.6,2,5,0,Casque Audio Sans Fil,129.99,2025-01-02,125,False,False,False,False,True,False,False,False,False,False,False,False,False,True
8,2025-05-08,1,2.0,2.6,3,5,0,Casque Audio Sans Fil,129.99,2025-01-02,126,False,False,False,False,True,False,False,False,False,False,False,False,False,True
8,2025-05-09,3,2.142857142857143,2.5,4,5,0,Casque Audio Sans Fil,129.99,2025-01-02,127,False,False,False,False,True,False,False,False,False,False,False,False,False,True
8,2025-05-11,3,2.142857142857143,2.566666666666667,6,5,1,Casque Audio Sans Fil,129.99,2025-01-02,129,False,False,False,False,True,False,False,False,False,False,False,False,False,True
8,2025-05-13,3,2.142857142857143,2.6333333333333333,1,5,0,Casque Audio Sans Fil,129.99,2025-01-02,131,False,False,False,False,True,False,False,False,False,False,False,False,False,True
8,2025-05-14,2,2.2857142857142856,2.566666666666667,2,5,0,Casque Audio Sans Fil,129.99,2025-01-02,132,False,False,False,False,True,False,False,False,False,False,False,False,False,True
8,2025-05-17,2,2.142857142857143,2.533333333333333,5,5,1,Casque Audio Sans Fil,129.99,2025-01-02,135,False,False,False,False,True,False,False,False,False,False,False,False,False,True
8,2025-05-18,1,2.142857142857143,2.533333333333333,6,5,1,Casque Audio Sans Fil,129.99,2025-01-02,136,False,False,False,False,True,False,False,False,False,False,False,False,False,True
8,2025-05-19,2,2.2857142857142856,2.433333333333333,0,5,0,Casque Audio Sans Fil,129.99,2025-01-02,137,False,False,False,False,True,False,False,False,False,False,False,False,False,True
8,2025-05-20,2,2.142857142857143,2.3333333333333335,1,5,0,Casque Audio Sans Fil,129.99,2025-01-02,138,False,False,False,False,True,False,False,False,False,False,False,False,False,True
8,2025-05-21,3,2.142857142857143,2.4,2,5,0,Casque Audio Sans Fil,129.99,2025-01-02,139,False,False,False,False,True,False,False,False,False,False,False,False,False,True
8,2025-05-22,2,2.0,2.4,3,5,0,Casque Audio Sans Fil,129.99,2025-01-02,140,False,False,False,False,True,False,False,False,False,False,False,False,False,True
8,2025-05-24,2,2.0,2.3666666666666667,5,5,1,Casque Audio Sans Fil,129.99,2025-01-02,142,False,False,False,False,True,False,False,False,False,False,False,False,False,True
8,2025-05-26,2,2.0,2.4,0,5,0,Casque Audio Sans Fil,129.99,2025-01-02,144,False,False,False,False,True,False,False,False,False,False,False,False,False,True
8,2025-05-28,2,2.142857142857143,2.3666666666666667,2,5,0,Casque Audio Sans Fil,129.99,2025-01-02,146,False,False,False,False,True,False,False,False,False,False,False,False,False,True
8,2025-05-30,4,2.4285714285714284,2.3,4,5,0,Casque Audio Sans Fil,129.99,2025-01-02,148,False,False,False,False,True,False,False,False,False,False,False,False,False,True
8,2025-05-31,1,2.2857142857142856,2.3,5,5,1,Casque Audio Sans Fil,129.99,2025-01-02,149,False,False,False,False,True,False,False,False,False,False,False,False,False,True
8,2025-06-01,1,2.0,2.3,6,6,1,Casque Audio Sans Fil,129.99,2025-01-02,150,False,False,False,False,True,False,False,False,False,False,False,False,False,True
8,2025-06-03,2,2.0,2.2333333333333334,1,6,0,Casque Audio Sans Fil,129.99,2025-01-02,152,False,False,False,False,True,False,False,False,False,False,False,False,False,True
8,2025-06-05,1,1.8571428571428572,2.1333333333333333,3,6,0,Casque Audio Sans Fil,129.99,2025-01-02,154,False,False,False,False,True,False,False,False,False,False,False,False,False,True
8,2025-06-06,3,2.0,2.1666666666666665,4,6,0,Casque Audio Sans Fil,129.99,2025-01-02,155,False,False,False,False,True,False,False,False,False,False,False,False,False,True
8,2025-06-07,3,2.142857142857143,2.2333333333333334,5,6,1,Casque Audio Sans Fil,129.99,2025-01-02,156,False,False,False,False,True,False,False,False,False,False,False,False,False,True
8,2025-06-08,1,1.7142857142857142,2.1666666666666665,6,6,1,Casque Audio Sans Fil,129.99,2025-01-02,157,False,False,False,False,True,False,False,False,False,False,False,False,False,True
8,2025-06-11,1,1.7142857142857142,2.1,2,6,0,Casque Audio Sans Fil,129.99,2025-01-02,160,False,False,False,False,True,False,False,False,False,False,False,False,False,True
8,2025-06-12,1,1.7142857142857142,2.033333333333333,3,6,0,Casque Audio Sans Fil,129.99,2025-01-02,161,False,False,False,False,True,False,False,False,False,False,False,False,False,True
8,2025-06-14,2,1.7142857142857142,2.033333333333333,5,6,1,Casque Audio Sans Fil,129.99,2025-01-02,163,False,False,False,False,True,False,False,False,False,False,False,False,False,True
8,2025-06-15,1,1.7142857142857142,1.9666666666666666,6,6,1,Casque Audio Sans Fil,129.99,2025-01-02,164,False,False,False,False,True,False,False,False,False,False,False,False,False,True
8,2025-06-17,1,1.4285714285714286,1.9,1,6,0,Casque Audio Sans Fil,129.99,2025-01-02,166,False,False,False,False,True,False,False,False,False,False,False,False,False,True
8,2025-06-18,2,1.2857142857142858,1.9333333333333333,2,6,0,Casque Audio Sans Fil,129.99,2025-01-02,167,False,False,False,False,True,False,False,False,False,False,False,False,False,True
8,2025-06-21,9,2.4285714285714284,2.1333333333333333,5,6,1,Casque Audio Sans Fil,129.99,2025-01-02,170,False,False,False,False,True,False,False,False,False,False,False,False,False,True
8,2025-06-22,2,2.5714285714285716,2.1666666666666665,6,6,1,Casque Audio Sans Fil,129.99,2025-01-02,171,False,False,False,False,True,False,False,False,False,False,False,False,False,True
8,2025-06-26,1,2.5714285714285716,2.1666666666666665,3,6,0,Casque Audio Sans Fil,129.99,2025-01-02,175,False,False,False,False,True,False,False,False,False,False,False,False,False,True
8,2025-06-28,4,2.857142857142857,2.2,5,6,1,Casque Audio Sans Fil,129.99,2025-01-02,177,False,False,False,False,True,False,False,False,False,False,False,False,False,True
8,2025-06-29,1,2.857142857142857,2.1333333333333333,6,6,1,Casque Audio Sans Fil,129.99,2025-01-02,178,False,False,False,False,True,False,False,False,False,False,False,False,False,True
8,2025-06-30,1,2.857142857142857,2.066666666666667,0,6,0,Casque Audio Sans Fil,129.99,2025-01-02,179,False,False,False,False,True,False,False,False,False,False,False,False,False,True
9,2025-01-01,2,2.0,2.0,2,1,0,Crème Hydratante Visage,24.99,2025-01-01,0,False,True,False,False,False,False,False,False,False,False,True,False,False,False
9,2025-01-02,2,2.0,2.0,3,1,0,Crème Hydratante Visage,24.99,2025-01-01,1,False,True,False,False,False,False,False,False,False,False,True,False,False,False
9,2025-01-03,1,1.6666666666666667,1.6666666666666667,4,1,0,Crème Hydratante Visage,24.99,2025-01-01,2,False,True,False,False,False,False,False,False,False,False,True,False,False,False
9,2025-01-04,13,4.5,4.5,5,1,1,Crème Hydratante Visage,24.99,2025-01-01,3,False,True,False,False,False,False,False,False,False,False,True,False,False,False
9,2025-01-05,5,4.6,4.6,6,1,1,Crème Hydratante Visage,24.99,2025-01-01,4,False,True,False,False,False,False,False,False,False,False,True,False,False,False
9,2025-01-07,6,4.833333333333333,4.833333333333333,1,1,0,Crème Hydratante Visage,24.99,2025-01-01,6,False,True,False,False,False,False,False,False,False,False,True,False,False,False
9,2025-01-11,4,4.714285714285714,4.714285714285714,5,1,1,Crème Hydratante Visage,24.99,2025-01-01,10,False,True,False,False,False,False,False,False,False,False,True,False,False,False
9,2025-01-12,2,4.714285714285714,4.375,6,1,1,Crème Hydratante Visage,24.99,2025-01-01,11,False,True,False,False,False,False,False,False,False,False,True,False,False,False
9,2025-01-13,3,4.857142857142857,4.222222222222222,0,1,0,Crème Hydratante Visage,24.99,2025-01-01,12,False,True,False,False,False,False,False,False,False,False,True,False,False,False
9,2025-01-15,8,5.857142857142857,4.6,2,1,0,Crème Hydratante Visage,24.99,2025-01-01,14,False,True,False,False,False,False,False,False,False,False,True,False,False,False
9,2025-01-16,1,4.142857142857143,4.2727272727272725,3,1,0,Crème Hydratante Visage,24.99,2025-01-01,15,False,True,False,False,False,False,False,False,False,False,True,False,False,False
9,2025-01-18,8,4.571428571428571,4.583333333333333,5,1,1,Crème Hydratante Visage,24.99,2025-01-01,17,False,True,False,False,False,False,False,False,False,False,True,False,False,False
9,2025-01-19,4,4.285714285714286,4.538461538461538,6,1,1,Crème Hydratante Visage,24.99,2025-01-01,18,False,True,False,False,False,False,False,False,False,False,True,False,False,False
9,2025-01-21,7,4.714285714285714,4.714285714285714,1,1,0,Crème Hydratante Visage,24.99,2025-01-01,20,False,True,False,False,False,False,False,False,False,False,True,False,False,False
9,2025-01-22,5,5.142857142857143,4.733333333333333,2,1,0,Crème Hydratante Visage,24.99,2025-01-01,21,False,True,False,False,False,False,False,False,False,False,True,False,False,False
9,2025-01-23,6,5.571428571428571,4.8125,3,1,0,Crème Hydratante Visage,24.99,2025-01-01,22,False,True,False,False,False,False,False,False,False,False,True,False,False,False
9,2025-01-24,3,4.857142857142857,4.705882352941177,4,1,0,Crème Hydratante Visage,24.99,2025-01-01,23,False,True,False,False,False,False,False,False,False,False,True,False,False,False
9,2025-01-25,16,7.0,5.333333333333333,5,1,1,Crème Hydratante Visage,24.99,2025-01-01,24,False,True,False,False,False,False,False,False,False,False,True,False,False,False
9,2025-01-26,12,7.571428571428571,5.684210526315789,6,1,1,Crème Hydratante Visage,24.99,2025-01-01,25,False,True,False,False,False,False,False,False,False,False,True,False,False,False
9,2025-01-28,1,7.142857142857143,5.45,1,1,0,Crème Hydratante Visage,24.99,2025-01-01,27,False,True,False,False,False,False,False,False,False,False,True,False,False,False
9,2025-01-29,1,6.285714285714286,5.238095238095238,2,1,0,Crème Hydratante Visage,24.99,2025-01-01,28,False,True,False,False,False,False,False,False,False,False,True,False,False,False
9,2025-01-30,3,6.0,5.136363636363637,3,1,0,Crème Hydratante Visage,24.99,2025-01-01,29,False,True,False,False,False,False,False,False,False,False,True,False,False,False
9,2025-02-01,3,5.571428571428571,5.043478260869565,5,2,1,Crème Hydratante Visage,24.99,2025-01-01,31,False,True,False,False,False,False,False,False,False,False,True,False,False,False
9,2025-02-02,1,5.285714285714286,4.875,6,2,1,Crème Hydratante Visage,24.99,2025-01-01,32,False,True,False,False,False,False,False,False,False,False,True,False,False,False
9,2025-02-03,2,3.2857142857142856,4.76,0,2,0,Crème Hydratante Visage,24.99,2025-01-01,33,False,True,False,False,False,False,False,False,False,False,True,False,False,False
9,2025-02-04,3,2.0,4.6923076923076925,1,2,0,Crème Hydratante Visage,24.99,2025-01-01,34,False,True,False,False,False,False,False,False,False,False,True,False,False,False
9,2025-02-05,1,2.0,4.555555555555555,2,2,0,Crème Hydratante Visage,24.99,2025-01-01,35,False,True,False,False,False,False,False,False,False,False,True,False,False,False
9,2025-02-06,2,2.142857142857143,4.464285714285714,3,2,0,Crème Hydratante Visage,24.99,2025-01-01,36,False,True,False,False,False,False,False,False,False,False,True,False,False,False
9,2025-02-07,4,2.2857142857142856,4.448275862068965,4,2,0,Crème Hydratante Visage,24.99,2025-01-01,37,False,True,False,False,False,False,False,False,False,False,True,False,False,False
9,2025-02-08,5,2.5714285714285716,4.466666666666667,5,2,1,Crème Hydratante Visage,24.99,2025-01-01,38,False,True,False,False,False,False,False,False,False,False,True,False,False,False
9,2025-02-09,4,3.0,4.533333333333333,6,2,1,Crème Hydratante Visage,24.99,2025-01-01,39,False,True,False,False,False,False,False,False,False,False,True,False,False,False
9,2025-02-10,1,2.857142857142857,4.5,0,2,0,Crème Hydratante Visage,24.99,2025-01-01,40,False,True,False,False,False,False,False,False,False,False,True,False,False,False
9,2025-02-12,3,2.857142857142857,4.566666666666666,2,2,0,Crème Hydratante Visage,24.99,2025-01-01,42,False,True,False,False,False,False,False,False,False,False,True,False,False,False
9,2025-02-13,1,2.857142857142857,4.166666666666667,3,2,0,Crème Hydratante Visage,24.99,2025-01-01,43,False,True,False,False,False,False,False,False,False,False,True,False,False,False
9,2025-02-14,5,3.2857142857142856,4.166666666666667,4,2,0,Crème Hydratante Visage,24.99,2025-01-01,44,False,True,False,False,False,False,False,False,False,False,True,False,False,False
9,2025-02-16,2,3.0,4.033333333333333,6,2,1,Crème Hydratante Visage,24.99,2025-01-01,46,False,True,False,False,False,False,False,False,False,False,True,False,False,False
9,2025-02-18,1,2.4285714285714284,3.933333333333333,1,2,0,Crème Hydratante Visage,24.99,2025-01-01,48,False,True,False,False,False,False,False,False,False,False,True,False,False,False
9,2025-02-19,4,2.4285714285714284,4.0,2,2,0,Crème Hydratante Visage,24.99,2025-01-01,49,False,True,False,False,False,False,False,False,False,False,True,False,False,False
9,2025-02-20,1,2.4285714285714284,3.933333333333333,3,2,0,Crème Hydratante Visage,24.99,2025-01-01,50,False,True,False,False,False,False,False,False,False,False,True,False,False,False
9,2025-02-21,2,2.2857142857142856,3.7333333333333334,4,2,0,Crème Hydratante Visage,24.99,2025-01-01,51,False,True,False,False,False,False,False,False,False,False,True,False,False,False
9,2025-02-22,4,2.7142857142857144,3.8333333333333335,5,2,1,Crème Hydratante Visage,24.99,2025-01-01,52,False,True,False,False,False,False,False,False,False,False,True,False,False,False
9,2025-02-23,10,3.4285714285714284,3.9,6,2,1,Crème Hydratante Visage,24.99,2025-01-01,53,False,True,False,False,False,False,False,False,False,False,True,False,False,False
9,2025-02-24,3,3.5714285714285716,3.8666666666666667,0,2,0,Crème Hydratante Visage,24.99,2025-01-01,54,False,True,False,False,False,False,False,False,False,False,True,False,False,False
9,2025-02-26,5,4.142857142857143,3.8,2,2,0,Crème Hydratante Visage,24.99,2025-01-01,56,False,True,False,False,False,False,False,False,False,False,True,False,False,False
9,2025-02-27,2,3.857142857142857,3.7,3,2,0,Crème Hydratante Visage,24.99,2025-01-01,57,False,True,False,False,False,False,False,False,False,False,True,False,False,False
9,2025-02-28,4,4.285714285714286,3.6333333333333333,4,2,0,Crème Hydratante Visage,24.99,2025-01-01,58,False,True,False,False,False,False,False,False,False,False,True,False,False,False
9,2025-03-01,1,4.142857142857143,3.566666666666667,5,3,1,Crème Hydratante Visage,24.99,2025-01-01,59,False,True,False,False,False,False,False,False,False,False,True,False,False,False
9,2025-03-02,1,3.7142857142857144,3.066666666666667,6,3,1,Crème Hydratante Visage,24.99,2025-01-01,60,False,True,False,False,False,False,False,False,False,False,True,False,False,False
9,2025-03-04,4,2.857142857142857,2.8,1,3,0,Crème Hydratante Visage,24.99,2025-01-01,62,False,True,False,False,False,False,False,False,False,False,True,False,False,False
9,2025-03-05,2,2.7142857142857144,2.8333333333333335,2,3,0,Crème Hydratante Visage,24.99,2025-01-01,63,False,True,False,False,False,False,False,False,False,False,True,False,False,False
9,2025-03-06,7,3.0,3.033333333333333,3,3,0,Crème Hydratante Visage,24.99,2025-01-01,64,False,True,False,False,False,False,False,False,False,False,True,False,False,False
9,2025-03-07,1,2.857142857142857,2.966666666666667,4,3,0,Crème Hydratante Visage,24.99,2025-01-01,65,False,True,False,False,False,False,False,False,False,False,True,False,False,False
9,2025-03-08,1,2.4285714285714284,2.9,5,3,1,Crème Hydratante Visage,24.99,2025-01-01,66,False,True,False,False,False,False,False,False,False,False,True,False,False,False
9,2025-03-09,9,3.5714285714285716,3.1666666666666665,6,3,1,Crème Hydratante Visage,24.99,2025-01-01,67,False,True,False,False,False,False,False,False,False,False,True,False,False,False
9,2025-03-11,2,3.7142857142857144,3.1666666666666665,1,3,0,Crème Hydratante Visage,24.99,2025-01-01,69,False,True,False,False,False,False,False,False,False,False,True,False,False,False
9,2025-03-12,4,3.7142857142857144,3.2,2,3,0,Crème Hydratante Visage,24.99,2025-01-01,70,False,True,False,False,False,False,False,False,False,False,True,False,False,False
9,2025-03-13,4,4.0,3.3,3,3,0,Crème Hydratante Visage,24.99,2025-01-01,71,False,True,False,False,False,False,False,False,False,False,True,False,False,False
9,2025-03-15,1,3.142857142857143,3.2666666666666666,5,3,1,Crème Hydratante Visage,24.99,2025-01-01,73,False,True,False,False,False,False,False,False,False,False,True,False,False,False
9,2025-03-16,6,3.857142857142857,3.3333333333333335,6,3,1,Crème Hydratante Visage,24.99,2025-01-01,74,False,True,False,False,False,False,False,False,False,False,True,False,False,False
9,2025-03-17,8,4.857142857142857,3.433333333333333,0,3,0,Crème Hydratante Visage,24.99,2025-01-01,75,False,True,False,False,False,False,False,False,False,False,True,False,False,False
9,2025-03-19,4,4.142857142857143,3.433333333333333,2,3,0,Crème Hydratante Visage,24.99,2025-01-01,77,False,True,False,False,False,False,False,False,False,False,True,False,False,False
9,2025-03-20,2,4.142857142857143,3.466666666666667,3,3,0,Crème Hydratante Visage,24.99,2025-01-01,78,False,True,False,False,False,False,False,False,False,False,True,False,False,False
9,2025-03-21,2,3.857142857142857,3.433333333333333,4,3,0,Crème Hydratante Visage,24.99,2025-01-01,79,False,True,False,False,False,False,False,False,False,False,True,False,False,False
9,2025-03-22,1,3.4285714285714284,3.433333333333333,5,3,1,Crème Hydratante Visage,24.99,2025-01-01,80,False,True,False,False,False,False,False,False,False,False,True,False,False,False
9,2025-03-24,2,3.5714285714285716,3.3333333333333335,0,3,0,Crème Hydratante Visage,24.99,2025-01-01,82,False,True,False,False,False,False,False,False,False,False,True,False,False,False
9,2025-03-25,2,3.0,3.3333333333333335,1,3,0,Crème Hydratante Visage,24.99,2025-01-01,83,False,True,False,False,False,False,False,False,False,False,True,False,False,False
9,2025-03-26,1,2.0,3.3333333333333335,2,3,0,Crème Hydratante Visage,24.99,2025-01-01,84,False,True,False,False,False,False,False,False,False,False,True,False,False,False
9,2025-03-28,1,1.5714285714285714,3.2333333333333334,4,3,0,Crème Hydratante Visage,24.99,2025-01-01,86,False,True,False,False,False,False,False,False,False,False,True,False,False,False
9,2025-03-29,3,1.7142857142857142,3.3,5,3,1,Crème Hydratante Visage,24.99,2025-01-01,87,False,True,False,False,False,False,False,False,False,False,True,False,False,False
9,2025-04-01,4,2.0,3.3666666666666667,1,4,0,Crème Hydratante Visage,24.99,2025-01-01,90,False,True,False,False,False,False,False,False,False,False,True,False,False,False
9,2025-04-02,4,2.4285714285714284,3.3666666666666667,2,4,0,Crème Hydratante Visage,24.99,2025-01-01,91,False,True,False,False,False,False,False,False,False,False,True,False,False,False
9,2025-04-03,2,2.4285714285714284,3.1,3,4,0,Crème Hydratante Visage,24.99,2025-01-01,92,False,True,False,False,False,False,False,False,False,False,True,False,False,False
9,2025-04-04,7,3.142857142857143,3.2333333333333334,4,4,0,Crème Hydratante Visage,24.99,2025-01-01,93,False,True,False,False,False,False,False,False,False,False,True,False,False,False
9,2025-04-05,5,3.7142857142857144,3.2333333333333334,5,4,1,Crème Hydratante Visage,24.99,2025-01-01,94,False,True,False,False,False,False,False,False,False,False,True,False,False,False
9,2025-04-06,5,4.285714285714286,3.3333333333333335,6,4,1,Crème Hydratante Visage,24.99,2025-01-01,95,False,True,False,False,False,False,False,False,False,False,True,False,False,False
9,2025-04-07,1,4.0,3.2333333333333334,0,4,0,Crème Hydratante Visage,24.99,2025-01-01,96,False,True,False,False,False,False,False,False,False,False,True,False,False,False
9,2025-04-08,2,3.7142857142857144,3.2666666666666666,1,4,0,Crème Hydratante Visage,24.99,2025-01-01,97,False,True,False,False,False,False,False,False,False,False,True,False,False,False
9,2025-04-09,6,4.0,3.433333333333333,2,4,0,Crème Hydratante Visage,24.99,2025-01-01,98,False,True,False,False,False,False,False,False,False,False,True,False,False,False
9,2025-04-10,4,4.285714285714286,3.433333333333333,3,4,0,Crème Hydratante Visage,24.99,2025-01-01,99,False,True,False,False,False,False,False,False,False,False,True,False,False,False
9,2025-04-11,8,4.428571428571429,3.6333333333333333,4,4,0,Crème Hydratante Visage,24.99,2025-01-01,100,False,True,False,False,False,False,False,False,False,False,True,False,False,False
9,2025-04-12,7,4.714285714285714,3.6333333333333333,5,4,1,Crème Hydratante Visage,24.99,2025-01-01,101,False,True,False,False,False,False,False,False,False,False,True,False,False,False
9,2025-04-16,3,4.428571428571429,3.7,2,4,0,Crème Hydratante Visage,24.99,2025-01-01,105,False,True,False,False,False,False,False,False,False,False,True,False,False,False
9,2025-04-17,6,5.142857142857143,3.8666666666666667,3,4,0,Crème Hydratante Visage,24.99,2025-01-01,106,False,True,False,False,False,False,False,False,False,False,True,False,False,False
9,2025-04-18,1,5.0,3.6,4,4,0,Crème Hydratante Visage,24.99,2025-01-01,107,False,True,False,False,False,False,False,False,False,False,True,False,False,False
9,2025-04-19,2,4.428571428571429,3.6,5,4,1,Crème Hydratante Visage,24.99,2025-01-01,108,False,True,False,False,False,False,False,False,False,False,True,False,False,False
9,2025-04-20,5,4.571428571428571,3.6333333333333333,6,4,1,Crème Hydratante Visage,24.99,2025-01-01,109,False,True,False,False,False,False,False,False,False,False,True,False,False,False
9,2025-04-23,1,3.5714285714285716,3.533333333333333,2,4,0,Crème Hydratante Visage,24.99,2025-01-01,112,False,True,False,False,False,False,False,False,False,False,True,False,False,False
9,2025-04-24,2,2.857142857142857,3.566666666666667,3,4,0,Crème Hydratante Visage,24.99,2025-01-01,113,False,True,False,False,False,False,False,False,False,False,True,False,False,False
9,2025-04-27,1,2.5714285714285716,3.4,6,4,1,Crème Hydratante Visage,24.99,2025-01-01,116,False,True,False,False,False,False,False,False,False,False,True,False,False,False
9,2025-04-28,2,2.0,3.2,0,4,0,Crème Hydratante Visage,24.99,2025-01-01,117,False,True,False,False,False,False,False,False,False,False,True,False,False,False
9,2025-04-29,2,2.142857142857143,3.1333333333333333,1,4,0,Crème Hydratante Visage,24.99,2025-01-01,118,False,True,False,False,False,False,False,False,False,False,True,False,False,False
9,2025-04-30,3,2.2857142857142856,3.1666666666666665,2,4,0,Crème Hydratante Visage,24.99,2025-01-01,119,False,True,False,False,False,False,False,False,False,False,True,False,False,False
9,2025-05-01,1,1.7142857142857142,3.1333333333333333,3,5,0,Crème Hydratante Visage,24.99,2025-01-01,120,False,True,False,False,False,False,False,False,False,False,True,False,False,False
9,2025-05-02,1,1.7142857142857142,3.1333333333333333,4,5,0,Crème Hydratante Visage,24.99,2025-01-01,121,False,True,False,False,False,False,False,False,False,False,True,False,False,False
9,2025-05-03,2,1.7142857142857142,3.1333333333333333,5,5,1,Crème Hydratante Visage,24.99,2025-01-01,122,False,True,False,False,False,False,False,False,False,False,True,False,False,False
9,2025-05-05,2,1.8571428571428572,3.1333333333333333,0,5,0,Crème Hydratante Visage,24.99,2025-01-01,124,False,True,False,False,False,False,False,False,False,False,True,False,False,False
9,2025-05-09,1,1.7142857142857142,3.1333333333333333,4,5,0,Crème Hydratante Visage,24.99,2025-01-01,128,False,True,False,False,False,False,False,False,False,False,True,False,False,False
9,2025-05-11,4,2.0,3.2333333333333334,6,5,1,Crème Hydratante Visage,24.99,2025-01-01,130,False,True,False,False,False,False,False,False,False,False,True,False,False,False
9,2025-05-12,1,1.7142857142857142,3.1666666666666665,0,5,0,Crème Hydratante Visage,24.99,2025-01-01,131,False,True,False,False,False,False,False,False,False,False,True,False,False,False
9,2025-05-13,2,1.8571428571428572,3.1,1,5,0,Crème Hydratante Visage,24.99,2025-01-01,132,False,True,False,False,False,False,False,False,False,False,True,False,False,False
9,2025-05-14,3,2.142857142857143,3.066666666666667,2,5,0,Crème Hydratante Visage,24.99,2025-01-01,133,False,True,False,False,False,False,False,False,False,False,True,False,False,False
9,2025-05-15,4,2.4285714285714284,3.1333333333333333,3,5,0,Crème Hydratante Visage,24.99,2025-01-01,134,False,True,False,False,False,False,False,False,False,False,True,False,False,False
9,2025-05-16,2,2.4285714285714284,2.966666666666667,4,5,0,Crème Hydratante Visage,24.99,2025-01-01,135,False,True,False,False,False,False,False,False,False,False,True,False,False,False
9,2025-05-17,2,2.5714285714285716,2.8666666666666667,5,5,1,Crème Hydratante Visage,24.99,2025-01-01,136,False,True,False,False,False,False,False,False,False,False,True,False,False,False
9,2025-05-18,4,2.5714285714285716,2.8333333333333335,6,5,1,Crème Hydratante Visage,24.99,2025-01-01,137,False,True,False,False,False,False,False,False,False,False,True,False,False,False
9,2025-05-19,1,2.5714285714285716,2.8333333333333335,0,5,0,Crème Hydratante Visage,24.99,2025-01-01,138,False,True,False,False,False,False,False,False,False,False,True,False,False,False
9,2025-05-20,3,2.7142857142857144,2.8666666666666667,1,5,0,Crème Hydratante Visage,24.99,2025-01-01,139,False,True,False,False,False,False,False,False,False,False,True,False,False,False
9,2025-05-21,2,2.5714285714285716,2.7333333333333334,2,5,0,Crème Hydratante Visage,24.99,2025-01-01,140,False,True,False,False,False,False,False,False,False,False,True,False,False,False
9,2025-05-22,2,2.2857142857142856,2.6666666666666665,3,5,0,Crème Hydratante Visage,24.99,2025-01-01,141,False,True,False,False,False,False,False,False,False,False,True,False,False,False
9,2025-05-24,5,2.7142857142857144,2.566666666666667,5,5,1,Crème Hydratante Visage,24.99,2025-01-01,143,False,True,False,False,False,False,False,False,False,False,True,False,False,False
9,2025-05-25,2,2.7142857142857144,2.4,6,5,1,Crème Hydratante Visage,24.99,2025-01-01,144,False,True,False,False,False,False,False,False,False,False,True,False,False,False
9,2025-05-26,2,2.4285714285714284,2.3666666666666667,0,5,0,Crème Hydratante Visage,24.99,2025-01-01,145,False,True,False,False,False,False,False,False,False,False,True,False,False,False
9,2025-05-29,1,2.4285714285714284,2.2,3,5,0,Crème Hydratante Visage,24.99,2025-01-01,148,False,True,False,False,False,False,False,False,False,False,True,False,False,False
9,2025-05-30,1,2.142857142857143,2.2,4,5,0,Crème Hydratante Visage,24.99,2025-01-01,149,False,True,False,False,False,False,False,False,False,False,True,False,False,False
9,2025-05-31,2,2.142857142857143,2.2,5,5,1,Crème Hydratante Visage,24.99,2025-01-01,150,False,True,False,False,False,False,False,False,False,False,True,False,False,False
9,2025-06-01,5,2.5714285714285716,2.2,6,6,1,Crème Hydratante Visage,24.99,2025-01-01,151,False,True,False,False,False,False,False,False,False,False,True,False,False,False
9,2025-06-02,3,2.2857142857142856,2.2666666666666666,0,6,0,Crème Hydratante Visage,24.99,2025-01-01,152,False,True,False,False,False,False,False,False,False,False,True,False,False,False
9,2025-06-03,5,2.7142857142857144,2.3666666666666667,1,6,0,Crème Hydratante Visage,24.99,2025-01-01,153,False,True,False,False,False,False,False,False,False,False,True,False,False,False
9,2025-06-04,1,2.5714285714285716,2.3666666666666667,2,6,0,Crème Hydratante Visage,24.99,2025-01-01,154,False,True,False,False,False,False,False,False,False,False,True,False,False,False
9,2025-06-05,4,3.0,2.433333333333333,3,6,0,Crème Hydratante Visage,24.99,2025-01-01,155,False,True,False,False,False,False,False,False,False,False,True,False,False,False
9,2025-06-06,1,3.0,2.4,4,6,0,Crème Hydratante Visage,24.99,2025-01-01,156,False,True,False,False,False,False,False,False,False,False,True,False,False,False
9,2025-06-07,9,4.0,2.6,5,6,1,Crème Hydratante Visage,24.99,2025-01-01,157,False,True,False,False,False,False,False,False,False,False,True,False,False,False
9,2025-06-08,2,3.5714285714285716,2.6333333333333333,6,6,1,Crème Hydratante Visage,24.99,2025-01-01,158,False,True,False,False,False,False,False,False,False,False,True,False,False,False
9,2025-06-09,1,3.2857142857142856,2.6333333333333333,0,6,0,Crème Hydratante Visage,24.99,2025-01-01,159,False,True,False,False,False,False,False,False,False,False,True,False,False,False
9,2025-06-10,3,3.0,2.6666666666666665,1,6,0,Crème Hydratante Visage,24.99,2025-01-01,160,False,True,False,False,False,False,False,False,False,False,True,False,False,False
9,2025-06-12,6,3.7142857142857144,2.8,3,6,0,Crème Hydratante Visage,24.99,2025-01-01,162,False,True,False,False,False,False,False,False,False,False,True,False,False,False
9,2025-06-13,1,3.2857142857142856,2.8,4,6,0,Crème Hydratante Visage,24.99,2025-01-01,163,False,True,False,False,False,False,False,False,False,False,True,False,False,False
9,2025-06-14,5,3.857142857142857,2.8333333333333335,5,6,1,Crème Hydratante Visage,24.99,2025-01-01,164,False,True,False,False,False,False,False,False,False,False,True,False,False,False
9,2025-06-15,1,2.7142857142857144,2.8333333333333335,6,6,1,Crème Hydratante Visage,24.99,2025-01-01,165,False,True,False,False,False,False,False,False,False,False,True,False,False,False
9,2025-06-17,5,3.142857142857143,2.933333333333333,1,6,0,Crème Hydratante Visage,24.99,2025-01-01,167,False,True,False,False,False,False,False,False,False,False,True,False,False,False
9,2025-06-19,1,3.142857142857143,2.8666666666666667,3,6,0,Crème Hydratante Visage,24.99,2025-01-01,169,False,True,False,False,False,False,False,False,False,False,True,False,False,False
9,2025-06-20,9,4.0,3.033333333333333,4,6,0,Crème Hydratante Visage,24.99,2025-01-01,170,False,True,False,False,False,False,False,False,False,False,True,False,False,False
9,2025-06-21,13,5.0,3.4,5,6,1,Crème Hydratante Visage,24.99,2025-01-01,171,False,True,False,False,False,False,False,False,False,False,True,False,False,False
9,2025-06-22,4,5.428571428571429,3.466666666666667,6,6,1,Crème Hydratante Visage,24.99,2025-01-01,172,False,True,False,False,False,False,False,False,False,False,True,False,False,False
9,2025-06-25,1,4.857142857142857,3.3666666666666667,2,6,0,Crème Hydratante Visage,24.99,2025-01-01,175,False,True,False,False,False,False,False,False,False,False,True,False,False,False
9,2025-06-27,2,5.0,3.4,4,6,0,Crème Hydratante Visage,24.99,2025-01-01,177,False,True,False,False,False,False,False,False,False,False,True,False,False,False
9,2025-06-28,9,5.571428571428571,3.6,5,6,1,Crème Hydratante Visage,24.99,2025-01-01,178,False,True,False,False,False,False,False,False,False,False,True,False,False,False
9,2025-06-29,1,5.571428571428571,3.566666666666667,6,6,1,Crème Hydratante Visage,24.99,2025-01-01,179,False,True,False,False,False,False,False,False,False,False,True,False,False,False
10,2025-01-01,3,3.0,3.0,2,1,0,Chaussures Running,89.99,2025-01-01,0,False,False,False,False,False,False,False,True,False,False,False,False,True,False
10,2025-01-03,4,3.5,3.5,4,1,0,Chaussures Running,89.99,2025-01-01,2,False,False,False,False,False,False,False,True,False,False,False,False,True,False
10,2025-01-04,12,6.333333333333333,6.333333333333333,5,1,1,Chaussures Running,89.99,2025-01-01,3,False,False,False,False,False,False,False,True,False,False,False,False,True,False
10,2025-01-05,1,5.0,5.0,6,1,1,Chaussures Running,89.99,2025-01-01,4,False,False,False,False,False,False,False,True,False,False,False,False,True,False
10,2025-01-07,9,5.8,5.8,1,1,0,Chaussures Running,89.99,2025-01-01,6,False,False,False,False,False,False,False,True,False,False,False,False,True,False
10,2025-01-08,1,5.0,5.0,2,1,0,Chaussures Running,89.99,2025-01-01,7,False,False,False,False,False,False,False,True,False,False,False,False,True,False
10,2025-01-09,4,4.857142857142857,4.857142857142857,3,1,0,Chaussures Running,89.99,2025-01-01,8,False,False,False,False,False,False,False,True,False,False,False,False,True,False
10,2025-01-10,1,4.571428571428571,4.375,4,1,0,Chaussures Running,89.99,2025-01-01,9,False,False,False,False,False,False,False,True,False,False,False,False,True,False
10,2025-01-11,2,4.285714285714286,4.111111111111111,5,1,1,Chaussures Running,89.99,2025-01-01,10,False,False,False,False,False,False,False,True,False,False,False,False,True,False
10,2025-01-12,1,2.7142857142857144,3.8,6,1,1,Chaussures Running,89.99,2025-01-01,11,False,False,False,False,False,False,False,True,False,False,False,False,True,False
10,2025-01-14,3,3.0,3.727272727272727,1,1,0,Chaussures Running,89.99,2025-01-01,13,False,False,False,False,False,False,False,True,False,False,False,False,True,False
10,2025-01-16,3,2.142857142857143,3.6666666666666665,3,1,0,Chaussures Running,89.99,2025-01-01,15,False,False,False,False,False,False,False,True,False,False,False,False,True,False
10,2025-01-17,1,2.142857142857143,3.4615384615384617,4,1,0,Chaussures Running,89.99,2025-01-01,16,False,False,False,False,False,False,False,True,False,False,False,False,True,False
10,2025-01-18,15,3.7142857142857144,4.285714285714286,5,1,1,Chaussures Running,89.99,2025-01-01,17,False,False,False,False,False,False,False,True,False,False,False,False,True,False
10,2025-01-20,1,3.7142857142857144,4.066666666666666,0,1,0,Chaussures Running,89.99,2025-01-01,19,False,False,False,False,False,False,False,True,False,False,False,False,True,False
10,2025-01-21,1,3.5714285714285716,3.875,1,1,0,Chaussures Running,89.99,2025-01-01,20,False,False,False,False,False,False,False,True,False,False,False,False,True,False
10,2025-01-22,3,3.857142857142857,3.823529411764706,2,1,0,Chaussures Running,89.99,2025-01-01,21,False,False,False,False,False,False,False,True,False,False,False,False,True,False
10,2025-01-23,2,3.7142857142857144,3.7222222222222223,3,1,0,Chaussures Running,89.99,2025-01-01,22,False,False,False,False,False,False,False,True,False,False,False,False,True,False
10,2025-01-24,2,3.5714285714285716,3.6315789473684212,4,1,0,Chaussures Running,89.99,2025-01-01,23,False,False,False,False,False,False,False,True,False,False,False,False,True,False
10,2025-01-25,2,3.7142857142857144,3.55,5,1,1,Chaussures Running,89.99,2025-01-01,24,False,False,False,False,False,False,False,True,False,False,False,False,True,False
10,2025-01-26,1,1.7142857142857142,3.4285714285714284,6,1,1,Chaussures Running,89.99,2025-01-01,25,False,False,False,False,False,False,False,True,False,False,False,False,True,False
10,2025-01-27,1,1.7142857142857142,3.3181818181818183,0,1,0,Chaussures Running,89.99,2025-01-01,26,False,False,False,False,False,False,False,True,False,False,False,False,True,False
10,2025-01-29,1,1.7142857142857142,3.217391304347826,2,1,0,Chaussures Running,89.99,2025-01-01,28,False,False,False,False,False,False,False,True,False,False,False,False,True,False
10,2025-01-30,3,1.7142857142857142,3.2083333333333335,3,1,0,Chaussures Running,89.99,2025-01-01,29,False,False,False,False,False,False,False,True,False,False,False,False,True,False
10,2025-02-01,3,1.8571428571428572,3.2,5,2,1,Chaussures Running,89.99,2025-01-01,31,False,False,False,False,False,False,False,True,False,False,False,False,True,False
10,2025-02-02,3,2.0,3.1923076923076925,6,2,1,Chaussures Running,89.99,2025-01-01,32,False,False,False,False,False,False,False,True,False,False,False,False,True,False
10,2025-02-05,1,1.8571428571428572,3.111111111111111,2,2,0,Chaussures Running,89.99,2025-01-01,35,False,False,False,False,False,False,False,True,False,False,False,False,True,False
10,2025-02-07,1,1.8571428571428572,3.0357142857142856,4,2,0,Chaussures Running,89.99,2025-01-01,37,False,False,False,False,False,False,False,True,False,False,False,False,True,False
10,2025-02-08,4,2.2857142857142856,3.0689655172413794,5,2,1,Chaussures Running,89.99,2025-01-01,38,False,False,False,False,False,False,False,True,False,False,False,False,True,False
10,2025-02-09,5,2.857142857142857,3.1333333333333333,6,2,1,Chaussures Running,89.99,2025-01-01,39,False,False,False,False,False,False,False,True,False,False,False,False,True,False
10,2025-02-10,2,2.7142857142857144,3.1,0,2,0,Chaussures Running,89.99,2025-01-01,40,False,False,False,False,False,False,False,True,False,False,False,False,True,False
10,2025-02-11,1,2.4285714285714284,3.0,1,2,0,Chaussures Running,89.99,2025-01-01,41,False,False,False,False,False,False,False,True,False,False,False,False,True,False
10,2025-02-12,1,2.142857142857143,2.6333333333333333,2,2,0,Chaussures Running,89.99,2025-01-01,42,False,False,False,False,False,False,False,True,False,False,False,False,True,False
10,2025-02-13,2,2.2857142857142856,2.6666666666666665,3,2,0,Chaussures Running,89.99,2025-01-01,43,False,False,False,False,False,False,False,True,False,False,False,False,True,False
10,2025-02-14,1,2.2857142857142856,2.4,4,2,0,Chaussures Running,89.99,2025-01-01,44,False,False,False,False,False,False,False,True,False,False,False,False,True,False
10,2025-02-15,5,2.4285714285714284,2.533333333333333,5,2,1,Chaussures Running,89.99,2025-01-01,45,False,False,False,False,False,False,False,True,False,False,False,False,True,False
10,2025-02-16,1,1.8571428571428572,2.433333333333333,6,2,1,Chaussures Running,89.99,2025-01-01,46,False,False,False,False,False,False,False,True,False,False,False,False,True,False
10,2025-02-17,2,1.8571428571428572,2.466666666666667,0,2,0,Chaussures Running,89.99,2025-01-01,47,False,False,False,False,False,False,False,True,False,False,False,False,True,False
10,2025-02-18,2,2.0,2.466666666666667,1,2,0,Chaussures Running,89.99,2025-01-01,48,False,False,False,False,False,False,False,True,False,False,False,False,True,False
10,2025-02-19,2,2.142857142857143,2.5,2,2,0,Chaussures Running,89.99,2025-01-01,49,False,False,False,False,False,False,False,True,False,False,False,False,True,False
10,2025-02-20,2,2.142857142857143,2.466666666666667,3,2,0,Chaussures Running,89.99,2025-01-01,50,False,False,False,False,False,False,False,True,False,False,False,False,True,False
10,2025-02-21,8,3.142857142857143,2.6333333333333333,4,2,0,Chaussures Running,89.99,2025-01-01,51,False,False,False,False,False,False,False,True,False,False,False,False,True,False
10,2025-02-22,3,2.857142857142857,2.7,5,2,1,Chaussures Running,89.99,2025-01-01,52,False,False,False,False,False,False,False,True,False,False,False,False,True,False
10,2025-02-23,4,3.2857142857142856,2.3333333333333335,6,2,1,Chaussures Running,89.99,2025-01-01,53,False,False,False,False,False,False,False,True,False,False,False,False,True,False
10,2025-02-25,3,3.4285714285714284,2.4,1,2,0,Chaussures Running,89.99,2025-01-01,55,False,False,False,False,False,False,False,True,False,False,False,False,True,False
10,2025-02-27,1,3.2857142857142856,2.4,3,2,0,Chaussures Running,89.99,2025-01-01,57,False,False,False,False,False,False,False,True,False,False,False,False,True,False
10,2025-02-28,3,3.4285714285714284,2.4,4,2,0,Chaussures Running,89.99,2025-01-01,58,False,False,False,False,False,False,False,True,False,False,False,False,True,False
10,2025-03-01,6,4.0,2.533333333333333,5,3,1,Chaussures Running,89.99,2025-01-01,59,False,False,False,False,False,False,False,True,False,False,False,False,True,False
10,2025-03-02,5,3.5714285714285716,2.6333333333333333,6,3,1,Chaussures Running,89.99,2025-01-01,60,False,False,False,False,False,False,False,True,False,False,False,False,True,False
10,2025-03-05,2,3.4285714285714284,2.6333333333333333,2,3,0,Chaussures Running,89.99,2025-01-01,63,False,False,False,False,False,False,False,True,False,False,False,False,True,False
10,2025-03-07,2,3.142857142857143,2.6666666666666665,4,3,0,Chaussures Running,89.99,2025-01-01,65,False,False,False,False,False,False,False,True,False,False,False,False,True,False
10,2025-03-09,5,3.4285714285714284,2.8,6,3,1,Chaussures Running,89.99,2025-01-01,67,False,False,False,False,False,False,False,True,False,False,False,False,True,False
10,2025-03-11,6,4.142857142857143,2.966666666666667,1,3,0,Chaussures Running,89.99,2025-01-01,69,False,False,False,False,False,False,False,True,False,False,False,False,True,False
10,2025-03-12,2,4.0,2.933333333333333,2,3,0,Chaussures Running,89.99,2025-01-01,70,False,False,False,False,False,False,False,True,False,False,False,False,True,False
10,2025-03-13,2,3.4285714285714284,2.9,3,3,0,Chaussures Running,89.99,2025-01-01,71,False,False,False,False,False,False,False,True,False,False,False,False,True,False
10,2025-03-14,5,3.4285714285714284,2.966666666666667,4,3,0,Chaussures Running,89.99,2025-01-01,72,False,False,False,False,False,False,False,True,False,False,False,False,True,False
10,2025-03-15,6,4.0,3.1333333333333333,5,3,1,Chaussures Running,89.99,2025-01-01,73,False,False,False,False,False,False,False,True,False,False,False,False,True,False
10,2025-03-16,3,4.142857142857143,3.2,6,3,1,Chaussures Running,89.99,2025-01-01,74,False,False,False,False,False,False,False,True,False,False,False,False,True,False
10,2025-03-17,6,4.285714285714286,3.2666666666666666,0,3,0,Chaussures Running,89.99,2025-01-01,75,False,False,False,False,False,False,False,True,False,False,False,False,True,False
10,2025-03-18,6,4.285714285714286,3.3,1,3,0,Chaussures Running,89.99,2025-01-01,76,False,False,False,False,False,False,False,True,False,False,False,False,True,False
10,2025-03-19,2,4.285714285714286,3.3,2,3,0,Chaussures Running,89.99,2025-01-01,77,False,False,False,False,False,False,False,True,False,False,False,False,True,False
10,2025-03-20,3,4.428571428571429,3.3666666666666667,3,3,0,Chaussures Running,89.99,2025-01-01,78,False,False,False,False,False,False,False,True,False,False,False,False,True,False
10,2025-03-22,6,4.571428571428571,3.533333333333333,5,3,1,Chaussures Running,89.99,2025-01-01,80,False,False,False,False,False,False,False,True,False,False,False,False,True,False
10,2025-03-23,1,3.857142857142857,3.5,6,3,1,Chaussures Running,89.99,2025-01-01,81,False,False,False,False,False,False,False,True,False,False,False,False,True,False
10,2025-03-24,5,4.142857142857143,3.6333333333333333,0,3,0,Chaussures Running,89.99,2025-01-01,82,False,False,False,False,False,False,False,True,False,False,False,False,True,False
10,2025-03-25,2,3.5714285714285716,3.533333333333333,1,3,0,Chaussures Running,89.99,2025-01-01,83,False,False,False,False,False,False,False,True,False,False,False,False,True,False
10,2025-03-26,5,3.4285714285714284,3.6666666666666665,2,3,0,Chaussures Running,89.99,2025-01-01,84,False,False,False,False,False,False,False,True,False,False,False,False,True,False
10,2025-03-27,1,3.2857142857142856,3.6333333333333333,3,3,0,Chaussures Running,89.99,2025-01-01,85,False,False,False,False,False,False,False,True,False,False,False,False,True,False
10,2025-03-28,2,3.142857142857143,3.6333333333333333,4,3,0,Chaussures Running,89.99,2025-01-01,86,False,False,False,False,False,False,False,True,False,False,False,False,True,False
10,2025-03-29,4,2.857142857142857,3.7,5,3,1,Chaussures Running,89.99,2025-01-01,87,False,False,False,False,False,False,False,True,False,False,False,False,True,False
10,2025-03-30,1,2.857142857142857,3.6666666666666665,6,3,1,Chaussures Running,89.99,2025-01-01,88,False,False,False,False,False,False,False,True,False,False,False,False,True,False
10,2025-03-31,3,2.5714285714285716,3.5,0,3,0,Chaussures Running,89.99,2025-01-01,89,False,False,False,False,False,False,False,True,False,False,False,False,True,False
10,2025-04-01,2,2.5714285714285716,3.466666666666667,1,4,0,Chaussures Running,89.99,2025-01-01,90,False,False,False,False,False,False,False,True,False,False,False,False,True,False
10,2025-04-02,1,2.0,3.3666666666666667,2,4,0,Chaussures Running,89.99,2025-01-01,91,False,False,False,False,False,False,False,True,False,False,False,False,True,False
10,2025-04-03,1,2.0,3.3,3,4,0,Chaussures Running,89.99,2025-01-01,92,False,False,False,False,False,False,False,True,False,False,False,False,True,False
10,2025-04-04,5,2.4285714285714284,3.433333333333333,4,4,0,Chaussures Running,89.99,2025-01-01,93,False,False,False,False,False,False,False,True,False,False,False,False,True,False
10,2025-04-05,9,3.142857142857143,3.6333333333333333,5,4,1,Chaussures Running,89.99,2025-01-01,94,False,False,False,False,False,False,False,True,False,False,False,False,True,False
10,2025-04-06,7,4.0,3.6666666666666665,6,4,1,Chaussures Running,89.99,2025-01-01,95,False,False,False,False,False,False,False,True,False,False,False,False,True,False
10,2025-04-07,1,3.7142857142857144,3.533333333333333,0,4,0,Chaussures Running,89.99,2025-01-01,96,False,False,False,False,False,False,False,True,False,False,False,False,True,False
10,2025-04-08,1,3.5714285714285716,3.5,1,4,0,Chaussures Running,89.99,2025-01-01,97,False,False,False,False,False,False,False,True,False,False,False,False,True,False
10,2025-04-09,3,3.857142857142857,3.533333333333333,2,4,0,Chaussures Running,89.99,2025-01-01,98,False,False,False,False,False,False,False,True,False,False,False,False,True,False
10,2025-04-10,4,4.285714285714286,3.5,3,4,0,Chaussures Running,89.99,2025-01-01,99,False,False,False,False,False,False,False,True,False,False,False,False,True,False
10,2025-04-11,1,3.7142857142857144,3.3333333333333335,4,4,0,Chaussures Running,89.99,2025-01-01,100,False,False,False,False,False,False,False,True,False,False,False,False,True,False
10,2025-04-12,5,3.142857142857143,3.433333333333333,5,4,1,Chaussures Running,89.99,2025-01-01,101,False,False,False,False,False,False,False,True,False,False,False,False,True,False
10,2025-04-14,2,2.4285714285714284,3.433333333333333,0,4,0,Chaussures Running,89.99,2025-01-01,103,False,False,False,False,False,False,False,True,False,False,False,False,True,False
10,2025-04-15,4,2.857142857142857,3.4,1,4,0,Chaussures Running,89.99,2025-01-01,104,False,False,False,False,False,False,False,True,False,False,False,False,True,False
10,2025-04-16,8,3.857142857142857,3.466666666666667,2,4,0,Chaussures Running,89.99,2025-01-01,105,False,False,False,False,False,False,False,True,False,False,False,False,True,False
10,2025-04-17,2,3.7142857142857144,3.433333333333333,3,4,0,Chaussures Running,89.99,2025-01-01,106,False,False,False,False,False,False,False,True,False,False,False,False,True,False
10,2025-04-18,6,4.0,3.433333333333333,4,4,0,Chaussures Running,89.99,2025-01-01,107,False,False,False,False,False,False,False,True,False,False,False,False,True,False
10,2025-04-19,3,4.285714285714286,3.3333333333333335,5,4,1,Chaussures Running,89.99,2025-01-01,108,False,False,False,False,False,False,False,True,False,False,False,False,True,False
10,2025-04-20,1,3.7142857142857144,3.3,6,4,1,Chaussures Running,89.99,2025-01-01,109,False,False,False,False,False,False,False,True,False,False,False,False,True,False
10,2025-04-22,3,3.857142857142857,3.3,1,4,0,Chaussures Running,89.99,2025-01-01,111,False,False,False,False,False,False,False,True,False,False,False,False,True,False
10,2025-04-23,6,4.142857142857143,3.3,2,4,0,Chaussures Running,89.99,2025-01-01,112,False,False,False,False,False,False,False,True,False,False,False,False,True,False
10,2025-04-24,3,3.4285714285714284,3.3666666666666667,3,4,0,Chaussures Running,89.99,2025-01-01,113,False,False,False,False,False,False,False,True,False,False,False,False,True,False
10,2025-04-25,1,3.2857142857142856,3.2333333333333334,4,4,0,Chaussures Running,89.99,2025-01-01,114,False,False,False,False,False,False,False,True,False,False,False,False,True,False
10,2025-04-26,4,3.0,3.3,5,4,1,Chaussures Running,89.99,2025-01-01,115,False,False,False,False,False,False,False,True,False,False,False,False,True,False
10,2025-04-27,2,2.857142857142857,3.2,6,4,1,Chaussures Running,89.99,2025-01-01,116,False,False,False,False,False,False,False,True,False,False,False,False,True,False
10,2025-04-28,2,3.0,3.2333333333333334,0,4,0,Chaussures Running,89.99,2025-01-01,117,False,False,False,False,False,False,False,True,False,False,False,False,True,False
10,2025-04-29,2,2.857142857142857,3.2333333333333334,1,4,0,Chaussures Running,89.99,2025-01-01,118,False,False,False,False,False,False,False,True,False,False,False,False,True,False
10,2025-04-30,5,2.7142857142857144,3.2666666666666666,2,4,0,Chaussures Running,89.99,2025-01-01,119,False,False,False,False,False,False,False,True,False,False,False,False,True,False
10,2025-05-01,3,2.7142857142857144,3.3333333333333335,3,5,0,Chaussures Running,89.99,2025-01-01,120,False,False,False,False,False,False,False,True,False,False,False,False,True,False
10,2025-05-03,1,2.7142857142857144,3.2666666666666666,5,5,1,Chaussures Running,89.99,2025-01-01,122,False,False,False,False,False,False,False,True,False,False,False,False,True,False
10,2025-05-04,3,2.5714285714285716,3.3,6,5,1,Chaussures Running,89.99,2025-01-01,123,False,False,False,False,False,False,False,True,False,False,False,False,True,False
10,2025-05-05,5,3.0,3.433333333333333,0,5,0,Chaussures Running,89.99,2025-01-01,124,False,False,False,False,False,False,False,True,False,False,False,False,True,False
10,2025-05-06,6,3.5714285714285716,3.6,1,5,0,Chaussures Running,89.99,2025-01-01,125,False,False,False,False,False,False,False,True,False,False,False,False,True,False
10,2025-05-07,2,3.5714285714285716,3.5,2,5,0,Chaussures Running,89.99,2025-01-01,126,False,False,False,False,False,False,False,True,False,False,False,False,True,False
10,2025-05-08,3,3.2857142857142856,3.3,3,5,0,Chaussures Running,89.99,2025-01-01,127,False,False,False,False,False,False,False,True,False,False,False,False,True,False
10,2025-05-09,2,3.142857142857143,3.1333333333333333,4,5,0,Chaussures Running,89.99,2025-01-01,128,False,False,False,False,False,False,False,True,False,False,False,False,True,False
10,2025-05-10,5,3.7142857142857144,3.2666666666666666,5,5,1,Chaussures Running,89.99,2025-01-01,129,False,False,False,False,False,False,False,True,False,False,False,False,True,False
10,2025-05-11,3,3.7142857142857144,3.3333333333333335,6,5,1,Chaussures Running,89.99,2025-01-01,130,False,False,False,False,False,False,False,True,False,False,False,False,True,False
10,2025-05-12,2,3.2857142857142856,3.3,0,5,0,Chaussures Running,89.99,2025-01-01,131,False,False,False,False,False,False,False,True,False,False,False,False,True,False
10,2025-05-13,3,2.857142857142857,3.2666666666666666,1,5,0,Chaussures Running,89.99,2025-01-01,132,False,False,False,False,False,False,False,True,False,False,False,False,True,False
10,2025-05-14,4,3.142857142857143,3.3666666666666667,2,5,0,Chaussures Running,89.99,2025-01-01,133,False,False,False,False,False,False,False,True,False,False,False,False,True,False
10,2025-05-16,7,3.7142857142857144,3.433333333333333,4,5,0,Chaussures Running,89.99,2025-01-01,135,False,False,False,False,False,False,False,True,False,False,False,False,True,False
10,2025-05-17,1,3.5714285714285716,3.4,5,5,1,Chaussures Running,89.99,2025-01-01,136,False,False,False,False,False,False,False,True,False,False,False,False,True,False
10,2025-05-18,2,3.142857142857143,3.3333333333333335,6,5,1,Chaussures Running,89.99,2025-01-01,137,False,False,False,False,False,False,False,True,False,False,False,False,True,False
10,2025-05-19,5,3.4285714285714284,3.2333333333333334,0,5,0,Chaussures Running,89.99,2025-01-01,138,False,False,False,False,False,False,False,True,False,False,False,False,True,False
10,2025-05-20,1,3.2857142857142856,3.2,1,5,0,Chaussures Running,89.99,2025-01-01,139,False,False,False,False,False,False,False,True,False,False,False,False,True,False
10,2025-05-22,5,3.5714285714285716,3.1666666666666665,3,5,0,Chaussures Running,89.99,2025-01-01,141,False,False,False,False,False,False,False,True,False,False,False,False,True,False
10,2025-05-23,3,3.4285714285714284,3.1666666666666665,4,5,0,Chaussures Running,89.99,2025-01-01,142,False,False,False,False,False,False,False,True,False,False,False,False,True,False
10,2025-05-24,4,3.0,3.2666666666666666,5,5,1,Chaussures Running,89.99,2025-01-01,143,False,False,False,False,False,False,False,True,False,False,False,False,True,False
10,2025-05-25,1,3.0,3.2,6,5,1,Chaussures Running,89.99,2025-01-01,144,False,False,False,False,False,False,False,True,False,False,False,False,True,False
10,2025-05-26,3,3.142857142857143,3.1,0,5,0,Chaussures Running,89.99,2025-01-01,145,False,False,False,False,False,False,False,True,False,False,False,False,True,False
10,2025-05-27,1,2.5714285714285716,3.033333333333333,1,5,0,Chaussures Running,89.99,2025-01-01,146,False,False,False,False,False,False,False,True,False,False,False,False,True,False
10,2025-05-28,3,2.857142857142857,3.1,2,5,0,Chaussures Running,89.99,2025-01-01,147,False,False,False,False,False,False,False,True,False,False,False,False,True,False
10,2025-05-29,1,2.2857142857142856,3.0,3,5,0,Chaussures Running,89.99,2025-01-01,148,False,False,False,False,False,False,False,True,False,False,False,False,True,False
10,2025-05-30,2,2.142857142857143,3.0,4,5,0,Chaussures Running,89.99,2025-01-01,149,False,False,False,False,False,False,False,True,False,False,False,False,True,False
10,2025-05-31,6,2.4285714285714284,3.1333333333333333,5,5,1,Chaussures Running,89.99,2025-01-01,150,False,False,False,False,False,False,False,True,False,False,False,False,True,False
10,2025-06-01,7,3.2857142857142856,3.3,6,6,1,Chaussures Running,89.99,2025-01-01,151,False,False,False,False,False,False,False,True,False,False,False,False,True,False
10,2025-06-03,4,3.4285714285714284,3.2666666666666666,1,6,0,Chaussures Running,89.99,2025-01-01,153,False,False,False,False,False,False,False,True,False,False,False,False,True,False
10,2025-06-04,2,3.5714285714285716,3.2333333333333334,2,6,0,Chaussures Running,89.99,2025-01-01,154,False,False,False,False,False,False,False,True,False,False,False,False,True,False
10,2025-06-05,2,3.4285714285714284,3.2666666666666666,3,6,0,Chaussures Running,89.99,2025-01-01,155,False,False,False,False,False,False,False,True,False,False,False,False,True,False
10,2025-06-06,1,3.4285714285714284,3.2,4,6,0,Chaussures Running,89.99,2025-01-01,156,False,False,False,False,False,False,False,True,False,False,False,False,True,False
10,2025-06-07,4,3.7142857142857144,3.1666666666666665,5,6,1,Chaussures Running,89.99,2025-01-01,157,False,False,False,False,False,False,False,True,False,False,False,False,True,False
10,2025-06-08,4,3.4285714285714284,3.1,6,6,1,Chaussures Running,89.99,2025-01-01,158,False,False,False,False,False,False,False,True,False,False,False,False,True,False
10,2025-06-09,2,2.7142857142857144,3.1,0,6,0,Chaussures Running,89.99,2025-01-01,159,False,False,False,False,False,False,False,True,False,False,False,False,True,False
10,2025-06-11,3,2.5714285714285716,3.1,2,6,0,Chaussures Running,89.99,2025-01-01,161,False,False,False,False,False,False,False,True,False,False,False,False,True,False
10,2025-06-12,1,2.4285714285714284,3.066666666666667,3,6,0,Chaussures Running,89.99,2025-01-01,162,False,False,False,False,False,False,False,True,False,False,False,False,True,False
10,2025-06-14,3,2.5714285714285716,3.0,5,6,1,Chaussures Running,89.99,2025-01-01,164,False,False,False,False,False,False,False,True,False,False,False,False,True,False
10,2025-06-15,10,3.857142857142857,3.2333333333333334,6,6,1,Chaussures Running,89.99,2025-01-01,165,False,False,False,False,False,False,False,True,False,False,False,False,True,False
10,2025-06-16,2,3.5714285714285716,3.2333333333333334,0,6,0,Chaussures Running,89.99,2025-01-01,166,False,False,False,False,False,False,False,True,False,False,False,False,True,False
10,2025-06-17,2,3.2857142857142856,3.2,1,6,0,Chaussures Running,89.99,2025-01-01,167,False,False,False,False,False,False,False,True,False,False,False,False,True,False
10,2025-06-18,7,4.0,3.3,2,6,0,Chaussures Running,89.99,2025-01-01,168,False,False,False,False,False,False,False,True,False,False,False,False,True,False
10,2025-06-20,3,4.0,3.1666666666666665,4,6,0,Chaussures Running,89.99,2025-01-01,170,False,False,False,False,False,False,False,True,False,False,False,False,True,False
10,2025-06-21,4,4.428571428571429,3.2666666666666666,5,6,1,Chaussures Running,89.99,2025-01-01,171,False,False,False,False,False,False,False,True,False,False,False,False,True,False
10,2025-06-22,3,4.428571428571429,3.3,6,6,1,Chaussures Running,89.99,2025-01-01,172,False,False,False,False,False,False,False,True,False,False,False,False,True,False
10,2025-06-23,2,3.2857142857142856,3.2,0,6,0,Chaussures Running,89.99,2025-01-01,173,False,False,False,False,False,False,False,True,False,False,False,False,True,False
10,2025-06-24,1,3.142857142857143,3.2,1,6,0,Chaussures Running,89.99,2025-01-01,174,False,False,False,False,False,False,False,True,False,False,False,False,True,False
10,2025-06-25,4,3.4285714285714284,3.1666666666666665,2,6,0,Chaussures Running,89.99,2025-01-01,175,False,False,False,False,False,False,False,True,False,False,False,False,True,False
10,2025-06-26,2,2.7142857142857144,3.1333333333333333,3,6,0,Chaussures Running,89.99,2025-01-01,176,False,False,False,False,False,False,False,True,False,False,False,False,True,False
10,2025-06-27,2,2.5714285714285716,3.066666666666667,4,6,0,Chaussures Running,89.99,2025-01-01,177,False,False,False,False,False,False,False,True,False,False,False,False,True,False
10,2025-06-28,4,2.5714285714285716,3.1666666666666665,5,6,1,Chaussures Running,89.99,2025-01-01,178,False,False,False,False,False,False,False,True,False,False,False,False,True,False
10,2025-06-29,5,2.857142857142857,3.2333333333333334,6,6,1,Chaussures Running,89.99,2025-01-01,179,False,False,False,False,False,False,False,True,False,False,False,False,True,False
10,2025-06-30,5,3.2857142857142856,3.3666666666666667,0,6,0,Chaussures Running,89.99,2025-01-01,180,False,False,False,False,False,False,False,True,False,False,False,False,True,False
11,2025-01-01,7,7.0,7.0,2,1,0,Sac à Dos Urbain,39.99,2025-01-01,0,True,False,False,False,False,False,False,False,False,False,False,True,False,False
11,2025-01-02,3,5.0,5.0,3,1,0,Sac à Dos Urbain,39.99,2025-01-01,1,True,False,False,False,False,False,False,False,False,False,False,True,False,False
11,2025-01-03,2,4.0,4.0,4,1,0,Sac à Dos Urbain,39.99,2025-01-01,2,True,False,False,False,False,False,False,False,False,False,False,True,False,False
11,2025-01-04,3,3.75,3.75,5,1,1,Sac à Dos Urbain,39.99,2025-01-01,3,True,False,False,False,False,False,False,False,False,False,False,True,False,False
11,2025-01-06,3,3.6,3.6,0,1,0,Sac à Dos Urbain,39.99,2025-01-01,5,True,False,False,False,False,False,False,False,False,False,False,True,False,False
11,2025-01-07,6,4.0,4.0,1,1,0,Sac à Dos Urbain,39.99,2025-01-01,6,True,False,False,False,False,False,False,False,False,False,False,True,False,False
11,2025-01-08,4,4.0,4.0,2,1,0,Sac à Dos Urbain,39.99,2025-01-01,7,True,False,False,False,False,False,False,False,False,False,False,True,False,False
11,2025-01-11,5,3.7142857142857144,4.125,5,1,1,Sac à Dos Urbain,39.99,2025-01-01,10,True,False,False,False,False,False,False,False,False,False,False,True,False,False
11,2025-01-12,11,4.857142857142857,4.888888888888889,6,1,1,Sac à Dos Urbain,39.99,2025-01-01,11,True,False,False,False,False,False,False,False,False,False,False,True,False,False
11,2025-01-14,10,6.0,5.4,1,1,0,Sac à Dos Urbain,39.99,2025-01-01,13,True,False,False,False,False,False,False,False,False,False,False,True,False,False
11,2025-01-15,1,5.714285714285714,5.0,2,1,0,Sac à Dos Urbain,39.99,2025-01-01,14,True,False,False,False,False,False,False,False,False,False,False,True,False,False
11,2025-01-16,4,5.857142857142857,4.916666666666667,3,1,0,Sac à Dos Urbain,39.99,2025-01-01,15,True,False,False,False,False,False,False,False,False,False,False,True,False,False
11,2025-01-17,1,5.142857142857143,4.615384615384615,4,1,0,Sac à Dos Urbain,39.99,2025-01-01,16,True,False,False,False,False,False,False,False,False,False,False,True,False,False
11,2025-01-19,1,4.714285714285714,4.357142857142857,6,1,1,Sac à Dos Urbain,39.99,2025-01-01,18,True,False,False,False,False,False,False,False,False,False,False,True,False,False
11,2025-01-20,4,4.571428571428571,4.333333333333333,0,1,0,Sac à Dos Urbain,39.99,2025-01-01,19,True,False,False,False,False,False,False,False,False,False,False,True,False,False
11,2025-01-23,4,3.5714285714285716,4.3125,3,1,0,Sac à Dos Urbain,39.99,2025-01-01,22,True,False,False,False,False,False,False,False,False,False,False,True,False,False
11,2025-01-24,3,2.5714285714285716,4.235294117647059,4,1,0,Sac à Dos Urbain,39.99,2025-01-01,23,True,False,False,False,False,False,False,False,False,False,False,True,False,False
11,2025-01-25,1,2.5714285714285716,4.055555555555555,5,1,1,Sac à Dos Urbain,39.99,2025-01-01,24,True,False,False,False,False,False,False,False,False,False,False,True,False,False
11,2025-01-26,5,2.7142857142857144,4.105263157894737,6,1,1,Sac à Dos Urbain,39.99,2025-01-01,25,True,False,False,False,False,False,False,False,False,False,False,True,False,False
11,2025-01-27,2,2.857142857142857,4.0,0,1,0,Sac à Dos Urbain,39.99,2025-01-01,26,True,False,False,False,False,False,False,False,False,False,False,True,False,False
11,2025-01-30,1,2.857142857142857,3.857142857142857,3,1,0,Sac à Dos Urbain,39.99,2025-01-01,29,True,False,False,False,False,False,False,False,False,False,False,True,False,False
11,2025-01-31,4,2.857142857142857,3.8636363636363638,4,1,0,Sac à Dos Urbain,39.99,2025-01-01,30,True,False,False,False,False,False,False,False,False,False,False,True,False,False
11,2025-02-01,1,2.4285714285714284,3.739130434782609,5,2,1,Sac à Dos Urbain,39.99,2025-01-01,31,True,False,False,False,False,False,False,False,False,False,False,True,False,False
11,2025-02-03,1,2.142857142857143,3.625,0,2,0,Sac à Dos Urbain,39.99,2025-01-01,33,True,False,False,False,False,False,False,False,False,False,False,True,False,False
11,2025-02-05,2,2.2857142857142856,3.56,2,2,0,Sac à Dos Urbain,39.99,2025-01-01,35,True,False,False,False,False,False,False,False,False,False,False,True,False,False
11,2025-02-06,7,2.5714285714285716,3.6923076923076925,3,2,0,Sac à Dos Urbain,39.99,2025-01-01,36,True,False,False,False,False,False,False,False,False,False,False,True,False,False
11,2025-02-07,11,3.857142857142857,3.962962962962963,4,2,0,Sac à Dos Urbain,39.99,2025-01-01,37,True,False,False,False,False,False,False,False,False,False,False,True,False,False
11,2025-02-08,5,4.428571428571429,4.0,5,2,1,Sac à Dos Urbain,39.99,2025-01-01,38,True,False,False,False,False,False,False,False,False,False,False,True,False,False
11,2025-02-09,4,4.428571428571429,4.0,6,2,1,Sac à Dos Urbain,39.99,2025-01-01,39,True,False,False,False,False,False,False,False,False,False,False,True,False,False
11,2025-02-10,1,4.428571428571429,3.9,0,2,0,Sac à Dos Urbain,39.99,2025-01-01,40,True,False,False,False,False,False,False,False,False,False,False,True,False,False
11,2025-02-13,1,4.428571428571429,3.7,3,2,0,Sac à Dos Urbain,39.99,2025-01-01,43,True,False,False,False,False,False,False,False,False,False,False,True,False,False
11,2025-02-14,5,4.857142857142857,3.7666666666666666,4,2,0,Sac à Dos Urbain,39.99,2025-01-01,44,True,False,False,False,False,False,False,False,False,False,False,True,False,False
11,2025-02-15,5,4.571428571428571,3.8666666666666667,5,2,1,Sac à Dos Urbain,39.99,2025-01-01,45,True,False,False,False,False,False,False,False,False,False,False,True,False,False
11,2025-02-16,1,3.142857142857143,3.8,6,2,1,Sac à Dos Urbain,39.99,2025-01-01,46,True,False,False,False,False,False,False,False,False,False,False,True,False,False
11,2025-02-18,1,2.5714285714285716,3.7333333333333334,1,2,0,Sac à Dos Urbain,39.99,2025-01-01,48,True,False,False,False,False,False,False,False,False,False,False,True,False,False
11,2025-02-19,1,2.142857142857143,3.566666666666667,2,2,0,Sac à Dos Urbain,39.99,2025-01-01,49,True,False,False,False,False,False,False,False,False,False,False,True,False,False
11,2025-02-20,2,2.2857142857142856,3.5,3,2,0,Sac à Dos Urbain,39.99,2025-01-01,50,True,False,False,False,False,False,False,False,False,False,False,True,False,False
11,2025-02-21,4,2.7142857142857144,3.466666666666667,4,2,0,Sac à Dos Urbain,39.99,2025-01-01,51,True,False,False,False,False,False,False,False,False,False,False,True,False,False
11,2025-02-22,1,2.142857142857143,3.1333333333333333,5,2,1,Sac à Dos Urbain,39.99,2025-01-01,52,True,False,False,False,False,False,False,False,False,False,False,True,False,False
11,2025-02-23,3,1.8571428571428572,2.9,6,2,1,Sac à Dos Urbain,39.99,2025-01-01,53,True,False,False,False,False,False,False,False,False,False,False,True,False,False
11,2025-02-24,2,2.0,2.933333333333333,0,2,0,Sac à Dos Urbain,39.99,2025-01-01,54,True,False,False,False,False,False,False,False,False,False,False,True,False,False
11,2025-02-26,1,2.0,2.8333333333333335,2,2,0,Sac à Dos Urbain,39.99,2025-01-01,56,True,False,False,False,False,False,False,False,False,False,False,True,False,False
11,2025-02-27,2,2.142857142857143,2.8666666666666667,3,2,0,Sac à Dos Urbain,39.99,2025-01-01,57,True,False,False,False,False,False,False,False,False,False,False,True,False,False
11,2025-02-28,5,2.5714285714285716,3.0,4,2,0,Sac à Dos Urbain,39.99,2025-01-01,58,True,False,False,False,False,False,False,False,False,False,False,True,False,False
11,2025-03-01,5,2.7142857142857144,3.033333333333333,5,3,1,Sac à Dos Urbain,39.99,2025-01-01,59,True,False,False,False,False,False,False,False,False,False,False,True,False,False
11,2025-03-02,5,3.2857142857142856,3.066666666666667,6,3,1,Sac à Dos Urbain,39.99,2025-01-01,60,True,False,False,False,False,False,False,False,False,False,False,True,False,False
11,2025-03-03,3,3.2857142857142856,3.066666666666667,0,3,0,Sac à Dos Urbain,39.99,2025-01-01,61,True,False,False,False,False,False,False,False,False,False,False,True,False,False
11,2025-03-04,4,3.5714285714285716,3.1666666666666665,1,3,0,Sac à Dos Urbain,39.99,2025-01-01,62,True,False,False,False,False,False,False,False,False,False,False,True,False,False
11,2025-03-06,2,3.7142857142857144,3.066666666666667,3,3,0,Sac à Dos Urbain,39.99,2025-01-01,64,True,False,False,False,False,False,False,False,False,False,False,True,False,False
11,2025-03-07,1,3.5714285714285716,3.033333333333333,4,3,0,Sac à Dos Urbain,39.99,2025-01-01,65,True,False,False,False,False,False,False,False,False,False,False,True,False,False
11,2025-03-08,4,3.4285714285714284,3.1333333333333333,5,3,1,Sac à Dos Urbain,39.99,2025-01-01,66,True,False,False,False,False,False,False,False,False,False,False,True,False,False
11,2025-03-09,2,3.0,3.066666666666667,6,3,1,Sac à Dos Urbain,39.99,2025-01-01,67,True,False,False,False,False,False,False,False,False,False,False,True,False,False
11,2025-03-10,4,2.857142857142857,3.1666666666666665,0,3,0,Sac à Dos Urbain,39.99,2025-01-01,68,True,False,False,False,False,False,False,False,False,False,False,True,False,False
11,2025-03-12,1,2.5714285714285716,3.1666666666666665,2,3,0,Sac à Dos Urbain,39.99,2025-01-01,70,True,False,False,False,False,False,False,False,False,False,False,True,False,False
11,2025-03-14,1,2.142857142857143,3.1333333333333333,4,3,0,Sac à Dos Urbain,39.99,2025-01-01,72,True,False,False,False,False,False,False,False,False,False,False,True,False,False
11,2025-03-15,6,2.7142857142857144,3.1,5,3,1,Sac à Dos Urbain,39.99,2025-01-01,73,True,False,False,False,False,False,False,False,False,False,False,True,False,False
11,2025-03-16,1,2.7142857142857144,2.7666666666666666,6,3,1,Sac à Dos Urbain,39.99,2025-01-01,74,True,False,False,False,False,False,False,False,False,False,False,True,False,False
11,2025-03-20,5,2.857142857142857,2.7666666666666666,3,3,0,Sac à Dos Urbain,39.99,2025-01-01,78,True,False,False,False,False,False,False,False,False,False,False,True,False,False
11,2025-03-21,2,2.857142857142857,2.7,4,3,0,Sac à Dos Urbain,39.99,2025-01-01,79,True,False,False,False,False,False,False,False,False,False,False,True,False,False
11,2025-03-22,2,2.5714285714285716,2.7333333333333334,5,3,1,Sac à Dos Urbain,39.99,2025-01-01,80,True,False,False,False,False,False,False,False,False,False,False,True,False,False
11,2025-03-23,2,2.7142857142857144,2.7666666666666666,6,3,1,Sac à Dos Urbain,39.99,2025-01-01,81,True,False,False,False,False,False,False,False,False,False,False,True,False,False
11,2025-03-25,1,2.7142857142857144,2.6333333333333333,1,3,0,Sac à Dos Urbain,39.99,2025-01-01,83,True,False,False,False,False,False,False,False,False,False,False,True,False,False
11,2025-03-26,1,2.0,2.5,2,3,0,Sac à Dos Urbain,39.99,2025-01-01,84,True,False,False,False,False,False,False,False,False,False,False,True,False,False
11,2025-03-27,1,2.0,2.5,3,3,0,Sac à Dos Urbain,39.99,2025-01-01,85,True,False,False,False,False,False,False,False,False,False,False,True,False,False
11,2025-03-28,8,2.4285714285714284,2.7333333333333334,4,3,0,Sac à Dos Urbain,39.99,2025-01-01,86,True,False,False,False,False,False,False,False,False,False,False,True,False,False
11,2025-03-29,5,2.857142857142857,2.8666666666666667,5,3,1,Sac à Dos Urbain,39.99,2025-01-01,87,True,False,False,False,False,False,False,False,False,False,False,True,False,False
11,2025-03-30,4,3.142857142857143,2.933333333333333,6,3,1,Sac à Dos Urbain,39.99,2025-01-01,88,True,False,False,False,False,False,False,False,False,False,False,True,False,False
11,2025-04-01,1,3.0,2.8333333333333335,1,4,0,Sac à Dos Urbain,39.99,2025-01-01,90,True,False,False,False,False,False,False,False,False,False,False,True,False,False
11,2025-04-02,2,3.142857142857143,2.8666666666666667,2,4,0,Sac à Dos Urbain,39.99,2025-01-01,91,True,False,False,False,False,False,False,False,False,False,False,True,False,False
11,2025-04-04,7,4.0,3.0,4,4,0,Sac à Dos Urbain,39.99,2025-01-01,93,True,False,False,False,False,False,False,False,False,False,False,True,False,False
11,2025-04-05,4,4.428571428571429,3.066666666666667,5,4,1,Sac à Dos Urbain,39.99,2025-01-01,94,True,False,False,False,False,False,False,False,False,False,False,True,False,False
11,2025-04-06,3,3.7142857142857144,3.1333333333333333,6,4,1,Sac à Dos Urbain,39.99,2025-01-01,95,True,False,False,False,False,False,False,False,False,False,False,True,False,False
11,2025-04-07,1,3.142857142857143,3.1,0,4,0,Sac à Dos Urbain,39.99,2025-01-01,96,True,False,False,False,False,False,False,False,False,False,False,True,False,False
11,2025-04-08,3,3.0,3.033333333333333,1,4,0,Sac à Dos Urbain,39.99,2025-01-01,97,True,False,False,False,False,False,False,False,False,False,False,True,False,False
11,2025-04-09,5,3.5714285714285716,3.033333333333333,2,4,0,Sac à Dos Urbain,39.99,2025-01-01,98,True,False,False,False,False,False,False,False,False,False,False,True,False,False
11,2025-04-10,3,3.7142857142857144,2.966666666666667,3,4,0,Sac à Dos Urbain,39.99,2025-01-01,99,True,False,False,False,False,False,False,False,False,False,False,True,False,False
11,2025-04-11,3,3.142857142857143,2.966666666666667,4,4,0,Sac à Dos Urbain,39.99,2025-01-01,100,True,False,False,False,False,False,False,False,False,False,False,True,False,False
11,2025-04-12,4,3.142857142857143,2.966666666666667,5,4,1,Sac à Dos Urbain,39.99,2025-01-01,101,True,False,False,False,False,False,False,False,False,False,False,True,False,False
11,2025-04-16,3,3.142857142857143,3.0,2,4,0,Sac à Dos Urbain,39.99,2025-01-01,105,True,False,False,False,False,False,False,False,False,False,False,True,False,False
11,2025-04-17,1,3.142857142857143,3.0,3,4,0,Sac à Dos Urbain,39.99,2025-01-01,106,True,False,False,False,False,False,False,False,False,False,False,True,False,False
11,2025-04-18,1,2.857142857142857,2.9,4,4,0,Sac à Dos Urbain,39.99,2025-01-01,107,True,False,False,False,False,False,False,False,False,False,False,True,False,False
11,2025-04-20,2,2.4285714285714284,2.9,6,4,1,Sac à Dos Urbain,39.99,2025-01-01,109,True,False,False,False,False,False,False,False,False,False,False,True,False,False
11,2025-04-21,1,2.142857142857143,2.8,0,4,0,Sac à Dos Urbain,39.99,2025-01-01,110,True,False,False,False,False,False,False,False,False,False,False,True,False,False
11,2025-04-23,2,2.0,2.8333333333333335,2,4,0,Sac à Dos Urbain,39.99,2025-01-01,112,True,False,False,False,False,False,False,False,False,False,False,True,False,False
11,2025-04-24,2,1.7142857142857142,2.8666666666666667,3,4,0,Sac à Dos Urbain,39.99,2025-01-01,113,True,False,False,False,False,False,False,False,False,False,False,True,False,False
11,2025-04-25,2,1.5714285714285714,2.7333333333333334,4,4,0,Sac à Dos Urbain,39.99,2025-01-01,114,True,False,False,False,False,False,False,False,False,False,False,True,False,False
11,2025-04-26,5,2.142857142857143,2.8666666666666667,5,4,1,Sac à Dos Urbain,39.99,2025-01-01,115,True,False,False,False,False,False,False,False,False,False,False,True,False,False
11,2025-04-27,4,2.5714285714285716,2.8333333333333335,6,4,1,Sac à Dos Urbain,39.99,2025-01-01,116,True,False,False,False,False,False,False,False,False,False,False,True,False,False
11,2025-04-30,3,2.7142857142857144,2.8666666666666667,2,4,0,Sac à Dos Urbain,39.99,2025-01-01,119,True,False,False,False,False,False,False,False,False,False,False,True,False,False
11,2025-05-01,5,3.2857142857142856,2.966666666666667,3,5,0,Sac à Dos Urbain,39.99,2025-01-01,120,True,False,False,False,False,False,False,False,False,False,False,True,False,False
11,2025-05-02,1,3.142857142857143,2.933333333333333,4,5,0,Sac à Dos Urbain,39.99,2025-01-01,121,True,False,False,False,False,False,False,False,False,False,False,True,False,False
11,2025-05-03,2,3.142857142857143,2.966666666666667,5,5,1,Sac à Dos Urbain,39.99,2025-01-01,122,True,False,False,False,False,False,False,False,False,False,False,True,False,False
11,2025-05-04,1,3.0,2.966666666666667,6,5,1,Sac à Dos Urbain,39.99,2025-01-01,123,True,False,False,False,False,False,False,False,False,False,False,True,False,False
11,2025-05-05,1,2.4285714285714284,2.966666666666667,0,5,0,Sac à Dos Urbain,39.99,2025-01-01,124,True,False,False,False,False,False,False,False,False,False,False,True,False,False
11,2025-05-06,1,2.0,2.7333333333333334,1,5,0,Sac à Dos Urbain,39.99,2025-01-01,125,True,False,False,False,False,False,False,False,False,False,False,True,False,False
11,2025-05-07,2,1.8571428571428572,2.6333333333333333,2,5,0,Sac à Dos Urbain,39.99,2025-01-01,126,True,False,False,False,False,False,False,False,False,False,False,True,False,False
11,2025-05-08,3,1.5714285714285714,2.6,3,5,0,Sac à Dos Urbain,39.99,2025-01-01,127,True,False,False,False,False,False,False,False,False,False,False,True,False,False
11,2025-05-09,1,1.5714285714285714,2.6,4,5,0,Sac à Dos Urbain,39.99,2025-01-01,128,True,False,False,False,False,False,False,False,False,False,False,True,False,False
11,2025-05-12,3,1.7142857142857142,2.6333333333333333,0,5,0,Sac à Dos Urbain,39.99,2025-01-01,131,True,False,False,False,False,False,False,False,False,False,False,True,False,False
11,2025-05-13,3,2.0,2.5,1,5,0,Sac à Dos Urbain,39.99,2025-01-01,132,True,False,False,False,False,False,False,False,False,False,False,True,False,False
11,2025-05-14,13,3.7142857142857144,2.8,2,5,0,Sac à Dos Urbain,39.99,2025-01-01,133,True,False,False,False,False,False,False,False,False,False,False,True,False,False
11,2025-05-15,5,4.285714285714286,2.8666666666666667,3,5,0,Sac à Dos Urbain,39.99,2025-01-01,134,True,False,False,False,False,False,False,False,False,False,False,True,False,False
11,2025-05-17,7,5.0,3.066666666666667,5,5,1,Sac à Dos Urbain,39.99,2025-01-01,136,True,False,False,False,False,False,False,False,False,False,False,True,False,False
11,2025-05-18,6,5.428571428571429,3.1666666666666665,6,5,1,Sac à Dos Urbain,39.99,2025-01-01,137,True,False,False,False,False,False,False,False,False,False,False,True,False,False
11,2025-05-20,5,6.0,3.1666666666666665,1,5,0,Sac à Dos Urbain,39.99,2025-01-01,139,True,False,False,False,False,False,False,False,False,False,False,True,False,False
11,2025-05-22,1,5.714285714285714,3.1,3,5,0,Sac à Dos Urbain,39.99,2025-01-01,141,True,False,False,False,False,False,False,False,False,False,False,True,False,False
11,2025-05-25,5,6.0,3.1666666666666665,6,5,1,Sac à Dos Urbain,39.99,2025-01-01,144,True,False,False,False,False,False,False,False,False,False,False,True,False,False
11,2025-05-27,1,4.285714285714286,3.066666666666667,1,5,0,Sac à Dos Urbain,39.99,2025-01-01,146,True,False,False,False,False,False,False,False,False,False,False,True,False,False
11,2025-05-28,3,4.0,3.066666666666667,2,5,0,Sac à Dos Urbain,39.99,2025-01-01,147,True,False,False,False,False,False,False,False,False,False,False,True,False,False
11,2025-05-29,2,3.2857142857142856,3.1,3,5,0,Sac à Dos Urbain,39.99,2025-01-01,148,True,False,False,False,False,False,False,False,False,False,False,True,False,False
11,2025-05-31,2,2.7142857142857144,3.1333333333333333,5,5,1,Sac à Dos Urbain,39.99,2025-01-01,150,True,False,False,False,False,False,False,False,False,False,False,True,False,False
11,2025-06-02,1,2.142857142857143,3.1,0,6,0,Sac à Dos Urbain,39.99,2025-01-01,152,True,False,False,False,False,False,False,False,False,False,False,True,False,False
11,2025-06-03,1,2.142857142857143,3.1,1,6,0,Sac à Dos Urbain,39.99,2025-01-01,153,True,False,False,False,False,False,False,False,False,False,False,True,False,False
11,2025-06-04,1,1.5714285714285714,3.066666666666667,2,6,0,Sac à Dos Urbain,39.99,2025-01-01,154,True,False,False,False,False,False,False,False,False,False,False,True,False,False
11,2025-06-05,2,1.7142857142857142,3.066666666666667,3,6,0,Sac à Dos Urbain,39.99,2025-01-01,155,True,False,False,False,False,False,False,False,False,False,False,True,False,False
11,2025-06-07,2,1.5714285714285714,3.066666666666667,5,6,1,Sac à Dos Urbain,39.99,2025-01-01,157,True,False,False,False,False,False,False,False,False,False,False,True,False,False
11,2025-06-08,1,1.4285714285714286,2.933333333333333,6,6,1,Sac à Dos Urbain,39.99,2025-01-01,158,True,False,False,False,False,False,False,False,False,False,False,True,False,False
11,2025-06-10,2,1.4285714285714286,2.8666666666666667,1,6,0,Sac à Dos Urbain,39.99,2025-01-01,160,True,False,False,False,False,False,False,False,False,False,False,True,False,False
11,2025-06-11,1,1.4285714285714286,2.8,2,6,0,Sac à Dos Urbain,39.99,2025-01-01,161,True,False,False,False,False,False,False,False,False,False,False,True,False,False
11,2025-06-15,7,2.2857142857142856,2.8666666666666667,6,6,1,Sac à Dos Urbain,39.99,2025-01-01,165,True,False,False,False,False,False,False,False,False,False,False,True,False,False
11,2025-06-18,7,3.142857142857143,3.066666666666667,2,6,0,Sac à Dos Urbain,39.99,2025-01-01,168,True,False,False,False,False,False,False,False,False,False,False,True,False,False
11,2025-06-19,1,3.0,3.033333333333333,3,6,0,Sac à Dos Urbain,39.99,2025-01-01,169,True,False,False,False,False,False,False,False,False,False,False,True,False,False
11,2025-06-21,7,3.7142857142857144,3.2333333333333334,5,6,1,Sac à Dos Urbain,39.99,2025-01-01,171,True,False,False,False,False,False,False,False,False,False,False,True,False,False
11,2025-06-22,2,3.857142857142857,3.2666666666666666,6,6,1,Sac à Dos Urbain,39.99,2025-01-01,172,True,False,False,False,False,False,False,False,False,False,False,True,False,False
11,2025-06-25,7,4.571428571428571,3.466666666666667,2,6,0,Sac à Dos Urbain,39.99,2025-01-01,175,True,False,False,False,False,False,False,False,False,False,False,True,False,False
11,2025-06-27,2,4.714285714285714,3.466666666666667,4,6,0,Sac à Dos Urbain,39.99,2025-01-01,177,True,False,False,False,False,False,False,False,False,False,False,True,False,False
11,2025-06-28,2,4.0,3.433333333333333,5,6,1,Sac à Dos Urbain,39.99,2025-01-01,178,True,False,False,False,False,False,False,False,False,False,False,True,False,False
11,2025-06-29,4,3.5714285714285716,3.533333333333333,6,6,1,Sac à Dos Urbain,39.99,2025-01-01,179,True,False,False,False,False,False,False,False,False,False,False,True,False,False
12,2025-01-01,6,6.0,6.0,2,1,0,"Livre ""Python pour Débutants""",22.5,2025-01-01,0,False,False,True,False,False,False,False,False,False,True,False,False,False,False
12,2025-01-02,3,4.5,4.5,3,1,0,"Livre ""Python pour Débutants""",22.5,2025-01-01,1,False,False,True,False,False,False,False,False,False,True,False,False,False,False
12,2025-01-03,8,5.666666666666667,5.666666666666667,4,1,0,"Livre ""Python pour Débutants""",22.5,2025-01-01,2,False,False,True,False,False,False,False,False,False,True,False,False,False,False
12,2025-01-04,2,4.75,4.75,5,1,1,"Livre ""Python pour Débutants""",22.5,2025-01-01,3,False,False,True,False,False,False,False,False,False,True,False,False,False,False
12,2025-01-05,8,5.4,5.4,6,1,1,"Livre ""Python pour Débutants""",22.5,2025-01-01,4,False,False,True,False,False,False,False,False,False,True,False,False,False,False
12,2025-01-08,9,6.0,6.0,2,1,0,"Livre ""Python pour Débutants""",22.5,2025-01-01,7,False,False,True,False,False,False,False,False,False,True,False,False,False,False
12,2025-01-09,5,5.857142857142857,5.857142857142857,3,1,0,"Livre ""Python pour Débutants""",22.5,2025-01-01,8,False,False,True,False,False,False,False,False,False,True,False,False,False,False
12,2025-01-10,1,5.142857142857143,5.25,4,1,0,"Livre ""Python pour Débutants""",22.5,2025-01-01,9,False,False,True,False,False,False,False,False,False,True,False,False,False,False
12,2025-01-11,1,4.857142857142857,4.777777777777778,5,1,1,"Livre ""Python pour Débutants""",22.5,2025-01-01,10,False,False,True,False,False,False,False,False,False,True,False,False,False,False
12,2025-01-12,2,4.0,4.5,6,1,1,"Livre ""Python pour Débutants""",22.5,2025-01-01,11,False,False,True,False,False,False,False,False,False,True,False,False,False,False
12,2025-01-13,1,3.857142857142857,4.181818181818182,0,1,0,"Livre ""Python pour Débutants""",22.5,2025-01-01,12,False,False,True,False,False,False,False,False,False,True,False,False,False,False
12,2025-01-16,1,2.857142857142857,3.9166666666666665,3,1,0,"Livre ""Python pour Débutants""",22.5,2025-01-01,15,False,False,True,False,False,False,False,False,False,True,False,False,False,False
12,2025-01-17,1,1.7142857142857142,3.6923076923076925,4,1,0,"Livre ""Python pour Débutants""",22.5,2025-01-01,16,False,False,True,False,False,False,False,False,False,True,False,False,False,False
12,2025-01-18,6,1.8571428571428572,3.857142857142857,5,1,1,"Livre ""Python pour Débutants""",22.5,2025-01-01,17,False,False,True,False,False,False,False,False,False,True,False,False,False,False
12,2025-01-19,2,2.0,3.7333333333333334,6,1,1,"Livre ""Python pour Débutants""",22.5,2025-01-01,18,False,False,True,False,False,False,False,False,False,True,False,False,False,False
12,2025-01-20,1,2.0,3.5625,0,1,0,"Livre ""Python pour Débutants""",22.5,2025-01-01,19,False,False,True,False,False,False,False,False,False,True,False,False,False,False
12,2025-01-21,2,2.0,3.4705882352941178,1,1,0,"Livre ""Python pour Débutants""",22.5,2025-01-01,20,False,False,True,False,False,False,False,False,False,True,False,False,False,False
12,2025-01-22,1,2.0,3.3333333333333335,2,1,0,"Livre ""Python pour Débutants""",22.5,2025-01-01,21,False,False,True,False,False,False,False,False,False,True,False,False,False,False
12,2025-01-23,1,2.0,3.210526315789474,3,1,0,"Livre ""Python pour Débutants""",22.5,2025-01-01,22,False,False,True,False,False,False,False,False,False,True,False,False,False,False
12,2025-01-24,3,2.2857142857142856,3.2,4,1,0,"Livre ""Python pour Débutants""",22.5,2025-01-01,23,False,False,True,False,False,False,False,False,False,True,False,False,False,False
12,2025-01-25,5,2.142857142857143,3.2857142857142856,5,1,1,"Livre ""Python pour Débutants""",22.5,2025-01-01,24,False,False,True,False,False,False,False,False,False,True,False,False,False,False
12,2025-01-26,4,2.4285714285714284,3.3181818181818183,6,1,1,"Livre ""Python pour Débutants""",22.5,2025-01-01,25,False,False,True,False,False,False,False,False,False,True,False,False,False,False
12,2025-01-29,5,3.0,3.391304347826087,2,1,0,"Livre ""Python pour Débutants""",22.5,2025-01-01,28,False,False,True,False,False,False,False,False,False,True,False,False,False,False
12,2025-01-30,2,3.0,3.3333333333333335,3,1,0,"Livre ""Python pour Débutants""",22.5,2025-01-01,29,False,False,True,False,False,False,False,False,False,True,False,False,False,False
12,2025-02-01,8,4.0,3.52,5,2,1,"Livre ""Python pour Débutants""",22.5,2025-01-01,31,False,False,True,False,False,False,False,False,False,True,False,False,False,False
12,2025-02-02,5,4.571428571428571,3.576923076923077,6,2,1,"Livre ""Python pour Débutants""",22.5,2025-01-01,32,False,False,True,False,False,False,False,False,False,True,False,False,False,False
12,2025-02-03,5,4.857142857142857,3.6296296296296298,0,2,0,"Livre ""Python pour Débutants""",22.5,2025-01-01,33,False,False,True,False,False,False,False,False,False,True,False,False,False,False
12,2025-02-04,2,4.428571428571429,3.5714285714285716,1,2,0,"Livre ""Python pour Débutants""",22.5,2025-01-01,34,False,False,True,False,False,False,False,False,False,True,False,False,False,False
12,2025-02-05,3,4.285714285714286,3.5517241379310347,2,2,0,"Livre ""Python pour Débutants""",22.5,2025-01-01,35,False,False,True,False,False,False,False,False,False,True,False,False,False,False
12,2025-02-07,2,3.857142857142857,3.5,4,2,0,"Livre ""Python pour Débutants""",22.5,2025-01-01,37,False,False,True,False,False,False,False,False,False,True,False,False,False,False
12,2025-02-08,4,4.142857142857143,3.433333333333333,5,2,1,"Livre ""Python pour Débutants""",22.5,2025-01-01,38,False,False,True,False,False,False,False,False,False,True,False,False,False,False
12,2025-02-09,2,3.2857142857142856,3.4,6,2,1,"Livre ""Python pour Débutants""",22.5,2025-01-01,39,False,False,True,False,False,False,False,False,False,True,False,False,False,False
12,2025-02-10,1,2.7142857142857144,3.1666666666666665,0,2,0,"Livre ""Python pour Débutants""",22.5,2025-01-01,40,False,False,True,False,False,False,False,False,False,True,False,False,False,False
12,2025-02-11,6,2.857142857142857,3.3,1,2,0,"Livre ""Python pour Débutants""",22.5,2025-01-01,41,False,False,True,False,False,False,False,False,False,True,False,False,False,False
12,2025-02-12,1,2.7142857142857144,3.066666666666667,2,2,0,"Livre ""Python pour Débutants""",22.5,2025-01-01,42,False,False,True,False,False,False,False,False,False,True,False,False,False,False
12,2025-02-13,3,2.7142857142857144,2.8666666666666667,3,2,0,"Livre ""Python pour Débutants""",22.5,2025-01-01,43,False,False,True,False,False,False,False,False,False,True,False,False,False,False
12,2025-02-14,4,3.0,2.8333333333333335,4,2,0,"Livre ""Python pour Débutants""",22.5,2025-01-01,44,False,False,True,False,False,False,False,False,False,True,False,False,False,False
12,2025-02-15,5,3.142857142857143,2.966666666666667,5,2,1,"Livre ""Python pour Débutants""",22.5,2025-01-01,45,False,False,True,False,False,False,False,False,False,True,False,False,False,False
12,2025-02-16,4,3.4285714285714284,3.066666666666667,6,2,1,"Livre ""Python pour Débutants""",22.5,2025-01-01,46,False,False,True,False,False,False,False,False,False,True,False,False,False,False
12,2025-02-19,1,3.4285714285714284,3.033333333333333,2,2,0,"Livre ""Python pour Débutants""",22.5,2025-01-01,49,False,False,True,False,False,False,False,False,False,True,False,False,False,False
12,2025-02-20,4,3.142857142857143,3.1333333333333333,3,2,0,"Livre ""Python pour Débutants""",22.5,2025-01-01,50,False,False,True,False,False,False,False,False,False,True,False,False,False,False
12,2025-02-21,3,3.4285714285714284,3.2,4,2,0,"Livre ""Python pour Débutants""",22.5,2025-01-01,51,False,False,True,False,False,False,False,False,False,True,False,False,False,False
12,2025-02-22,3,3.4285714285714284,3.2666666666666666,5,2,1,"Livre ""Python pour Débutants""",22.5,2025-01-01,52,False,False,True,False,False,False,False,False,False,True,False,False,False,False
12,2025-02-23,6,3.7142857142857144,3.2666666666666666,6,2,1,"Livre ""Python pour Débutants""",22.5,2025-01-01,53,False,False,True,False,False,False,False,False,False,True,False,False,False,False
12,2025-02-24,4,3.5714285714285716,3.3333333333333335,0,2,0,"Livre ""Python pour Débutants""",22.5,2025-01-01,54,False,False,True,False,False,False,False,False,False,True,False,False,False,False
12,2025-02-26,2,3.2857142857142856,3.3666666666666667,2,2,0,"Livre ""Python pour Débutants""",22.5,2025-01-01,56,False,False,True,False,False,False,False,False,False,True,False,False,False,False
12,2025-02-27,1,3.2857142857142856,3.3333333333333335,3,2,0,"Livre ""Python pour Débutants""",22.5,2025-01-01,57,False,False,True,False,False,False,False,False,False,True,False,False,False,False
12,2025-03-01,7,3.7142857142857144,3.533333333333333,5,3,1,"Livre ""Python pour Débutants""",22.5,2025-01-01,59,False,False,True,False,False,False,False,False,False,True,False,False,False,False
12,2025-03-02,4,3.857142857142857,3.6333333333333333,6,3,1,"Livre ""Python pour Débutants""",22.5,2025-01-01,60,False,False,True,False,False,False,False,False,False,True,False,False,False,False
12,2025-03-04,2,3.7142857142857144,3.6,1,3,0,"Livre ""Python pour Débutants""",22.5,2025-01-01,62,False,False,True,False,False,False,False,False,False,True,False,False,False,False
12,2025-03-05,3,3.2857142857142856,3.533333333333333,2,3,0,"Livre ""Python pour Débutants""",22.5,2025-01-01,63,False,False,True,False,False,False,False,False,False,True,False,False,False,False
12,2025-03-06,1,2.857142857142857,3.433333333333333,3,3,0,"Livre ""Python pour Débutants""",22.5,2025-01-01,64,False,False,True,False,False,False,False,False,False,True,False,False,False,False
12,2025-03-08,1,2.7142857142857144,3.3,5,3,1,"Livre ""Python pour Débutants""",22.5,2025-01-01,66,False,False,True,False,False,False,False,False,False,True,False,False,False,False
12,2025-03-09,1,2.7142857142857144,3.2666666666666666,6,3,1,"Livre ""Python pour Débutants""",22.5,2025-01-01,67,False,False,True,False,False,False,False,False,False,True,False,False,False,False
12,2025-03-10,3,2.142857142857143,3.1,0,3,0,"Livre ""Python pour Débutants""",22.5,2025-01-01,68,False,False,True,False,False,False,False,False,False,True,False,False,False,False
12,2025-03-11,2,1.8571428571428572,3.0,1,3,0,"Livre ""Python pour Débutants""",22.5,2025-01-01,69,False,False,True,False,False,False,False,False,False,True,False,False,False,False
12,2025-03-12,4,2.142857142857143,2.966666666666667,2,3,0,"Livre ""Python pour Débutants""",22.5,2025-01-01,70,False,False,True,False,False,False,False,False,False,True,False,False,False,False
12,2025-03-13,2,2.0,2.966666666666667,3,3,0,"Livre ""Python pour Débutants""",22.5,2025-01-01,71,False,False,True,False,False,False,False,False,False,True,False,False,False,False
12,2025-03-14,4,2.4285714285714284,3.0,4,3,0,"Livre ""Python pour Débutants""",22.5,2025-01-01,72,False,False,True,False,False,False,False,False,False,True,False,False,False,False
12,2025-03-15,9,3.5714285714285716,3.2333333333333334,5,3,1,"Livre ""Python pour Débutants""",22.5,2025-01-01,73,False,False,True,False,False,False,False,False,False,True,False,False,False,False
12,2025-03-17,8,4.571428571428571,3.3666666666666667,0,3,0,"Livre ""Python pour Débutants""",22.5,2025-01-01,75,False,False,True,False,False,False,False,False,False,True,False,False,False,False
12,2025-03-18,4,4.714285714285714,3.433333333333333,1,3,0,"Livre ""Python pour Débutants""",22.5,2025-01-01,76,False,False,True,False,False,False,False,False,False,True,False,False,False,False
12,2025-03-19,2,4.714285714285714,3.466666666666667,2,3,0,"Livre ""Python pour Débutants""",22.5,2025-01-01,77,False,False,True,False,False,False,False,False,False,True,False,False,False,False
12,2025-03-21,3,4.571428571428571,3.3666666666666667,4,3,0,"Livre ""Python pour Débutants""",22.5,2025-01-01,79,False,False,True,False,False,False,False,False,False,True,False,False,False,False
12,2025-03-23,1,4.428571428571429,3.3666666666666667,6,3,1,"Livre ""Python pour Débutants""",22.5,2025-01-01,81,False,False,True,False,False,False,False,False,False,True,False,False,False,False
12,2025-03-25,2,4.142857142857143,3.3333333333333335,1,3,0,"Livre ""Python pour Débutants""",22.5,2025-01-01,83,False,False,True,False,False,False,False,False,False,True,False,False,False,False
12,2025-03-26,1,3.0,3.2333333333333334,2,3,0,"Livre ""Python pour Débutants""",22.5,2025-01-01,84,False,False,True,False,False,False,False,False,False,True,False,False,False,False
12,2025-03-28,8,3.0,3.3333333333333335,4,3,0,"Livre ""Python pour Débutants""",22.5,2025-01-01,86,False,False,True,False,False,False,False,False,False,True,False,False,False,False
12,2025-03-29,2,2.7142857142857144,3.2666666666666666,5,3,1,"Livre ""Python pour Débutants""",22.5,2025-01-01,87,False,False,True,False,False,False,False,False,False,True,False,False,False,False
12,2025-03-30,5,3.142857142857143,3.4,6,3,1,"Livre ""Python pour Débutants""",22.5,2025-01-01,88,False,False,True,False,False,False,False,False,False,True,False,False,False,False
12,2025-03-31,2,3.0,3.3333333333333335,0,3,0,"Livre ""Python pour Débutants""",22.5,2025-01-01,89,False,False,True,False,False,False,False,False,False,True,False,False,False,False
12,2025-04-01,8,4.0,3.5,1,4,0,"Livre ""Python pour Débutants""",22.5,2025-01-01,90,False,False,True,False,False,False,False,False,False,True,False,False,False,False
12,2025-04-02,4,4.285714285714286,3.533333333333333,2,4,0,"Livre ""Python pour Débutants""",22.5,2025-01-01,91,False,False,True,False,False,False,False,False,False,True,False,False,False,False
12,2025-04-03,1,4.285714285714286,3.3666666666666667,3,4,0,"Livre ""Python pour Débutants""",22.5,2025-01-01,92,False,False,True,False,False,False,False,False,False,True,False,False,False,False
12,2025-04-04,4,3.7142857142857144,3.3666666666666667,4,4,0,"Livre ""Python pour Débutants""",22.5,2025-01-01,93,False,False,True,False,False,False,False,False,False,True,False,False,False,False
12,2025-04-05,10,4.857142857142857,3.6333333333333333,5,4,1,"Livre ""Python pour Débutants""",22.5,2025-01-01,94,False,False,True,False,False,False,False,False,False,True,False,False,False,False
12,2025-04-08,1,4.285714285714286,3.6333333333333333,1,4,0,"Livre ""Python pour Débutants""",22.5,2025-01-01,97,False,False,True,False,False,False,False,False,False,True,False,False,False,False
12,2025-04-09,10,5.428571428571429,3.7333333333333334,2,4,0,"Livre ""Python pour Débutants""",22.5,2025-01-01,98,False,False,True,False,False,False,False,False,False,True,False,False,False,False
12,2025-04-11,2,4.571428571428571,3.6666666666666665,4,4,0,"Livre ""Python pour Débutants""",22.5,2025-01-01,100,False,False,True,False,False,False,False,False,False,True,False,False,False,False
12,2025-04-12,5,4.714285714285714,3.7666666666666666,5,4,1,"Livre ""Python pour Débutants""",22.5,2025-01-01,101,False,False,True,False,False,False,False,False,False,True,False,False,False,False
12,2025-04-13,1,4.714285714285714,3.7,6,4,1,"Livre ""Python pour Débutants""",22.5,2025-01-01,102,False,False,True,False,False,False,False,False,False,True,False,False,False,False
12,2025-04-14,5,4.857142857142857,3.8333333333333335,0,4,0,"Livre ""Python pour Débutants""",22.5,2025-01-01,103,False,False,True,False,False,False,False,False,False,True,False,False,False,False
12,2025-04-16,2,3.7142857142857144,3.8666666666666667,2,4,0,"Livre ""Python pour Débutants""",22.5,2025-01-01,105,False,False,True,False,False,False,False,False,False,True,False,False,False,False
12,2025-04-18,5,4.285714285714286,4.0,4,4,0,"Livre ""Python pour Débutants""",22.5,2025-01-01,107,False,False,True,False,False,False,False,False,False,True,False,False,False,False
12,2025-04-19,5,3.5714285714285716,4.066666666666666,5,4,1,"Livre ""Python pour Débutants""",22.5,2025-01-01,108,False,False,True,False,False,False,False,False,False,True,False,False,False,False
12,2025-04-20,4,3.857142857142857,4.133333333333334,6,4,1,"Livre ""Python pour Débutants""",22.5,2025-01-01,109,False,False,True,False,False,False,False,False,False,True,False,False,False,False
12,2025-04-21,3,3.5714285714285716,4.1,0,4,0,"Livre ""Python pour Débutants""",22.5,2025-01-01,110,False,False,True,False,False,False,False,False,False,True,False,False,False,False
12,2025-04-22,2,3.7142857142857144,4.1,1,4,0,"Livre ""Python pour Débutants""",22.5,2025-01-01,111,False,False,True,False,False,False,False,False,False,True,False,False,False,False
12,2025-04-23,4,3.5714285714285716,4.1,2,4,0,"Livre ""Python pour Débutants""",22.5,2025-01-01,112,False,False,True,False,False,False,False,False,False,True,False,False,False,False
12,2025-04-24,2,3.5714285714285716,3.8666666666666667,3,4,0,"Livre ""Python pour Débutants""",22.5,2025-01-01,113,False,False,True,False,False,False,False,False,False,True,False,False,False,False
12,2025-04-26,1,3.0,3.6333333333333333,5,4,1,"Livre ""Python pour Débutants""",22.5,2025-01-01,115,False,False,True,False,False,False,False,False,False,True,False,False,False,False
12,2025-04-27,5,3.0,3.6666666666666665,6,4,1,"Livre ""Python pour Débutants""",22.5,2025-01-01,116,False,False,True,False,False,False,False,False,False,True,False,False,False,False
12,2025-04-28,2,2.7142857142857144,3.6666666666666665,0,4,0,"Livre ""Python pour Débutants""",22.5,2025-01-01,117,False,False,True,False,False,False,False,False,False,True,False,False,False,False
12,2025-04-29,2,2.5714285714285716,3.6333333333333333,1,4,0,"Livre ""Python pour Débutants""",22.5,2025-01-01,118,False,False,True,False,False,False,False,False,False,True,False,False,False,False
12,2025-05-03,1,2.4285714285714284,3.6333333333333333,5,5,1,"Livre ""Python pour Débutants""",22.5,2025-01-01,122,False,False,True,False,False,False,False,False,False,True,False,False,False,False
12,2025-05-06,3,2.2857142857142856,3.6666666666666665,1,5,0,"Livre ""Python pour Débutants""",22.5,2025-01-01,125,False,False,True,False,False,False,False,False,False,True,False,False,False,False
12,2025-05-07,1,2.142857142857143,3.6666666666666665,2,5,0,"Livre ""Python pour Débutants""",22.5,2025-01-01,126,False,False,True,False,False,False,False,False,False,True,False,False,False,False
12,2025-05-08,3,2.4285714285714284,3.5,3,5,0,"Livre ""Python pour Débutants""",22.5,2025-01-01,127,False,False,True,False,False,False,False,False,False,True,False,False,False,False
12,2025-05-09,1,1.8571428571428572,3.466666666666667,4,5,0,"Livre ""Python pour Débutants""",22.5,2025-01-01,128,False,False,True,False,False,False,False,False,False,True,False,False,False,False
12,2025-05-10,7,2.5714285714285716,3.533333333333333,5,5,1,"Livre ""Python pour Débutants""",22.5,2025-01-01,129,False,False,True,False,False,False,False,False,False,True,False,False,False,False
12,2025-05-11,11,3.857142857142857,3.8333333333333335,6,5,1,"Livre ""Python pour Débutants""",22.5,2025-01-01,130,False,False,True,False,False,False,False,False,False,True,False,False,False,False
12,2025-05-12,1,3.857142857142857,3.6,0,5,0,"Livre ""Python pour Débutants""",22.5,2025-01-01,131,False,False,True,False,False,False,False,False,False,True,False,False,False,False
12,2025-05-13,2,3.7142857142857144,3.533333333333333,1,5,0,"Livre ""Python pour Débutants""",22.5,2025-01-01,132,False,False,True,False,False,False,False,False,False,True,False,False,False,False
12,2025-05-15,2,3.857142857142857,3.566666666666667,3,5,0,"Livre ""Python pour Débutants""",22.5,2025-01-01,134,False,False,True,False,False,False,False,False,False,True,False,False,False,False
12,2025-05-16,1,3.5714285714285716,3.466666666666667,4,5,0,"Livre ""Python pour Débutants""",22.5,2025-01-01,135,False,False,True,False,False,False,False,False,False,True,False,False,False,False
12,2025-05-17,1,3.5714285714285716,3.1666666666666665,5,5,1,"Livre ""Python pour Débutants""",22.5,2025-01-01,136,False,False,True,False,False,False,False,False,False,True,False,False,False,False
12,2025-05-18,4,3.142857142857143,3.2666666666666666,6,5,1,"Livre ""Python pour Débutants""",22.5,2025-01-01,137,False,False,True,False,False,False,False,False,False,True,False,False,False,False
12,2025-05-19,3,2.0,3.033333333333333,0,5,0,"Livre ""Python pour Débutants""",22.5,2025-01-01,138,False,False,True,False,False,False,False,False,False,True,False,False,False,False
12,2025-05-21,1,2.0,3.0,2,5,0,"Livre ""Python pour Débutants""",22.5,2025-01-01,140,False,False,True,False,False,False,False,False,False,True,False,False,False,False
12,2025-05-22,1,1.8571428571428572,2.8666666666666667,3,5,0,"Livre ""Python pour Débutants""",22.5,2025-01-01,141,False,False,True,False,False,False,False,False,False,True,False,False,False,False
12,2025-05-23,2,1.8571428571428572,2.9,4,5,0,"Livre ""Python pour Débutants""",22.5,2025-01-01,142,False,False,True,False,False,False,False,False,False,True,False,False,False,False
12,2025-05-24,3,2.142857142857143,2.8333333333333335,5,5,1,"Livre ""Python pour Débutants""",22.5,2025-01-01,143,False,False,True,False,False,False,False,False,False,True,False,False,False,False
12,2025-05-25,5,2.7142857142857144,2.933333333333333,6,5,1,"Livre ""Python pour Débutants""",22.5,2025-01-01,144,False,False,True,False,False,False,False,False,False,True,False,False,False,False
12,2025-05-28,2,2.4285714285714284,2.8333333333333335,2,5,0,"Livre ""Python pour Débutants""",22.5,2025-01-01,147,False,False,True,False,False,False,False,False,False,True,False,False,False,False
12,2025-05-29,2,2.2857142857142856,2.7333333333333334,3,5,0,"Livre ""Python pour Débutants""",22.5,2025-01-01,148,False,False,True,False,False,False,False,False,False,True,False,False,False,False
12,2025-05-30,2,2.4285714285714284,2.6666666666666665,4,5,0,"Livre ""Python pour Débutants""",22.5,2025-01-01,149,False,False,True,False,False,False,False,False,False,True,False,False,False,False
12,2025-05-31,2,2.5714285714285716,2.6333333333333333,5,5,1,"Livre ""Python pour Débutants""",22.5,2025-01-01,150,False,False,True,False,False,False,False,False,False,True,False,False,False,False
12,2025-06-01,4,2.857142857142857,2.7,6,6,1,"Livre ""Python pour Débutants""",22.5,2025-01-01,151,False,False,True,False,False,False,False,False,False,True,False,False,False,False
12,2025-06-03,2,2.7142857142857144,2.6333333333333333,1,6,0,"Livre ""Python pour Débutants""",22.5,2025-01-01,153,False,False,True,False,False,False,False,False,False,True,False,False,False,False
12,2025-06-05,3,2.4285714285714284,2.6666666666666665,3,6,0,"Livre ""Python pour Débutants""",22.5,2025-01-01,155,False,False,True,False,False,False,False,False,False,True,False,False,False,False
12,2025-06-07,2,2.4285714285714284,2.7,5,6,1,"Livre ""Python pour Débutants""",22.5,2025-01-01,157,False,False,True,False,False,False,False,False,False,True,False,False,False,False
12,2025-06-09,1,2.2857142857142856,2.566666666666667,0,6,0,"Livre ""Python pour Débutants""",22.5,2025-01-01,159,False,False,True,False,False,False,False,False,False,True,False,False,False,False
12,2025-06-13,3,2.4285714285714284,2.6,4,6,0,"Livre ""Python pour Débutants""",22.5,2025-01-01,163,False,False,True,False,False,False,False,False,False,True,False,False,False,False
12,2025-06-14,6,3.0,2.7333333333333334,5,6,1,"Livre ""Python pour Débutants""",22.5,2025-01-01,164,False,False,True,False,False,False,False,False,False,True,False,False,False,False
12,2025-06-15,3,2.857142857142857,2.8,6,6,1,"Livre ""Python pour Débutants""",22.5,2025-01-01,165,False,False,True,False,False,False,False,False,False,True,False,False,False,False
12,2025-06-17,1,2.7142857142857144,2.7333333333333334,1,6,0,"Livre ""Python pour Débutants""",22.5,2025-01-01,167,False,False,True,False,False,False,False,False,False,True,False,False,False,False
12,2025-06-18,1,2.4285714285714284,2.7333333333333334,2,6,0,"Livre ""Python pour Débutants""",22.5,2025-01-01,168,False,False,True,False,False,False,False,False,False,True,False,False,False,False
12,2025-06-19,5,2.857142857142857,2.8,3,6,0,"Livre ""Python pour Débutants""",22.5,2025-01-01,169,False,False,True,False,False,False,False,False,False,True,False,False,False,False
12,2025-06-21,10,4.142857142857143,3.1,5,6,1,"Livre ""Python pour Débutants""",22.5,2025-01-01,171,False,False,True,False,False,False,False,False,False,True,False,False,False,False
12,2025-06-22,6,4.571428571428571,3.066666666666667,6,6,1,"Livre ""Python pour Débutants""",22.5,2025-01-01,172,False,False,True,False,False,False,False,False,False,True,False,False,False,False
12,2025-06-23,1,3.857142857142857,2.7333333333333334,0,6,0,"Livre ""Python pour Débutants""",22.5,2025-01-01,173,False,False,True,False,False,False,False,False,False,True,False,False,False,False
12,2025-06-24,3,3.857142857142857,2.8,1,6,0,"Livre ""Python pour Débutants""",22.5,2025-01-01,174,False,False,True,False,False,False,False,False,False,True,False,False,False,False
12,2025-06-26,3,4.142857142857143,2.8333333333333335,3,6,0,"Livre ""Python pour Débutants""",22.5,2025-01-01,176,False,False,True,False,False,False,False,False,False,True,False,False,False,False
12,2025-06-27,2,4.285714285714286,2.8333333333333335,4,6,0,"Livre ""Python pour Débutants""",22.5,2025-01-01,177,False,False,True,False,False,False,False,False,False,True,False,False,False,False
12,2025-06-28,3,4.0,2.9,5,6,1,"Livre ""Python pour Débutants""",22.5,2025-01-01,178,False,False,True,False,False,False,False,False,False,True,False,False,False,False
12,2025-06-29,1,2.7142857142857144,2.9,6,6,1,"Livre ""Python pour Débutants""",22.5,2025-01-01,179,False,False,True,False,False,False,False,False,False,True,False,False,False,False
13,2025-01-01,6,6.0,6.0,2,1,0,Jouet Robot Interactif,74.99,2025-01-01,0,False,False,False,False,False,False,False,False,True,False,False,False,True,False
13,2025-01-04,2,4.0,4.0,5,1,1,Jouet Robot Interactif,74.99,2025-01-01,3,False,False,False,False,False,False,False,False,True,False,False,False,True,False
13,2025-01-05,5,4.333333333333333,4.333333333333333,6,1,1,Jouet Robot Interactif,74.99,2025-01-01,4,False,False,False,False,False,False,False,False,True,False,False,False,True,False
13,2025-01-06,4,4.25,4.25,0,1,0,Jouet Robot Interactif,74.99,2025-01-01,5,False,False,False,False,False,False,False,False,True,False,False,False,True,False
13,2025-01-08,3,4.0,4.0,2,1,0,Jouet Robot Interactif,74.99,2025-01-01,7,False,False,False,False,False,False,False,False,True,False,False,False,True,False
13,2025-01-12,4,4.0,4.0,6,1,1,Jouet Robot Interactif,74.99,2025-01-01,11,False,False,False,False,False,False,False,False,True,False,False,False,True,False
13,2025-01-13,1,3.5714285714285716,3.5714285714285716,0,1,0,Jouet Robot Interactif,74.99,2025-01-01,12,False,False,False,False,False,False,False,False,True,False,False,False,True,False
13,2025-01-14,4,3.2857142857142856,3.625,1,1,0,Jouet Robot Interactif,74.99,2025-01-01,13,False,False,False,False,False,False,False,False,True,False,False,False,True,False
13,2025-01-15,6,3.857142857142857,3.888888888888889,2,1,0,Jouet Robot Interactif,74.99,2025-01-01,14,False,False,False,False,False,False,False,False,True,False,False,False,True,False
13,2025-01-16,1,3.2857142857142856,3.6,3,1,0,Jouet Robot Interactif,74.99,2025-01-01,15,False,False,False,False,False,False,False,False,True,False,False,False,True,False
13,2025-01-17,3,3.142857142857143,3.5454545454545454,4,1,0,Jouet Robot Interactif,74.99,2025-01-01,16,False,False,False,False,False,False,False,False,True,False,False,False,True,False
13,2025-01-18,2,3.0,3.4166666666666665,5,1,1,Jouet Robot Interactif,74.99,2025-01-01,17,False,False,False,False,False,False,False,False,True,False,False,False,True,False
13,2025-01-20,1,2.5714285714285716,3.230769230769231,0,1,0,Jouet Robot Interactif,74.99,2025-01-01,19,False,False,False,False,False,False,False,False,True,False,False,False,True,False
13,2025-01-22,1,2.5714285714285716,3.0714285714285716,2,1,0,Jouet Robot Interactif,74.99,2025-01-01,21,False,False,False,False,False,False,False,False,True,False,False,False,True,False
13,2025-01-23,2,2.2857142857142856,3.0,3,1,0,Jouet Robot Interactif,74.99,2025-01-01,22,False,False,False,False,False,False,False,False,True,False,False,False,True,False
13,2025-01-24,2,1.7142857142857142,2.9375,4,1,0,Jouet Robot Interactif,74.99,2025-01-01,23,False,False,False,False,False,False,False,False,True,False,False,False,True,False
13,2025-01-25,2,1.8571428571428572,2.8823529411764706,5,1,1,Jouet Robot Interactif,74.99,2025-01-01,24,False,False,False,False,False,False,False,False,True,False,False,False,True,False
13,2025-01-26,1,1.5714285714285714,2.7777777777777777,6,1,1,Jouet Robot Interactif,74.99,2025-01-01,25,False,False,False,False,False,False,False,False,True,False,False,False,True,False
13,2025-01-27,1,1.4285714285714286,2.6842105263157894,0,1,0,Jouet Robot Interactif,74.99,2025-01-01,26,False,False,False,False,False,False,False,False,True,False,False,False,True,False
13,2025-01-28,1,1.4285714285714286,2.6,1,1,0,Jouet Robot Interactif,74.99,2025-01-01,27,False,False,False,False,False,False,False,False,True,False,False,False,True,False
13,2025-01-30,2,1.5714285714285714,2.5714285714285716,3,1,0,Jouet Robot Interactif,74.99,2025-01-01,29,False,False,False,False,False,False,False,False,True,False,False,False,True,False
13,2025-02-01,14,3.2857142857142856,3.090909090909091,5,2,1,Jouet Robot Interactif,74.99,2025-01-01,31,False,False,False,False,False,False,False,False,True,False,False,False,True,False
13,2025-02-03,1,3.142857142857143,3.0,0,2,0,Jouet Robot Interactif,74.99,2025-01-01,33,False,False,False,False,False,False,False,False,True,False,False,False,True,False
13,2025-02-04,1,3.0,2.9166666666666665,1,2,0,Jouet Robot Interactif,74.99,2025-01-01,34,False,False,False,False,False,False,False,False,True,False,False,False,True,False
13,2025-02-05,4,3.4285714285714284,2.96,2,2,0,Jouet Robot Interactif,74.99,2025-01-01,35,False,False,False,False,False,False,False,False,True,False,False,False,True,False
13,2025-02-07,2,3.5714285714285716,2.923076923076923,4,2,0,Jouet Robot Interactif,74.99,2025-01-01,37,False,False,False,False,False,False,False,False,True,False,False,False,True,False
13,2025-02-09,2,3.7142857142857144,2.888888888888889,6,2,1,Jouet Robot Interactif,74.99,2025-01-01,39,False,False,False,False,False,False,False,False,True,False,False,False,True,False
13,2025-02-11,2,3.7142857142857144,2.857142857142857,1,2,0,Jouet Robot Interactif,74.99,2025-01-01,41,False,False,False,False,False,False,False,False,True,False,False,False,True,False
13,2025-02-12,1,1.8571428571428572,2.793103448275862,2,2,0,Jouet Robot Interactif,74.99,2025-01-01,42,False,False,False,False,False,False,False,False,True,False,False,False,True,False
13,2025-02-13,4,2.2857142857142856,2.8333333333333335,3,2,0,Jouet Robot Interactif,74.99,2025-01-01,43,False,False,False,False,False,False,False,False,True,False,False,False,True,False
13,2025-02-15,7,3.142857142857143,2.8666666666666667,5,2,1,Jouet Robot Interactif,74.99,2025-01-01,45,False,False,False,False,False,False,False,False,True,False,False,False,True,False
13,2025-02-16,3,3.0,2.9,6,2,1,Jouet Robot Interactif,74.99,2025-01-01,46,False,False,False,False,False,False,False,False,True,False,False,False,True,False
13,2025-02-18,1,2.857142857142857,2.7666666666666666,1,2,0,Jouet Robot Interactif,74.99,2025-01-01,48,False,False,False,False,False,False,False,False,True,False,False,False,True,False
13,2025-02-19,3,3.0,2.7333333333333334,2,2,0,Jouet Robot Interactif,74.99,2025-01-01,49,False,False,False,False,False,False,False,False,True,False,False,False,True,False
13,2025-02-20,2,3.0,2.7,3,2,0,Jouet Robot Interactif,74.99,2025-01-01,50,False,False,False,False,False,False,False,False,True,False,False,False,True,False
13,2025-02-21,1,3.0,2.6,4,2,0,Jouet Robot Interactif,74.99,2025-01-01,51,False,False,False,False,False,False,False,False,True,False,False,False,True,False
13,2025-02-22,3,2.857142857142857,2.6666666666666665,5,2,1,Jouet Robot Interactif,74.99,2025-01-01,52,False,False,False,False,False,False,False,False,True,False,False,False,True,False
13,2025-02-24,1,2.0,2.566666666666667,0,2,0,Jouet Robot Interactif,74.99,2025-01-01,54,False,False,False,False,False,False,False,False,True,False,False,False,True,False
13,2025-02-25,1,1.7142857142857142,2.4,1,2,0,Jouet Robot Interactif,74.99,2025-01-01,55,False,False,False,False,False,False,False,False,True,False,False,False,True,False
13,2025-02-26,1,1.7142857142857142,2.4,2,2,0,Jouet Robot Interactif,74.99,2025-01-01,56,False,False,False,False,False,False,False,False,True,False,False,False,True,False
13,2025-02-28,4,1.8571428571428572,2.433333333333333,4,2,0,Jouet Robot Interactif,74.99,2025-01-01,58,False,False,False,False,False,False,False,False,True,False,False,False,True,False
13,2025-03-01,3,2.0,2.466666666666667,5,3,1,Jouet Robot Interactif,74.99,2025-01-01,59,False,False,False,False,False,False,False,False,True,False,False,False,True,False
13,2025-03-02,7,2.857142857142857,2.6666666666666665,6,3,1,Jouet Robot Interactif,74.99,2025-01-01,60,False,False,False,False,False,False,False,False,True,False,False,False,True,False
13,2025-03-04,3,2.857142857142857,2.7333333333333334,1,3,0,Jouet Robot Interactif,74.99,2025-01-01,62,False,False,False,False,False,False,False,False,True,False,False,False,True,False
13,2025-03-06,7,3.7142857142857144,2.9,3,3,0,Jouet Robot Interactif,74.99,2025-01-01,64,False,False,False,False,False,False,False,False,True,False,False,False,True,False
13,2025-03-08,5,4.285714285714286,3.0,5,3,1,Jouet Robot Interactif,74.99,2025-01-01,66,False,False,False,False,False,False,False,False,True,False,False,False,True,False
13,2025-03-09,9,5.428571428571429,3.2333333333333334,6,3,1,Jouet Robot Interactif,74.99,2025-01-01,67,False,False,False,False,False,False,False,False,True,False,False,False,True,False
13,2025-03-11,3,5.285714285714286,3.3,1,3,0,Jouet Robot Interactif,74.99,2025-01-01,69,False,False,False,False,False,False,False,False,True,False,False,False,True,False
13,2025-03-12,1,5.0,3.3,2,3,0,Jouet Robot Interactif,74.99,2025-01-01,70,False,False,False,False,False,False,False,False,True,False,False,False,True,False
13,2025-03-13,5,4.714285714285714,3.433333333333333,3,3,0,Jouet Robot Interactif,74.99,2025-01-01,71,False,False,False,False,False,False,False,False,True,False,False,False,True,False
13,2025-03-14,2,4.571428571428571,3.433333333333333,4,3,0,Jouet Robot Interactif,74.99,2025-01-01,72,False,False,False,False,False,False,False,False,True,False,False,False,True,False
13,2025-03-15,9,4.857142857142857,3.2666666666666666,5,3,1,Jouet Robot Interactif,74.99,2025-01-01,73,False,False,False,False,False,False,False,False,True,False,False,False,True,False
13,2025-03-16,3,4.571428571428571,3.3333333333333335,6,3,1,Jouet Robot Interactif,74.99,2025-01-01,74,False,False,False,False,False,False,False,False,True,False,False,False,True,False
13,2025-03-17,1,3.4285714285714284,3.3333333333333335,0,3,0,Jouet Robot Interactif,74.99,2025-01-01,75,False,False,False,False,False,False,False,False,True,False,False,False,True,False
13,2025-03-18,1,3.142857142857143,3.2333333333333334,1,3,0,Jouet Robot Interactif,74.99,2025-01-01,76,False,False,False,False,False,False,False,False,True,False,False,False,True,False
13,2025-03-19,5,3.7142857142857144,3.3333333333333335,2,3,0,Jouet Robot Interactif,74.99,2025-01-01,77,False,False,False,False,False,False,False,False,True,False,False,False,True,False
13,2025-03-20,7,4.0,3.5,3,3,0,Jouet Robot Interactif,74.99,2025-01-01,78,False,False,False,False,False,False,False,False,True,False,False,False,True,False
13,2025-03-21,1,3.857142857142857,3.466666666666667,4,3,0,Jouet Robot Interactif,74.99,2025-01-01,79,False,False,False,False,False,False,False,False,True,False,False,False,True,False
13,2025-03-22,7,3.5714285714285716,3.6666666666666665,5,3,1,Jouet Robot Interactif,74.99,2025-01-01,80,False,False,False,False,False,False,False,False,True,False,False,False,True,False
13,2025-03-23,1,3.2857142857142856,3.566666666666667,6,3,1,Jouet Robot Interactif,74.99,2025-01-01,81,False,False,False,False,False,False,False,False,True,False,False,False,True,False
13,2025-03-24,1,3.2857142857142856,3.3666666666666667,0,3,0,Jouet Robot Interactif,74.99,2025-01-01,82,False,False,False,False,False,False,False,False,True,False,False,False,True,False
13,2025-03-27,2,3.4285714285714284,3.3333333333333335,3,3,0,Jouet Robot Interactif,74.99,2025-01-01,85,False,False,False,False,False,False,False,False,True,False,False,False,True,False
13,2025-03-28,1,2.857142857142857,3.3333333333333335,4,3,0,Jouet Robot Interactif,74.99,2025-01-01,86,False,False,False,False,False,False,False,False,True,False,False,False,True,False
13,2025-03-29,1,2.0,3.2666666666666666,5,3,1,Jouet Robot Interactif,74.99,2025-01-01,87,False,False,False,False,False,False,False,False,True,False,False,False,True,False
13,2025-03-31,5,2.5714285714285716,3.3666666666666667,0,3,0,Jouet Robot Interactif,74.99,2025-01-01,89,False,False,False,False,False,False,False,False,True,False,False,False,True,False
13,2025-04-01,1,1.7142857142857142,3.3666666666666667,1,4,0,Jouet Robot Interactif,74.99,2025-01-01,90,False,False,False,False,False,False,False,False,True,False,False,False,True,False
13,2025-04-02,5,2.2857142857142856,3.433333333333333,2,4,0,Jouet Robot Interactif,74.99,2025-01-01,91,False,False,False,False,False,False,False,False,True,False,False,False,True,False
13,2025-04-03,4,2.7142857142857144,3.533333333333333,3,4,0,Jouet Robot Interactif,74.99,2025-01-01,92,False,False,False,False,False,False,False,False,True,False,False,False,True,False
13,2025-04-04,1,2.5714285714285716,3.533333333333333,4,4,0,Jouet Robot Interactif,74.99,2025-01-01,93,False,False,False,False,False,False,False,False,True,False,False,False,True,False
13,2025-04-05,5,3.142857142857143,3.6666666666666665,5,4,1,Jouet Robot Interactif,74.99,2025-01-01,94,False,False,False,False,False,False,False,False,True,False,False,False,True,False
13,2025-04-08,2,3.2857142857142856,3.6,1,4,0,Jouet Robot Interactif,74.99,2025-01-01,97,False,False,False,False,False,False,False,False,True,False,False,False,True,False
13,2025-04-09,3,3.0,3.6,2,4,0,Jouet Robot Interactif,74.99,2025-01-01,98,False,False,False,False,False,False,False,False,True,False,False,False,True,False
13,2025-04-11,7,3.857142857142857,3.6,4,4,0,Jouet Robot Interactif,74.99,2025-01-01,100,False,False,False,False,False,False,False,False,True,False,False,False,True,False
13,2025-04-12,2,3.4285714285714284,3.566666666666667,5,4,1,Jouet Robot Interactif,74.99,2025-01-01,101,False,False,False,False,False,False,False,False,True,False,False,False,True,False
13,2025-04-13,3,3.2857142857142856,3.433333333333333,6,4,1,Jouet Robot Interactif,74.99,2025-01-01,102,False,False,False,False,False,False,False,False,True,False,False,False,True,False
13,2025-04-15,2,3.4285714285714284,3.3333333333333335,1,4,0,Jouet Robot Interactif,74.99,2025-01-01,104,False,False,False,False,False,False,False,False,True,False,False,False,True,False
13,2025-04-16,2,3.0,3.1,2,4,0,Jouet Robot Interactif,74.99,2025-01-01,105,False,False,False,False,False,False,False,False,True,False,False,False,True,False
13,2025-04-17,2,3.0,3.066666666666667,3,4,0,Jouet Robot Interactif,74.99,2025-01-01,106,False,False,False,False,False,False,False,False,True,False,False,False,True,False
13,2025-04-18,1,2.7142857142857144,3.066666666666667,4,4,0,Jouet Robot Interactif,74.99,2025-01-01,107,False,False,False,False,False,False,False,False,True,False,False,False,True,False
13,2025-04-19,6,2.5714285714285716,3.1,5,4,1,Jouet Robot Interactif,74.99,2025-01-01,108,False,False,False,False,False,False,False,False,True,False,False,False,True,False
13,2025-04-20,1,2.4285714285714284,3.066666666666667,6,4,1,Jouet Robot Interactif,74.99,2025-01-01,109,False,False,False,False,False,False,False,False,True,False,False,False,True,False
13,2025-04-21,4,2.5714285714285716,2.9,0,4,0,Jouet Robot Interactif,74.99,2025-01-01,110,False,False,False,False,False,False,False,False,True,False,False,False,True,False
13,2025-04-25,6,3.142857142857143,3.0,4,4,0,Jouet Robot Interactif,74.99,2025-01-01,114,False,False,False,False,False,False,False,False,True,False,False,False,True,False
13,2025-04-26,1,3.0,3.0,5,4,1,Jouet Robot Interactif,74.99,2025-01-01,115,False,False,False,False,False,False,False,False,True,False,False,False,True,False
13,2025-04-27,2,3.0,3.033333333333333,6,4,1,Jouet Robot Interactif,74.99,2025-01-01,116,False,False,False,False,False,False,False,False,True,False,False,False,True,False
13,2025-04-28,4,3.4285714285714284,3.0,0,4,0,Jouet Robot Interactif,74.99,2025-01-01,117,False,False,False,False,False,False,False,False,True,False,False,False,True,False
13,2025-04-29,1,2.7142857142857144,2.8,1,4,0,Jouet Robot Interactif,74.99,2025-01-01,118,False,False,False,False,False,False,False,False,True,False,False,False,True,False
13,2025-04-30,2,2.857142857142857,2.8333333333333335,2,4,0,Jouet Robot Interactif,74.99,2025-01-01,119,False,False,False,False,False,False,False,False,True,False,False,False,True,False
13,2025-05-01,2,2.5714285714285716,2.6666666666666665,3,5,0,Jouet Robot Interactif,74.99,2025-01-01,120,False,False,False,False,False,False,False,False,True,False,False,False,True,False
13,2025-05-02,3,2.142857142857143,2.7333333333333334,4,5,0,Jouet Robot Interactif,74.99,2025-01-01,121,False,False,False,False,False,False,False,False,True,False,False,False,True,False
13,2025-05-03,3,2.4285714285714284,2.8,5,5,1,Jouet Robot Interactif,74.99,2025-01-01,122,False,False,False,False,False,False,False,False,True,False,False,False,True,False
13,2025-05-05,4,2.7142857142857144,2.8666666666666667,0,5,0,Jouet Robot Interactif,74.99,2025-01-01,124,False,False,False,False,False,False,False,False,True,False,False,False,True,False
13,2025-05-08,5,2.857142857142857,3.0,3,5,0,Jouet Robot Interactif,74.99,2025-01-01,127,False,False,False,False,False,False,False,False,True,False,False,False,True,False
13,2025-05-10,2,3.0,3.033333333333333,5,5,1,Jouet Robot Interactif,74.99,2025-01-01,129,False,False,False,False,False,False,False,False,True,False,False,False,True,False
13,2025-05-11,3,3.142857142857143,2.966666666666667,6,5,1,Jouet Robot Interactif,74.99,2025-01-01,130,False,False,False,False,False,False,False,False,True,False,False,False,True,False
13,2025-05-12,1,3.0,2.966666666666667,0,5,0,Jouet Robot Interactif,74.99,2025-01-01,131,False,False,False,False,False,False,False,False,True,False,False,False,True,False
13,2025-05-13,1,2.7142857142857144,2.8333333333333335,1,5,0,Jouet Robot Interactif,74.99,2025-01-01,132,False,False,False,False,False,False,False,False,True,False,False,False,True,False
13,2025-05-14,1,2.4285714285714284,2.7333333333333334,2,5,0,Jouet Robot Interactif,74.99,2025-01-01,133,False,False,False,False,False,False,False,False,True,False,False,False,True,False
13,2025-05-16,1,2.0,2.7333333333333334,4,5,0,Jouet Robot Interactif,74.99,2025-01-01,135,False,False,False,False,False,False,False,False,True,False,False,False,True,False
13,2025-05-17,5,2.0,2.7333333333333334,5,5,1,Jouet Robot Interactif,74.99,2025-01-01,136,False,False,False,False,False,False,False,False,True,False,False,False,True,False
13,2025-05-18,3,2.142857142857143,2.7666666666666666,6,5,1,Jouet Robot Interactif,74.99,2025-01-01,137,False,False,False,False,False,False,False,False,True,False,False,False,True,False
13,2025-05-22,8,2.857142857142857,2.933333333333333,3,5,0,Jouet Robot Interactif,74.99,2025-01-01,141,False,False,False,False,False,False,False,False,True,False,False,False,True,False
13,2025-05-24,4,3.2857142857142856,2.8333333333333335,5,5,1,Jouet Robot Interactif,74.99,2025-01-01,143,False,False,False,False,False,False,False,False,True,False,False,False,True,False
13,2025-05-27,2,3.4285714285714284,2.8333333333333335,1,5,0,Jouet Robot Interactif,74.99,2025-01-01,146,False,False,False,False,False,False,False,False,True,False,False,False,True,False
13,2025-05-28,3,3.7142857142857144,2.8333333333333335,2,5,0,Jouet Robot Interactif,74.99,2025-01-01,147,False,False,False,False,False,False,False,False,True,False,False,False,True,False
13,2025-05-29,2,3.857142857142857,2.8333333333333335,3,5,0,Jouet Robot Interactif,74.99,2025-01-01,148,False,False,False,False,False,False,False,False,True,False,False,False,True,False
13,2025-05-30,1,3.2857142857142856,2.8,4,5,0,Jouet Robot Interactif,74.99,2025-01-01,149,False,False,False,False,False,False,False,False,True,False,False,False,True,False
13,2025-05-31,1,3.0,2.7666666666666666,5,5,1,Jouet Robot Interactif,74.99,2025-01-01,150,False,False,False,False,False,False,False,False,True,False,False,False,True,False
13,2025-06-01,3,2.2857142857142856,2.8333333333333335,6,6,1,Jouet Robot Interactif,74.99,2025-01-01,151,False,False,False,False,False,False,False,False,True,False,False,False,True,False
13,2025-06-03,1,1.8571428571428572,2.6666666666666665,1,6,0,Jouet Robot Interactif,74.99,2025-01-01,153,False,False,False,False,False,False,False,False,True,False,False,False,True,False
13,2025-06-04,2,1.8571428571428572,2.7,2,6,0,Jouet Robot Interactif,74.99,2025-01-01,154,False,False,False,False,False,False,False,False,True,False,False,False,True,False
13,2025-06-05,3,1.8571428571428572,2.6666666666666665,3,6,0,Jouet Robot Interactif,74.99,2025-01-01,155,False,False,False,False,False,False,False,False,True,False,False,False,True,False
13,2025-06-07,3,2.0,2.566666666666667,5,6,1,Jouet Robot Interactif,74.99,2025-01-01,157,False,False,False,False,False,False,False,False,True,False,False,False,True,False
13,2025-06-13,3,2.2857142857142856,2.6333333333333333,4,6,0,Jouet Robot Interactif,74.99,2025-01-01,163,False,False,False,False,False,False,False,False,True,False,False,False,True,False
13,2025-06-14,5,2.857142857142857,2.7333333333333334,5,6,1,Jouet Robot Interactif,74.99,2025-01-01,164,False,False,False,False,False,False,False,False,True,False,False,False,True,False
13,2025-06-15,3,2.857142857142857,2.7,6,6,1,Jouet Robot Interactif,74.99,2025-01-01,165,False,False,False,False,False,False,False,False,True,False,False,False,True,False
13,2025-06-16,3,3.142857142857143,2.7666666666666666,0,6,0,Jouet Robot Interactif,74.99,2025-01-01,166,False,False,False,False,False,False,False,False,True,False,False,False,True,False
13,2025-06-17,1,3.0,2.7333333333333334,1,6,0,Jouet Robot Interactif,74.99,2025-01-01,167,False,False,False,False,False,False,False,False,True,False,False,False,True,False
13,2025-06-20,4,3.142857142857143,2.8,4,6,0,Jouet Robot Interactif,74.99,2025-01-01,170,False,False,False,False,False,False,False,False,True,False,False,False,True,False
13,2025-06-21,6,3.5714285714285716,2.9,5,6,1,Jouet Robot Interactif,74.99,2025-01-01,171,False,False,False,False,False,False,False,False,True,False,False,False,True,False
13,2025-06-22,1,3.2857142857142856,2.8333333333333335,6,6,1,Jouet Robot Interactif,74.99,2025-01-01,172,False,False,False,False,False,False,False,False,True,False,False,False,True,False
13,2025-06-23,2,2.857142857142857,2.7666666666666666,0,6,0,Jouet Robot Interactif,74.99,2025-01-01,173,False,False,False,False,False,False,False,False,True,False,False,False,True,False
13,2025-06-24,1,2.5714285714285716,2.6333333333333333,1,6,0,Jouet Robot Interactif,74.99,2025-01-01,174,False,False,False,False,False,False,False,False,True,False,False,False,True,False
13,2025-06-25,1,2.2857142857142856,2.6,2,6,0,Jouet Robot Interactif,74.99,2025-01-01,175,False,False,False,False,False,False,False,False,True,False,False,False,True,False
13,2025-06-26,1,2.2857142857142856,2.533333333333333,3,6,0,Jouet Robot Interactif,74.99,2025-01-01,176,False,False,False,False,False,False,False,False,True,False,False,False,True,False
13,2025-06-27,4,2.2857142857142856,2.6333333333333333,4,6,0,Jouet Robot Interactif,74.99,2025-01-01,177,False,False,False,False,False,False,False,False,True,False,False,False,True,False
13,2025-06-29,1,1.5714285714285714,2.6333333333333333,6,6,1,Jouet Robot Interactif,74.99,2025-01-01,179,False,False,False,False,False,False,False,False,True,False,False,False,True,False
13,2025-06-30,1,1.5714285714285714,2.6333333333333333,0,6,0,Jouet Robot Interactif,74.99,2025-01-01,180,False,False,False,False,False,False,False,False,True,False,False,False,True,False
14,2025-01-02,1,1.0,1.0,3,1,0,Parfum Floral 100ml,79.99,2025-01-02,0,False,True,False,False,False,False,False,False,False,False,False,False,True,False
14,2025-01-03,4,2.5,2.5,4,1,0,Parfum Floral 100ml,79.99,2025-01-02,1,False,True,False,False,False,False,False,False,False,False,False,False,True,False
14,2025-01-04,6,3.6666666666666665,3.6666666666666665,5,1,1,Parfum Floral 100ml,79.99,2025-01-02,2,False,True,False,False,False,False,False,False,False,False,False,False,True,False
14,2025-01-05,12,5.75,5.75,6,1,1,Parfum Floral 100ml,79.99,2025-01-02,3,False,True,False,False,False,False,False,False,False,False,False,False,True,False
14,2025-01-06,1,4.8,4.8,0,1,0,Parfum Floral 100ml,79.99,2025-01-02,4,False,True,False,False,False,False,False,False,False,False,False,False,True,False
14,2025-01-07,1,4.166666666666667,4.166666666666667,1,1,0,Parfum Floral 100ml,79.99,2025-01-02,5,False,True,False,False,False,False,False,False,False,False,False,False,True,False
14,2025-01-09,1,3.7142857142857144,3.7142857142857144,3,1,0,Parfum Floral 100ml,79.99,2025-01-02,7,False,True,False,False,False,False,False,False,False,False,False,False,True,False
14,2025-01-10,1,3.7142857142857144,3.375,4,1,0,Parfum Floral 100ml,79.99,2025-01-02,8,False,True,False,False,False,False,False,False,False,False,False,False,True,False
14,2025-01-11,12,4.857142857142857,4.333333333333333,5,1,1,Parfum Floral 100ml,79.99,2025-01-02,9,False,True,False,False,False,False,False,False,False,False,False,False,True,False
14,2025-01-12,5,4.714285714285714,4.4,6,1,1,Parfum Floral 100ml,79.99,2025-01-02,10,False,True,False,False,False,False,False,False,False,False,False,False,True,False
14,2025-01-13,1,3.142857142857143,4.090909090909091,0,1,0,Parfum Floral 100ml,79.99,2025-01-02,11,False,True,False,False,False,False,False,False,False,False,False,False,True,False
14,2025-01-14,2,3.2857142857142856,3.9166666666666665,1,1,0,Parfum Floral 100ml,79.99,2025-01-02,12,False,True,False,False,False,False,False,False,False,False,False,False,True,False
14,2025-01-15,1,3.2857142857142856,3.6923076923076925,2,1,0,Parfum Floral 100ml,79.99,2025-01-02,13,False,True,False,False,False,False,False,False,False,False,False,False,True,False
14,2025-01-16,2,3.4285714285714284,3.5714285714285716,3,1,0,Parfum Floral 100ml,79.99,2025-01-02,14,False,True,False,False,False,False,False,False,False,False,False,False,True,False
14,2025-01-17,1,3.4285714285714284,3.4,4,1,0,Parfum Floral 100ml,79.99,2025-01-02,15,False,True,False,False,False,False,False,False,False,False,False,False,True,False
14,2025-01-19,11,3.2857142857142856,3.875,6,1,1,Parfum Floral 100ml,79.99,2025-01-02,17,False,True,False,False,False,False,False,False,False,False,False,False,True,False
14,2025-01-21,1,2.7142857142857144,3.7058823529411766,1,1,0,Parfum Floral 100ml,79.99,2025-01-02,19,False,True,False,False,False,False,False,False,False,False,False,False,True,False
14,2025-01-25,5,3.2857142857142856,3.7777777777777777,5,1,1,Parfum Floral 100ml,79.99,2025-01-02,23,False,True,False,False,False,False,False,False,False,False,False,False,True,False
14,2025-01-26,6,3.857142857142857,3.8947368421052633,6,1,1,Parfum Floral 100ml,79.99,2025-01-02,24,False,True,False,False,False,False,False,False,False,False,False,False,True,False
14,2025-01-29,4,4.285714285714286,3.9,2,1,0,Parfum Floral 100ml,79.99,2025-01-02,27,False,True,False,False,False,False,False,False,False,False,False,False,True,False
14,2025-01-30,6,4.857142857142857,4.0,3,1,0,Parfum Floral 100ml,79.99,2025-01-02,28,False,True,False,False,False,False,False,False,False,False,False,False,True,False
14,2025-02-01,7,5.714285714285714,4.136363636363637,5,2,1,Parfum Floral 100ml,79.99,2025-01-02,30,False,True,False,False,False,False,False,False,False,False,False,False,True,False
14,2025-02-02,1,4.285714285714286,4.0,6,2,1,Parfum Floral 100ml,79.99,2025-01-02,31,False,True,False,False,False,False,False,False,False,False,False,False,True,False
14,2025-02-03,6,5.0,4.083333333333333,0,2,0,Parfum Floral 100ml,79.99,2025-01-02,32,False,True,False,False,False,False,False,False,False,False,False,False,True,False
14,2025-02-04,1,4.428571428571429,3.96,1,2,0,Parfum Floral 100ml,79.99,2025-01-02,33,False,True,False,False,False,False,False,False,False,False,False,False,True,False
14,2025-02-05,2,3.857142857142857,3.8846153846153846,2,2,0,Parfum Floral 100ml,79.99,2025-01-02,34,False,True,False,False,False,False,False,False,False,False,False,False,True,False
14,2025-02-07,6,4.142857142857143,3.962962962962963,4,2,0,Parfum Floral 100ml,79.99,2025-01-02,36,False,True,False,False,False,False,False,False,False,False,False,False,True,False
14,2025-02-08,2,3.5714285714285716,3.892857142857143,5,2,1,Parfum Floral 100ml,79.99,2025-01-02,37,False,True,False,False,False,False,False,False,False,False,False,False,True,False
14,2025-02-09,4,3.142857142857143,3.896551724137931,6,2,1,Parfum Floral 100ml,79.99,2025-01-02,38,False,True,False,False,False,False,False,False,False,False,False,False,True,False
14,2025-02-10,1,3.142857142857143,3.8,0,2,0,Parfum Floral 100ml,79.99,2025-01-02,39,False,True,False,False,False,False,False,False,False,False,False,False,True,False
14,2025-02-12,6,3.142857142857143,3.966666666666667,2,2,0,Parfum Floral 100ml,79.99,2025-01-02,41,False,True,False,False,False,False,False,False,False,False,False,False,True,False
14,2025-02-13,1,3.142857142857143,3.8666666666666667,3,2,0,Parfum Floral 100ml,79.99,2025-01-02,42,False,True,False,False,False,False,False,False,False,False,False,False,True,False
14,2025-02-14,4,3.4285714285714284,3.8,4,2,0,Parfum Floral 100ml,79.99,2025-01-02,43,False,True,False,False,False,False,False,False,False,False,False,False,True,False
14,2025-02-15,8,3.7142857142857144,3.6666666666666665,5,2,1,Parfum Floral 100ml,79.99,2025-01-02,44,False,True,False,False,False,False,False,False,False,False,False,False,True,False
14,2025-02-16,3,3.857142857142857,3.7333333333333334,6,2,1,Parfum Floral 100ml,79.99,2025-01-02,45,False,True,False,False,False,False,False,False,False,False,False,False,True,False
14,2025-02-17,2,3.5714285714285716,3.7666666666666666,0,2,0,Parfum Floral 100ml,79.99,2025-01-02,46,False,True,False,False,False,False,False,False,False,False,False,False,True,False
14,2025-02-18,1,3.5714285714285716,3.7666666666666666,1,2,0,Parfum Floral 100ml,79.99,2025-01-02,47,False,True,False,False,False,False,False,False,False,False,False,False,True,False
14,2025-02-19,2,3.0,3.8,2,2,0,Parfum Floral 100ml,79.99,2025-01-02,48,False,True,False,False,False,False,False,False,False,False,False,False,True,False
14,2025-02-20,8,4.0,3.6666666666666665,3,2,0,Parfum Floral 100ml,79.99,2025-01-02,49,False,True,False,False,False,False,False,False,False,False,False,False,True,False
14,2025-02-21,6,4.285714285714286,3.7,4,2,0,Parfum Floral 100ml,79.99,2025-01-02,50,False,True,False,False,False,False,False,False,False,False,False,False,True,False
14,2025-02-22,7,4.142857142857143,3.9,5,2,1,Parfum Floral 100ml,79.99,2025-01-02,51,False,True,False,False,False,False,False,False,False,False,False,False,True,False
14,2025-02-23,3,4.142857142857143,3.933333333333333,6,2,1,Parfum Floral 100ml,79.99,2025-01-02,52,False,True,False,False,False,False,False,False,False,False,False,False,True,False
14,2025-02-24,1,4.0,3.933333333333333,0,2,0,Parfum Floral 100ml,79.99,2025-01-02,53,False,True,False,False,False,False,False,False,False,False,False,False,True,False
14,2025-02-25,6,4.714285714285714,4.066666666666666,1,2,0,Parfum Floral 100ml,79.99,2025-01-02,54,False,True,False,False,False,False,False,False,False,False,False,False,True,False
14,2025-02-27,2,4.714285714285714,4.1,3,2,0,Parfum Floral 100ml,79.99,2025-01-02,56,False,True,False,False,False,False,False,False,False,False,False,False,True,False
14,2025-02-28,1,3.7142857142857144,3.7666666666666666,4,2,0,Parfum Floral 100ml,79.99,2025-01-02,57,False,True,False,False,False,False,False,False,False,False,False,False,True,False
14,2025-03-01,1,3.0,3.7666666666666666,5,3,1,Parfum Floral 100ml,79.99,2025-01-02,58,False,True,False,False,False,False,False,False,False,False,False,False,True,False
14,2025-03-02,7,3.0,3.8333333333333335,6,3,1,Parfum Floral 100ml,79.99,2025-01-02,59,False,True,False,False,False,False,False,False,False,False,False,False,True,False
14,2025-03-03,1,2.7142857142857144,3.6666666666666665,0,3,0,Parfum Floral 100ml,79.99,2025-01-02,60,False,True,False,False,False,False,False,False,False,False,False,False,True,False
14,2025-03-06,2,2.857142857142857,3.6,3,3,0,Parfum Floral 100ml,79.99,2025-01-02,63,False,True,False,False,False,False,False,False,False,False,False,False,True,False
14,2025-03-08,3,2.4285714285714284,3.5,5,3,1,Parfum Floral 100ml,79.99,2025-01-02,65,False,True,False,False,False,False,False,False,False,False,False,False,True,False
14,2025-03-09,2,2.4285714285714284,3.3333333333333335,6,3,1,Parfum Floral 100ml,79.99,2025-01-02,66,False,True,False,False,False,False,False,False,False,False,False,False,True,False
14,2025-03-10,1,2.4285714285714284,3.3333333333333335,0,3,0,Parfum Floral 100ml,79.99,2025-01-02,67,False,True,False,False,False,False,False,False,False,False,False,False,True,False
14,2025-03-11,5,3.0,3.3,1,3,0,Parfum Floral 100ml,79.99,2025-01-02,68,False,True,False,False,False,False,False,False,False,False,False,False,True,False
14,2025-03-12,2,2.2857142857142856,3.3333333333333335,2,3,0,Parfum Floral 100ml,79.99,2025-01-02,69,False,True,False,False,False,False,False,False,False,False,False,False,True,False
14,2025-03-13,2,2.4285714285714284,3.3333333333333335,3,3,0,Parfum Floral 100ml,79.99,2025-01-02,70,False,True,False,False,False,False,False,False,False,False,False,False,True,False
14,2025-03-14,2,2.4285714285714284,3.2,4,3,0,Parfum Floral 100ml,79.99,2025-01-02,71,False,True,False,False,False,False,False,False,False,False,False,False,True,False
14,2025-03-15,4,2.5714285714285716,3.2666666666666666,5,3,1,Parfum Floral 100ml,79.99,2025-01-02,72,False,True,False,False,False,False,False,False,False,False,False,False,True,False
14,2025-03-16,4,2.857142857142857,3.2666666666666666,6,3,1,Parfum Floral 100ml,79.99,2025-01-02,73,False,True,False,False,False,False,False,False,False,False,False,False,True,False
14,2025-03-17,7,3.7142857142857144,3.466666666666667,0,3,0,Parfum Floral 100ml,79.99,2025-01-02,74,False,True,False,False,False,False,False,False,False,False,False,False,True,False
14,2025-03-18,1,3.142857142857143,3.3,1,3,0,Parfum Floral 100ml,79.99,2025-01-02,75,False,True,False,False,False,False,False,False,False,False,False,False,True,False
14,2025-03-19,5,3.5714285714285716,3.433333333333333,2,3,0,Parfum Floral 100ml,79.99,2025-01-02,76,False,True,False,False,False,False,False,False,False,False,False,False,True,False
14,2025-03-20,4,3.857142857142857,3.433333333333333,3,3,0,Parfum Floral 100ml,79.99,2025-01-02,77,False,True,False,False,False,False,False,False,False,False,False,False,True,False
14,2025-03-21,4,4.142857142857143,3.3,4,3,0,Parfum Floral 100ml,79.99,2025-01-02,78,False,True,False,False,False,False,False,False,False,False,False,False,True,False
14,2025-03-22,4,4.142857142857143,3.3333333333333335,5,3,1,Parfum Floral 100ml,79.99,2025-01-02,79,False,True,False,False,False,False,False,False,False,False,False,False,True,False
14,2025-03-23,1,3.7142857142857144,3.3,6,3,1,Parfum Floral 100ml,79.99,2025-01-02,80,False,True,False,False,False,False,False,False,False,False,False,False,True,False
14,2025-03-25,3,3.142857142857143,3.3666666666666667,1,3,0,Parfum Floral 100ml,79.99,2025-01-02,82,False,True,False,False,False,False,False,False,False,False,False,False,True,False
14,2025-03-26,4,3.5714285714285716,3.433333333333333,2,3,0,Parfum Floral 100ml,79.99,2025-01-02,83,False,True,False,False,False,False,False,False,False,False,False,False,True,False
14,2025-03-27,1,3.0,3.2,3,3,0,Parfum Floral 100ml,79.99,2025-01-02,84,False,True,False,False,False,False,False,False,False,False,False,False,True,False
14,2025-03-29,3,2.857142857142857,3.1,5,3,1,Parfum Floral 100ml,79.99,2025-01-02,86,False,True,False,False,False,False,False,False,False,False,False,False,True,False
14,2025-03-30,3,2.7142857142857144,2.966666666666667,6,3,1,Parfum Floral 100ml,79.99,2025-01-02,87,False,True,False,False,False,False,False,False,False,False,False,False,True,False
14,2025-03-31,1,2.2857142857142856,2.9,0,3,0,Parfum Floral 100ml,79.99,2025-01-02,88,False,True,False,False,False,False,False,False,False,False,False,False,True,False
14,2025-04-01,1,2.2857142857142856,2.9,1,4,0,Parfum Floral 100ml,79.99,2025-01-02,89,False,True,False,False,False,False,False,False,False,False,False,False,True,False
14,2025-04-02,1,2.0,2.7333333333333334,2,4,0,Parfum Floral 100ml,79.99,2025-01-02,90,False,True,False,False,False,False,False,False,False,False,False,False,True,False
14,2025-04-04,1,1.5714285714285714,2.7,4,4,0,Parfum Floral 100ml,79.99,2025-01-02,92,False,True,False,False,False,False,False,False,False,False,False,False,True,False
14,2025-04-05,2,1.7142857142857142,2.7333333333333334,5,4,1,Parfum Floral 100ml,79.99,2025-01-02,93,False,True,False,False,False,False,False,False,False,False,False,False,True,False
14,2025-04-06,3,1.7142857142857142,2.8,6,4,1,Parfum Floral 100ml,79.99,2025-01-02,94,False,True,False,False,False,False,False,False,False,False,False,False,True,False
14,2025-04-07,4,1.8571428571428572,2.7,0,4,0,Parfum Floral 100ml,79.99,2025-01-02,95,False,True,False,False,False,False,False,False,False,False,False,False,True,False
14,2025-04-08,1,1.8571428571428572,2.7,1,4,0,Parfum Floral 100ml,79.99,2025-01-02,96,False,True,False,False,False,False,False,False,False,False,False,False,True,False
14,2025-04-11,6,2.5714285714285716,2.8333333333333335,4,4,0,Parfum Floral 100ml,79.99,2025-01-02,99,False,True,False,False,False,False,False,False,False,False,False,False,True,False
14,2025-04-12,2,2.7142857142857144,2.8,5,4,1,Parfum Floral 100ml,79.99,2025-01-02,100,False,True,False,False,False,False,False,False,False,False,False,False,True,False
14,2025-04-13,4,3.142857142857143,2.8666666666666667,6,4,1,Parfum Floral 100ml,79.99,2025-01-02,101,False,True,False,False,False,False,False,False,False,False,False,False,True,False
14,2025-04-17,6,3.7142857142857144,3.033333333333333,3,4,0,Parfum Floral 100ml,79.99,2025-01-02,105,False,True,False,False,False,False,False,False,False,False,False,False,True,False
14,2025-04-18,3,3.7142857142857144,2.966666666666667,4,4,0,Parfum Floral 100ml,79.99,2025-01-02,106,False,True,False,False,False,False,False,False,False,False,False,False,True,False
14,2025-04-19,2,3.4285714285714284,2.966666666666667,5,4,1,Parfum Floral 100ml,79.99,2025-01-02,107,False,True,False,False,False,False,False,False,False,False,False,False,True,False
14,2025-04-20,1,3.4285714285714284,2.933333333333333,6,4,1,Parfum Floral 100ml,79.99,2025-01-02,108,False,True,False,False,False,False,False,False,False,False,False,False,True,False
14,2025-04-21,3,3.0,2.966666666666667,0,4,0,Parfum Floral 100ml,79.99,2025-01-02,109,False,True,False,False,False,False,False,False,False,False,False,False,True,False
14,2025-04-23,1,2.857142857142857,2.8666666666666667,2,4,0,Parfum Floral 100ml,79.99,2025-01-02,111,False,True,False,False,False,False,False,False,False,False,False,False,True,False
14,2025-04-26,2,2.5714285714285716,2.8,5,4,1,Parfum Floral 100ml,79.99,2025-01-02,114,False,True,False,False,False,False,False,False,False,False,False,False,True,False
14,2025-04-28,1,1.8571428571428572,2.6,0,4,0,Parfum Floral 100ml,79.99,2025-01-02,116,False,True,False,False,False,False,False,False,False,False,False,False,True,False
14,2025-04-29,5,2.142857142857143,2.7333333333333334,1,4,0,Parfum Floral 100ml,79.99,2025-01-02,117,False,True,False,False,False,False,False,False,False,False,False,False,True,False
14,2025-05-01,1,2.0,2.6,3,5,0,Parfum Floral 100ml,79.99,2025-01-02,119,False,True,False,False,False,False,False,False,False,False,False,False,True,False
14,2025-05-02,2,2.142857142857143,2.533333333333333,4,5,0,Parfum Floral 100ml,79.99,2025-01-02,120,False,True,False,False,False,False,False,False,False,False,False,False,True,False
14,2025-05-03,2,2.0,2.466666666666667,5,5,1,Parfum Floral 100ml,79.99,2025-01-02,121,False,True,False,False,False,False,False,False,False,False,False,False,True,False
14,2025-05-05,1,2.0,2.3666666666666667,0,5,0,Parfum Floral 100ml,79.99,2025-01-02,123,False,True,False,False,False,False,False,False,False,False,False,False,True,False
14,2025-05-06,11,3.2857142857142856,2.7,1,5,0,Parfum Floral 100ml,79.99,2025-01-02,124,False,True,False,False,False,False,False,False,False,False,False,False,True,False
14,2025-05-07,4,3.7142857142857144,2.7333333333333334,2,5,0,Parfum Floral 100ml,79.99,2025-01-02,125,False,True,False,False,False,False,False,False,False,False,False,False,True,False
14,2025-05-08,1,3.142857142857143,2.6333333333333333,3,5,0,Parfum Floral 100ml,79.99,2025-01-02,126,False,True,False,False,False,False,False,False,False,False,False,False,True,False
14,2025-05-09,6,3.857142857142857,2.8,4,5,0,Parfum Floral 100ml,79.99,2025-01-02,127,False,True,False,False,False,False,False,False,False,False,False,False,True,False
14,2025-05-10,5,4.285714285714286,2.8666666666666667,5,5,1,Parfum Floral 100ml,79.99,2025-01-02,128,False,True,False,False,False,False,False,False,False,False,False,False,True,False
14,2025-05-11,6,4.857142857142857,2.966666666666667,6,5,1,Parfum Floral 100ml,79.99,2025-01-02,129,False,True,False,False,False,False,False,False,False,False,False,False,True,False
14,2025-05-12,1,4.857142857142857,2.966666666666667,0,5,0,Parfum Floral 100ml,79.99,2025-01-02,130,False,True,False,False,False,False,False,False,False,False,False,False,True,False
14,2025-05-16,3,3.7142857142857144,3.033333333333333,4,5,0,Parfum Floral 100ml,79.99,2025-01-02,134,False,True,False,False,False,False,False,False,False,False,False,False,True,False
14,2025-05-17,6,4.0,3.2,5,5,1,Parfum Floral 100ml,79.99,2025-01-02,135,False,True,False,False,False,False,False,False,False,False,False,False,True,False
14,2025-05-18,1,4.0,3.2,6,5,1,Parfum Floral 100ml,79.99,2025-01-02,136,False,True,False,False,False,False,False,False,False,False,False,False,True,False
14,2025-05-19,2,3.4285714285714284,3.2,0,5,0,Parfum Floral 100ml,79.99,2025-01-02,137,False,True,False,False,False,False,False,False,False,False,False,False,True,False
14,2025-05-21,3,3.142857142857143,3.2,2,5,0,Parfum Floral 100ml,79.99,2025-01-02,139,False,True,False,False,False,False,False,False,False,False,False,False,True,False
14,2025-05-23,1,2.4285714285714284,3.1,4,5,0,Parfum Floral 100ml,79.99,2025-01-02,141,False,True,False,False,False,False,False,False,False,False,False,False,True,False
14,2025-05-24,1,2.4285714285714284,3.1,5,5,1,Parfum Floral 100ml,79.99,2025-01-02,142,False,True,False,False,False,False,False,False,False,False,False,False,True,False
14,2025-05-25,7,3.0,3.1333333333333333,6,5,1,Parfum Floral 100ml,79.99,2025-01-02,143,False,True,False,False,False,False,False,False,False,False,False,False,True,False
14,2025-05-26,1,2.2857142857142856,3.1,0,5,0,Parfum Floral 100ml,79.99,2025-01-02,144,False,True,False,False,False,False,False,False,False,False,False,False,True,False
14,2025-05-27,3,2.5714285714285716,3.066666666666667,1,5,0,Parfum Floral 100ml,79.99,2025-01-02,145,False,True,False,False,False,False,False,False,False,False,False,False,True,False
14,2025-05-28,3,2.7142857142857144,2.966666666666667,2,5,0,Parfum Floral 100ml,79.99,2025-01-02,146,False,True,False,False,False,False,False,False,False,False,False,False,True,False
14,2025-05-30,1,2.4285714285714284,2.9,4,5,0,Parfum Floral 100ml,79.99,2025-01-02,148,False,True,False,False,False,False,False,False,False,False,False,False,True,False
14,2025-05-31,3,2.7142857142857144,2.933333333333333,5,5,1,Parfum Floral 100ml,79.99,2025-01-02,149,False,True,False,False,False,False,False,False,False,False,False,False,True,False
14,2025-06-01,2,2.857142857142857,2.966666666666667,6,6,1,Parfum Floral 100ml,79.99,2025-01-02,150,False,True,False,False,False,False,False,False,False,False,False,False,True,False
14,2025-06-03,5,2.5714285714285716,3.033333333333333,1,6,0,Parfum Floral 100ml,79.99,2025-01-02,152,False,True,False,False,False,False,False,False,False,False,False,False,True,False
14,2025-06-04,1,2.5714285714285716,3.033333333333333,2,6,0,Parfum Floral 100ml,79.99,2025-01-02,153,False,True,False,False,False,False,False,False,False,False,False,False,True,False
14,2025-06-05,1,2.2857142857142856,3.0,3,6,0,Parfum Floral 100ml,79.99,2025-01-02,154,False,True,False,False,False,False,False,False,False,False,False,False,True,False
14,2025-06-06,2,2.142857142857143,3.033333333333333,4,6,0,Parfum Floral 100ml,79.99,2025-01-02,155,False,True,False,False,False,False,False,False,False,False,False,False,True,False
14,2025-06-07,4,2.5714285714285716,3.0,5,6,1,Parfum Floral 100ml,79.99,2025-01-02,156,False,True,False,False,False,False,False,False,False,False,False,False,True,False
14,2025-06-08,1,2.2857142857142856,3.0,6,6,1,Parfum Floral 100ml,79.99,2025-01-02,157,False,True,False,False,False,False,False,False,False,False,False,False,True,False
14,2025-06-09,1,2.142857142857143,2.966666666666667,0,6,0,Parfum Floral 100ml,79.99,2025-01-02,158,False,True,False,False,False,False,False,False,False,False,False,False,True,False
14,2025-06-10,7,2.4285714285714284,3.1333333333333333,1,6,0,Parfum Floral 100ml,79.99,2025-01-02,159,False,True,False,False,False,False,False,False,False,False,False,False,True,False
14,2025-06-11,1,2.4285714285714284,3.1333333333333333,2,6,0,Parfum Floral 100ml,79.99,2025-01-02,160,False,True,False,False,False,False,False,False,False,False,False,False,True,False
14,2025-06-12,2,2.5714285714285716,2.8333333333333335,3,6,0,Parfum Floral 100ml,79.99,2025-01-02,161,False,True,False,False,False,False,False,False,False,False,False,False,True,False
14,2025-06-13,3,2.7142857142857144,2.8,4,6,0,Parfum Floral 100ml,79.99,2025-01-02,162,False,True,False,False,False,False,False,False,False,False,False,False,True,False
14,2025-06-14,4,2.7142857142857144,2.9,5,6,1,Parfum Floral 100ml,79.99,2025-01-02,163,False,True,False,False,False,False,False,False,False,False,False,False,True,False
14,2025-06-15,2,2.857142857142857,2.7666666666666666,6,6,1,Parfum Floral 100ml,79.99,2025-01-02,164,False,True,False,False,False,False,False,False,False,False,False,False,True,False
14,2025-06-17,4,3.2857142857142856,2.7333333333333334,1,6,0,Parfum Floral 100ml,79.99,2025-01-02,166,False,True,False,False,False,False,False,False,False,False,False,False,True,False
14,2025-06-18,1,2.4285714285714284,2.566666666666667,2,6,0,Parfum Floral 100ml,79.99,2025-01-02,167,False,True,False,False,False,False,False,False,False,False,False,False,True,False
14,2025-06-19,1,2.4285714285714284,2.566666666666667,3,6,0,Parfum Floral 100ml,79.99,2025-01-02,168,False,True,False,False,False,False,False,False,False,False,False,False,True,False
14,2025-06-21,2,2.4285714285714284,2.533333333333333,5,6,1,Parfum Floral 100ml,79.99,2025-01-02,170,False,True,False,False,False,False,False,False,False,False,False,False,True,False
14,2025-06-22,10,3.4285714285714284,2.6666666666666665,6,6,1,Parfum Floral 100ml,79.99,2025-01-02,171,False,True,False,False,False,False,False,False,False,False,False,False,True,False
14,2025-06-24,3,3.2857142857142856,2.7333333333333334,1,6,0,Parfum Floral 100ml,79.99,2025-01-02,173,False,True,False,False,False,False,False,False,False,False,False,False,True,False
14,2025-06-25,3,3.4285714285714284,2.7666666666666666,2,6,0,Parfum Floral 100ml,79.99,2025-01-02,174,False,True,False,False,False,False,False,False,False,False,False,False,True,False
14,2025-06-26,3,3.2857142857142856,2.7666666666666666,3,6,0,Parfum Floral 100ml,79.99,2025-01-02,175,False,True,False,False,False,False,False,False,False,False,False,False,True,False
14,2025-06-27,3,3.5714285714285716,2.8333333333333335,4,6,0,Parfum Floral 100ml,79.99,2025-01-02,176,False,True,False,False,False,False,False,False,False,False,False,False,True,False
14,2025-06-28,3,3.857142857142857,2.9,5,6,1,Parfum Floral 100ml,79.99,2025-01-02,177,False,True,False,False,False,False,False,False,False,False,False,False,True,False
14,2025-06-29,4,4.142857142857143,2.8,6,6,1,Parfum Floral 100ml,79.99,2025-01-02,178,False,True,False,False,False,False,False,False,False,False,False,False,True,False
15,2025-01-01,5,5.0,5.0,2,1,0,Tapis de Yoga Antidérapant,29.99,2025-01-01,0,False,False,False,False,False,False,False,True,False,False,True,False,False,False
15,2025-01-02,1,3.0,3.0,3,1,0,Tapis de Yoga Antidérapant,29.99,2025-01-01,1,False,False,False,False,False,False,False,True,False,False,True,False,False,False
15,2025-01-03,2,2.6666666666666665,2.6666666666666665,4,1,0,Tapis de Yoga Antidérapant,29.99,2025-01-01,2,False,False,False,False,False,False,False,True,False,False,True,False,False,False
15,2025-01-04,3,2.75,2.75,5,1,1,Tapis de Yoga Antidérapant,29.99,2025-01-01,3,False,False,False,False,False,False,False,True,False,False,True,False,False,False
15,2025-01-05,3,2.8,2.8,6,1,1,Tapis de Yoga Antidérapant,29.99,2025-01-01,4,False,False,False,False,False,False,False,True,False,False,True,False,False,False
15,2025-01-08,2,2.6666666666666665,2.6666666666666665,2,1,0,Tapis de Yoga Antidérapant,29.99,2025-01-01,7,False,False,False,False,False,False,False,True,False,False,True,False,False,False
15,2025-01-10,8,3.4285714285714284,3.4285714285714284,4,1,0,Tapis de Yoga Antidérapant,29.99,2025-01-01,9,False,False,False,False,False,False,False,True,False,False,True,False,False,False
15,2025-01-11,9,4.0,4.125,5,1,1,Tapis de Yoga Antidérapant,29.99,2025-01-01,10,False,False,False,False,False,False,False,True,False,False,True,False,False,False
15,2025-01-12,12,5.571428571428571,5.0,6,1,1,Tapis de Yoga Antidérapant,29.99,2025-01-01,11,False,False,False,False,False,False,False,True,False,False,True,False,False,False
15,2025-01-16,1,5.428571428571429,4.6,3,1,0,Tapis de Yoga Antidérapant,29.99,2025-01-01,15,False,False,False,False,False,False,False,True,False,False,True,False,False,False
15,2025-01-17,8,6.142857142857143,4.909090909090909,4,1,0,Tapis de Yoga Antidérapant,29.99,2025-01-01,16,False,False,False,False,False,False,False,True,False,False,True,False,False,False
15,2025-01-19,3,6.142857142857143,4.75,6,1,1,Tapis de Yoga Antidérapant,29.99,2025-01-01,18,False,False,False,False,False,False,False,True,False,False,True,False,False,False
15,2025-01-20,2,6.142857142857143,4.538461538461538,0,1,0,Tapis de Yoga Antidérapant,29.99,2025-01-01,19,False,False,False,False,False,False,False,True,False,False,True,False,False,False
15,2025-01-22,2,5.285714285714286,4.357142857142857,2,1,0,Tapis de Yoga Antidérapant,29.99,2025-01-01,21,False,False,False,False,False,False,False,True,False,False,True,False,False,False
15,2025-01-23,2,4.285714285714286,4.2,3,1,0,Tapis de Yoga Antidérapant,29.99,2025-01-01,22,False,False,False,False,False,False,False,True,False,False,True,False,False,False
15,2025-01-25,6,3.4285714285714284,4.3125,5,1,1,Tapis de Yoga Antidérapant,29.99,2025-01-01,24,False,False,False,False,False,False,False,True,False,False,True,False,False,False
15,2025-01-26,2,3.5714285714285716,4.176470588235294,6,1,1,Tapis de Yoga Antidérapant,29.99,2025-01-01,25,False,False,False,False,False,False,False,True,False,False,True,False,False,False
15,2025-01-27,1,2.5714285714285716,4.0,0,1,0,Tapis de Yoga Antidérapant,29.99,2025-01-01,26,False,False,False,False,False,False,False,True,False,False,True,False,False,False
15,2025-01-28,2,2.4285714285714284,3.8947368421052633,1,1,0,Tapis de Yoga Antidérapant,29.99,2025-01-01,27,False,False,False,False,False,False,False,True,False,False,True,False,False,False
15,2025-01-29,7,3.142857142857143,4.05,2,1,0,Tapis de Yoga Antidérapant,29.99,2025-01-01,28,False,False,False,False,False,False,False,True,False,False,True,False,False,False
15,2025-01-30,2,3.142857142857143,3.9523809523809526,3,1,0,Tapis de Yoga Antidérapant,29.99,2025-01-01,29,False,False,False,False,False,False,False,True,False,False,True,False,False,False
15,2025-02-01,2,3.142857142857143,3.8636363636363638,5,2,1,Tapis de Yoga Antidérapant,29.99,2025-01-01,31,False,False,False,False,False,False,False,True,False,False,True,False,False,False
15,2025-02-02,2,2.5714285714285716,3.782608695652174,6,2,1,Tapis de Yoga Antidérapant,29.99,2025-01-01,32,False,False,False,False,False,False,False,True,False,False,True,False,False,False
15,2025-02-03,3,2.7142857142857144,3.75,0,2,0,Tapis de Yoga Antidérapant,29.99,2025-01-01,33,False,False,False,False,False,False,False,True,False,False,True,False,False,False
15,2025-02-04,6,3.4285714285714284,3.84,1,2,0,Tapis de Yoga Antidérapant,29.99,2025-01-01,34,False,False,False,False,False,False,False,True,False,False,True,False,False,False
15,2025-02-05,2,3.4285714285714284,3.769230769230769,2,2,0,Tapis de Yoga Antidérapant,29.99,2025-01-01,35,False,False,False,False,False,False,False,True,False,False,True,False,False,False
15,2025-02-06,1,2.5714285714285716,3.6666666666666665,3,2,0,Tapis de Yoga Antidérapant,29.99,2025-01-01,36,False,False,False,False,False,False,False,True,False,False,True,False,False,False
15,2025-02-07,2,2.5714285714285716,3.607142857142857,4,2,0,Tapis de Yoga Antidérapant,29.99,2025-01-01,37,False,False,False,False,False,False,False,True,False,False,True,False,False,False
15,2025-02-08,8,3.4285714285714284,3.7586206896551726,5,2,1,Tapis de Yoga Antidérapant,29.99,2025-01-01,38,False,False,False,False,False,False,False,True,False,False,True,False,False,False
15,2025-02-09,1,3.2857142857142856,3.6666666666666665,6,2,1,Tapis de Yoga Antidérapant,29.99,2025-01-01,39,False,False,False,False,False,False,False,True,False,False,True,False,False,False
15,2025-02-10,1,3.0,3.533333333333333,0,2,0,Tapis de Yoga Antidérapant,29.99,2025-01-01,40,False,False,False,False,False,False,False,True,False,False,True,False,False,False
15,2025-02-11,1,2.2857142857142856,3.533333333333333,1,2,0,Tapis de Yoga Antidérapant,29.99,2025-01-01,41,False,False,False,False,False,False,False,True,False,False,True,False,False,False
15,2025-02-15,2,2.2857142857142856,3.533333333333333,5,2,1,Tapis de Yoga Antidérapant,29.99,2025-01-01,45,False,False,False,False,False,False,False,True,False,False,True,False,False,False
15,2025-02-16,1,2.2857142857142856,3.466666666666667,6,2,1,Tapis de Yoga Antidérapant,29.99,2025-01-01,46,False,False,False,False,False,False,False,True,False,False,True,False,False,False
15,2025-02-17,1,2.142857142857143,3.4,0,2,0,Tapis de Yoga Antidérapant,29.99,2025-01-01,47,False,False,False,False,False,False,False,True,False,False,True,False,False,False
15,2025-02-18,1,1.1428571428571428,3.3666666666666667,1,2,0,Tapis de Yoga Antidérapant,29.99,2025-01-01,48,False,False,False,False,False,False,False,True,False,False,True,False,False,False
15,2025-02-19,3,1.4285714285714286,3.2,2,2,0,Tapis de Yoga Antidérapant,29.99,2025-01-01,49,False,False,False,False,False,False,False,True,False,False,True,False,False,False
15,2025-02-20,4,1.8571428571428572,3.033333333333333,3,2,0,Tapis de Yoga Antidérapant,29.99,2025-01-01,50,False,False,False,False,False,False,False,True,False,False,True,False,False,False
15,2025-02-21,4,2.2857142857142856,2.7666666666666666,4,2,0,Tapis de Yoga Antidérapant,29.99,2025-01-01,51,False,False,False,False,False,False,False,True,False,False,True,False,False,False
15,2025-02-22,4,2.5714285714285716,2.8666666666666667,5,2,1,Tapis de Yoga Antidérapant,29.99,2025-01-01,52,False,False,False,False,False,False,False,True,False,False,True,False,False,False
15,2025-02-23,8,3.5714285714285716,2.8666666666666667,6,2,1,Tapis de Yoga Antidérapant,29.99,2025-01-01,53,False,False,False,False,False,False,False,True,False,False,True,False,False,False
15,2025-02-24,3,3.857142857142857,2.8666666666666667,0,2,0,Tapis de Yoga Antidérapant,29.99,2025-01-01,54,False,False,False,False,False,False,False,True,False,False,True,False,False,False
15,2025-02-25,1,3.857142857142857,2.8333333333333335,1,2,0,Tapis de Yoga Antidérapant,29.99,2025-01-01,55,False,False,False,False,False,False,False,True,False,False,True,False,False,False
15,2025-02-26,3,3.857142857142857,2.8666666666666667,2,2,0,Tapis de Yoga Antidérapant,29.99,2025-01-01,56,False,False,False,False,False,False,False,True,False,False,True,False,False,False
15,2025-02-27,4,3.857142857142857,2.933333333333333,3,2,0,Tapis de Yoga Antidérapant,29.99,2025-01-01,57,False,False,False,False,False,False,False,True,False,False,True,False,False,False
15,2025-02-28,2,3.5714285714285716,2.8,4,2,0,Tapis de Yoga Antidérapant,29.99,2025-01-01,58,False,False,False,False,False,False,False,True,False,False,True,False,False,False
15,2025-03-01,8,4.142857142857143,3.0,5,3,1,Tapis de Yoga Antidérapant,29.99,2025-01-01,59,False,False,False,False,False,False,False,True,False,False,True,False,False,False
15,2025-03-02,5,3.7142857142857144,3.1333333333333333,6,3,1,Tapis de Yoga Antidérapant,29.99,2025-01-01,60,False,False,False,False,False,False,False,True,False,False,True,False,False,False
15,2025-03-04,1,3.4285714285714284,3.1,1,3,0,Tapis de Yoga Antidérapant,29.99,2025-01-01,62,False,False,False,False,False,False,False,True,False,False,True,False,False,False
15,2025-03-06,2,3.5714285714285716,2.933333333333333,3,3,0,Tapis de Yoga Antidérapant,29.99,2025-01-01,64,False,False,False,False,False,False,False,True,False,False,True,False,False,False
15,2025-03-08,1,3.2857142857142856,2.9,5,3,1,Tapis de Yoga Antidérapant,29.99,2025-01-01,66,False,False,False,False,False,False,False,True,False,False,True,False,False,False
15,2025-03-09,7,3.7142857142857144,3.066666666666667,6,3,1,Tapis de Yoga Antidérapant,29.99,2025-01-01,67,False,False,False,False,False,False,False,True,False,False,True,False,False,False
15,2025-03-10,1,3.5714285714285716,3.033333333333333,0,3,0,Tapis de Yoga Antidérapant,29.99,2025-01-01,68,False,False,False,False,False,False,False,True,False,False,True,False,False,False
15,2025-03-11,1,2.5714285714285716,2.966666666666667,1,3,0,Tapis de Yoga Antidérapant,29.99,2025-01-01,69,False,False,False,False,False,False,False,True,False,False,True,False,False,False
15,2025-03-13,2,2.142857142857143,2.8333333333333335,3,3,0,Tapis de Yoga Antidérapant,29.99,2025-01-01,71,False,False,False,False,False,False,False,True,False,False,True,False,False,False
15,2025-03-14,5,2.7142857142857144,2.933333333333333,4,3,0,Tapis de Yoga Antidérapant,29.99,2025-01-01,72,False,False,False,False,False,False,False,True,False,False,True,False,False,False
15,2025-03-15,5,3.142857142857143,3.066666666666667,5,3,1,Tapis de Yoga Antidérapant,29.99,2025-01-01,73,False,False,False,False,False,False,False,True,False,False,True,False,False,False
15,2025-03-16,3,3.4285714285714284,3.1,6,3,1,Tapis de Yoga Antidérapant,29.99,2025-01-01,74,False,False,False,False,False,False,False,True,False,False,True,False,False,False
15,2025-03-18,1,2.5714285714285716,2.8666666666666667,1,3,0,Tapis de Yoga Antidérapant,29.99,2025-01-01,76,False,False,False,False,False,False,False,True,False,False,True,False,False,False
15,2025-03-19,4,3.0,2.966666666666667,2,3,0,Tapis de Yoga Antidérapant,29.99,2025-01-01,77,False,False,False,False,False,False,False,True,False,False,True,False,False,False
15,2025-03-20,4,3.4285714285714284,3.066666666666667,3,3,0,Tapis de Yoga Antidérapant,29.99,2025-01-01,78,False,False,False,False,False,False,False,True,False,False,True,False,False,False
15,2025-03-21,5,3.857142857142857,3.2,4,3,0,Tapis de Yoga Antidérapant,29.99,2025-01-01,79,False,False,False,False,False,False,False,True,False,False,True,False,False,False
15,2025-03-22,2,3.4285714285714284,3.2,5,3,1,Tapis de Yoga Antidérapant,29.99,2025-01-01,80,False,False,False,False,False,False,False,True,False,False,True,False,False,False
15,2025-03-23,1,2.857142857142857,3.2,6,3,1,Tapis de Yoga Antidérapant,29.99,2025-01-01,81,False,False,False,False,False,False,False,True,False,False,True,False,False,False
15,2025-03-24,1,2.5714285714285716,3.2,0,3,0,Tapis de Yoga Antidérapant,29.99,2025-01-01,82,False,False,False,False,False,False,False,True,False,False,True,False,False,False
15,2025-03-25,2,2.7142857142857144,3.2333333333333334,1,3,0,Tapis de Yoga Antidérapant,29.99,2025-01-01,83,False,False,False,False,False,False,False,True,False,False,True,False,False,False
15,2025-03-26,1,2.2857142857142856,3.1666666666666665,2,3,0,Tapis de Yoga Antidérapant,29.99,2025-01-01,84,False,False,False,False,False,False,False,True,False,False,True,False,False,False
15,2025-03-27,1,1.8571428571428572,3.066666666666667,3,3,0,Tapis de Yoga Antidérapant,29.99,2025-01-01,85,False,False,False,False,False,False,False,True,False,False,True,False,False,False
15,2025-03-28,2,1.4285714285714286,3.0,4,3,0,Tapis de Yoga Antidérapant,29.99,2025-01-01,86,False,False,False,False,False,False,False,True,False,False,True,False,False,False
15,2025-03-29,2,1.4285714285714286,2.933333333333333,5,3,1,Tapis de Yoga Antidérapant,29.99,2025-01-01,87,False,False,False,False,False,False,False,True,False,False,True,False,False,False
15,2025-03-30,1,1.4285714285714286,2.7,6,3,1,Tapis de Yoga Antidérapant,29.99,2025-01-01,88,False,False,False,False,False,False,False,True,False,False,True,False,False,False
15,2025-03-31,2,1.5714285714285714,2.6666666666666665,0,3,0,Tapis de Yoga Antidérapant,29.99,2025-01-01,89,False,False,False,False,False,False,False,True,False,False,True,False,False,False
15,2025-04-01,6,2.142857142857143,2.8333333333333335,1,4,0,Tapis de Yoga Antidérapant,29.99,2025-01-01,90,False,False,False,False,False,False,False,True,False,False,True,False,False,False
15,2025-04-02,4,2.5714285714285716,2.8666666666666667,2,4,0,Tapis de Yoga Antidérapant,29.99,2025-01-01,91,False,False,False,False,False,False,False,True,False,False,True,False,False,False
15,2025-04-03,5,3.142857142857143,2.9,3,4,0,Tapis de Yoga Antidérapant,29.99,2025-01-01,92,False,False,False,False,False,False,False,True,False,False,True,False,False,False
15,2025-04-04,4,3.4285714285714284,2.966666666666667,4,4,0,Tapis de Yoga Antidérapant,29.99,2025-01-01,93,False,False,False,False,False,False,False,True,False,False,True,False,False,False
15,2025-04-05,2,3.4285714285714284,2.7666666666666666,5,4,1,Tapis de Yoga Antidérapant,29.99,2025-01-01,94,False,False,False,False,False,False,False,True,False,False,True,False,False,False
15,2025-04-06,4,3.857142857142857,2.7333333333333334,6,4,1,Tapis de Yoga Antidérapant,29.99,2025-01-01,95,False,False,False,False,False,False,False,True,False,False,True,False,False,False
15,2025-04-08,2,3.857142857142857,2.7666666666666666,1,4,0,Tapis de Yoga Antidérapant,29.99,2025-01-01,97,False,False,False,False,False,False,False,True,False,False,True,False,False,False
15,2025-04-10,2,3.2857142857142856,2.7666666666666666,3,4,0,Tapis de Yoga Antidérapant,29.99,2025-01-01,99,False,False,False,False,False,False,False,True,False,False,True,False,False,False
15,2025-04-11,11,4.285714285714286,3.1,4,4,0,Tapis de Yoga Antidérapant,29.99,2025-01-01,100,False,False,False,False,False,False,False,True,False,False,True,False,False,False
15,2025-04-12,8,4.714285714285714,3.1333333333333333,5,4,1,Tapis de Yoga Antidérapant,29.99,2025-01-01,101,False,False,False,False,False,False,False,True,False,False,True,False,False,False
15,2025-04-13,7,5.142857142857143,3.3333333333333335,6,4,1,Tapis de Yoga Antidérapant,29.99,2025-01-01,102,False,False,False,False,False,False,False,True,False,False,True,False,False,False
15,2025-04-14,3,5.285714285714286,3.4,0,4,0,Tapis de Yoga Antidérapant,29.99,2025-01-01,103,False,False,False,False,False,False,False,True,False,False,True,False,False,False
15,2025-04-15,1,4.857142857142857,3.3666666666666667,1,4,0,Tapis de Yoga Antidérapant,29.99,2025-01-01,104,False,False,False,False,False,False,False,True,False,False,True,False,False,False
15,2025-04-16,5,5.285714285714286,3.3666666666666667,2,4,0,Tapis de Yoga Antidérapant,29.99,2025-01-01,105,False,False,False,False,False,False,False,True,False,False,True,False,False,False
15,2025-04-17,4,5.571428571428571,3.3333333333333335,3,4,0,Tapis de Yoga Antidérapant,29.99,2025-01-01,106,False,False,False,False,False,False,False,True,False,False,True,False,False,False
15,2025-04-18,3,4.428571428571429,3.3333333333333335,4,4,0,Tapis de Yoga Antidérapant,29.99,2025-01-01,107,False,False,False,False,False,False,False,True,False,False,True,False,False,False
15,2025-04-19,2,3.5714285714285716,3.3666666666666667,5,4,1,Tapis de Yoga Antidérapant,29.99,2025-01-01,108,False,False,False,False,False,False,False,True,False,False,True,False,False,False
15,2025-04-20,4,3.142857142857143,3.3666666666666667,6,4,1,Tapis de Yoga Antidérapant,29.99,2025-01-01,109,False,False,False,False,False,False,False,True,False,False,True,False,False,False
15,2025-04-22,1,2.857142857142857,3.2666666666666666,1,4,0,Tapis de Yoga Antidérapant,29.99,2025-01-01,111,False,False,False,False,False,False,False,True,False,False,True,False,False,False
15,2025-04-23,4,3.2857142857142856,3.2333333333333334,2,4,0,Tapis de Yoga Antidérapant,29.99,2025-01-01,112,False,False,False,False,False,False,False,True,False,False,True,False,False,False
15,2025-04-24,2,2.857142857142857,3.2333333333333334,3,4,0,Tapis de Yoga Antidérapant,29.99,2025-01-01,113,False,False,False,False,False,False,False,True,False,False,True,False,False,False
15,2025-04-25,2,2.5714285714285716,3.2666666666666666,4,4,0,Tapis de Yoga Antidérapant,29.99,2025-01-01,114,False,False,False,False,False,False,False,True,False,False,True,False,False,False
15,2025-04-27,7,3.142857142857143,3.466666666666667,6,4,1,Tapis de Yoga Antidérapant,29.99,2025-01-01,116,False,False,False,False,False,False,False,True,False,False,True,False,False,False
15,2025-04-28,5,3.5714285714285716,3.566666666666667,0,4,0,Tapis de Yoga Antidérapant,29.99,2025-01-01,117,False,False,False,False,False,False,False,True,False,False,True,False,False,False
15,2025-04-29,3,3.4285714285714284,3.6333333333333333,1,4,0,Tapis de Yoga Antidérapant,29.99,2025-01-01,118,False,False,False,False,False,False,False,True,False,False,True,False,False,False
15,2025-04-30,4,3.857142857142857,3.7333333333333334,2,4,0,Tapis de Yoga Antidérapant,29.99,2025-01-01,119,False,False,False,False,False,False,False,True,False,False,True,False,False,False
15,2025-05-01,1,3.4285714285714284,3.7,3,5,0,Tapis de Yoga Antidérapant,29.99,2025-01-01,120,False,False,False,False,False,False,False,True,False,False,True,False,False,False
15,2025-05-02,1,3.2857142857142856,3.6666666666666665,4,5,0,Tapis de Yoga Antidérapant,29.99,2025-01-01,121,False,False,False,False,False,False,False,True,False,False,True,False,False,False
15,2025-05-03,3,3.4285714285714284,3.7333333333333334,5,5,1,Tapis de Yoga Antidérapant,29.99,2025-01-01,122,False,False,False,False,False,False,False,True,False,False,True,False,False,False
15,2025-05-04,4,3.0,3.8,6,5,1,Tapis de Yoga Antidérapant,29.99,2025-01-01,123,False,False,False,False,False,False,False,True,False,False,True,False,False,False
15,2025-05-05,4,2.857142857142857,3.7333333333333334,0,5,0,Tapis de Yoga Antidérapant,29.99,2025-01-01,124,False,False,False,False,False,False,False,True,False,False,True,False,False,False
15,2025-05-07,4,3.0,3.7333333333333334,2,5,0,Tapis de Yoga Antidérapant,29.99,2025-01-01,126,False,False,False,False,False,False,False,True,False,False,True,False,False,False
15,2025-05-08,5,3.142857142857143,3.7333333333333334,3,5,0,Tapis de Yoga Antidérapant,29.99,2025-01-01,127,False,False,False,False,False,False,False,True,False,False,True,False,False,False
15,2025-05-09,1,3.142857142857143,3.6333333333333333,4,5,0,Tapis de Yoga Antidérapant,29.99,2025-01-01,128,False,False,False,False,False,False,False,True,False,False,True,False,False,False
15,2025-05-10,10,4.428571428571429,3.9,5,5,1,Tapis de Yoga Antidérapant,29.99,2025-01-01,129,False,False,False,False,False,False,False,True,False,False,True,False,False,False
15,2025-05-11,5,4.714285714285714,3.933333333333333,6,5,1,Tapis de Yoga Antidérapant,29.99,2025-01-01,130,False,False,False,False,False,False,False,True,False,False,True,False,False,False
15,2025-05-13,3,4.571428571428571,3.966666666666667,1,5,0,Tapis de Yoga Antidérapant,29.99,2025-01-01,132,False,False,False,False,False,False,False,True,False,False,True,False,False,False
15,2025-05-14,3,4.428571428571429,4.0,2,5,0,Tapis de Yoga Antidérapant,29.99,2025-01-01,133,False,False,False,False,False,False,False,True,False,False,True,False,False,False
15,2025-05-16,2,4.142857142857143,3.7,4,5,0,Tapis de Yoga Antidérapant,29.99,2025-01-01,135,False,False,False,False,False,False,False,True,False,False,True,False,False,False
15,2025-05-17,10,4.857142857142857,3.7666666666666666,5,5,1,Tapis de Yoga Antidérapant,29.99,2025-01-01,136,False,False,False,False,False,False,False,True,False,False,True,False,False,False
15,2025-05-18,4,5.285714285714286,3.6666666666666665,6,5,1,Tapis de Yoga Antidérapant,29.99,2025-01-01,137,False,False,False,False,False,False,False,True,False,False,True,False,False,False
15,2025-05-19,5,4.571428571428571,3.7333333333333334,0,5,0,Tapis de Yoga Antidérapant,29.99,2025-01-01,138,False,False,False,False,False,False,False,True,False,False,True,False,False,False
15,2025-05-20,4,4.428571428571429,3.8333333333333335,1,5,0,Tapis de Yoga Antidérapant,29.99,2025-01-01,139,False,False,False,False,False,False,False,True,False,False,True,False,False,False
15,2025-05-22,11,5.571428571428571,4.033333333333333,3,5,0,Tapis de Yoga Antidérapant,29.99,2025-01-01,141,False,False,False,False,False,False,False,True,False,False,True,False,False,False
15,2025-05-23,1,5.285714285714286,3.933333333333333,4,5,0,Tapis de Yoga Antidérapant,29.99,2025-01-01,142,False,False,False,False,False,False,False,True,False,False,True,False,False,False
15,2025-05-24,9,6.285714285714286,4.133333333333334,5,5,1,Tapis de Yoga Antidérapant,29.99,2025-01-01,143,False,False,False,False,False,False,False,True,False,False,True,False,False,False
15,2025-05-25,7,5.857142857142857,4.3,6,5,1,Tapis de Yoga Antidérapant,29.99,2025-01-01,144,False,False,False,False,False,False,False,True,False,False,True,False,False,False
15,2025-05-26,8,6.428571428571429,4.433333333333334,0,5,0,Tapis de Yoga Antidérapant,29.99,2025-01-01,145,False,False,False,False,False,False,False,True,False,False,True,False,False,False
15,2025-05-27,1,5.857142857142857,4.433333333333334,1,5,0,Tapis de Yoga Antidérapant,29.99,2025-01-01,146,False,False,False,False,False,False,False,True,False,False,True,False,False,False
15,2025-05-28,4,5.857142857142857,4.433333333333334,2,5,0,Tapis de Yoga Antidérapant,29.99,2025-01-01,147,False,False,False,False,False,False,False,True,False,False,True,False,False,False
15,2025-05-29,3,4.714285714285714,4.466666666666667,3,5,0,Tapis de Yoga Antidérapant,29.99,2025-01-01,148,False,False,False,False,False,False,False,True,False,False,True,False,False,False
15,2025-05-31,4,5.142857142857143,4.533333333333333,5,5,1,Tapis de Yoga Antidérapant,29.99,2025-01-01,150,False,False,False,False,False,False,False,True,False,False,True,False,False,False
15,2025-06-01,2,4.142857142857143,4.366666666666666,6,6,1,Tapis de Yoga Antidérapant,29.99,2025-01-01,151,False,False,False,False,False,False,False,True,False,False,True,False,False,False
15,2025-06-03,3,3.5714285714285716,4.3,1,6,0,Tapis de Yoga Antidérapant,29.99,2025-01-01,153,False,False,False,False,False,False,False,True,False,False,True,False,False,False
15,2025-06-04,2,2.7142857142857144,4.266666666666667,2,6,0,Tapis de Yoga Antidérapant,29.99,2025-01-01,154,False,False,False,False,False,False,False,True,False,False,True,False,False,False
15,2025-06-05,1,2.7142857142857144,4.166666666666667,3,6,0,Tapis de Yoga Antidérapant,29.99,2025-01-01,155,False,False,False,False,False,False,False,True,False,False,True,False,False,False
15,2025-06-07,2,2.4285714285714284,4.2,5,6,1,Tapis de Yoga Antidérapant,29.99,2025-01-01,157,False,False,False,False,False,False,False,True,False,False,True,False,False,False
15,2025-06-08,4,2.5714285714285716,4.3,6,6,1,Tapis de Yoga Antidérapant,29.99,2025-01-01,158,False,False,False,False,False,False,False,True,False,False,True,False,False,False
15,2025-06-09,2,2.2857142857142856,4.266666666666667,0,6,0,Tapis de Yoga Antidérapant,29.99,2025-01-01,159,False,False,False,False,False,False,False,True,False,False,True,False,False,False
15,2025-06-10,3,2.4285714285714284,4.233333333333333,1,6,0,Tapis de Yoga Antidérapant,29.99,2025-01-01,160,False,False,False,False,False,False,False,True,False,False,True,False,False,False
15,2025-06-11,2,2.2857142857142856,4.166666666666667,2,6,0,Tapis de Yoga Antidérapant,29.99,2025-01-01,161,False,False,False,False,False,False,False,True,False,False,True,False,False,False
15,2025-06-12,1,2.142857142857143,4.066666666666666,3,6,0,Tapis de Yoga Antidérapant,29.99,2025-01-01,162,False,False,False,False,False,False,False,True,False,False,True,False,False,False
15,2025-06-13,6,2.857142857142857,4.1,4,6,0,Tapis de Yoga Antidérapant,29.99,2025-01-01,163,False,False,False,False,False,False,False,True,False,False,True,False,False,False
15,2025-06-14,3,3.0,4.166666666666667,5,6,1,Tapis de Yoga Antidérapant,29.99,2025-01-01,164,False,False,False,False,False,False,False,True,False,False,True,False,False,False
15,2025-06-15,11,4.0,4.2,6,6,1,Tapis de Yoga Antidérapant,29.99,2025-01-01,165,False,False,False,False,False,False,False,True,False,False,True,False,False,False
15,2025-06-18,5,4.428571428571429,4.2,2,6,0,Tapis de Yoga Antidérapant,29.99,2025-01-01,168,False,False,False,False,False,False,False,True,False,False,True,False,False,False
15,2025-06-21,10,5.428571428571429,4.433333333333334,5,6,1,Tapis de Yoga Antidérapant,29.99,2025-01-01,171,False,False,False,False,False,False,False,True,False,False,True,False,False,False
15,2025-06-22,1,5.285714285714286,4.366666666666666,6,6,1,Tapis de Yoga Antidérapant,29.99,2025-01-01,172,False,False,False,False,False,False,False,True,False,False,True,False,False,False
15,2025-06-23,3,5.571428571428571,4.4,0,6,0,Tapis de Yoga Antidérapant,29.99,2025-01-01,173,False,False,False,False,False,False,False,True,False,False,True,False,False,False
15,2025-06-25,4,5.285714285714286,4.2,2,6,0,Tapis de Yoga Antidérapant,29.99,2025-01-01,175,False,False,False,False,False,False,False,True,False,False,True,False,False,False
15,2025-06-26,3,5.285714285714286,4.166666666666667,3,6,0,Tapis de Yoga Antidérapant,29.99,2025-01-01,176,False,False,False,False,False,False,False,True,False,False,True,False,False,False
15,2025-06-28,12,5.428571428571429,4.4,5,6,1,Tapis de Yoga Antidérapant,29.99,2025-01-01,178,False,False,False,False,False,False,False,True,False,False,True,False,False,False
